{"assets":{"0B6FE9110EA7ED437D7E833EB23B26C4":{"type":"texture","index":6,"assetRequest":{"type":"slide","state":"contents","slide":"none"},"url":{"native":"assets\/DAD896FB-A458-4521-BD73-0B86333289AF.pdf"},"width":88,"height":88},"B11FB2AD8D6F54FA62E3957DB1E8B7C6":{"type":"texture","index":3,"assetRequest":{"type":"slide","state":"contents","slide":"none"},"url":{"native":"assets\/DAD896FB-A458-4521-BD73-0B86333289AF.pdf"},"width":491,"height":103},"E8D3918E52B6C13991A8DF1F5642773A":{"type":"texture","index":21,"assetRequest":{"type":"slide","state":"contents","slide":"none"},"url":{"native":"assets\/DAD896FB-A458-4521-BD73-0B86333289AF.pdf"},"width":294,"height":233},"5ADDA68868242E2A90038283BB7635A5":{"type":"texture","index":16,"assetRequest":{"type":"slide","state":"contents","slide":"none"},"url":{"native":"assets\/DAD896FB-A458-4521-BD73-0B86333289AF.pdf"},"width":5,"height":67},"05F0C7E4481349A3331B168700D1262F":{"type":"texture","index":22,"assetRequest":{"type":"slide","state":"contents","slide":"none"},"url":{"native":"assets\/DAD896FB-A458-4521-BD73-0B86333289AF.pdf"},"width":21,"height":15},"1EF6E4AB0E4D2C71DA085BA2CF4D522D":{"type":"texture","index":9,"assetRequest":{"type":"slide","state":"contents","slide":"none"},"url":{"native":"assets\/DAD896FB-A458-4521-BD73-0B86333289AF.pdf"},"width":88,"height":88},"905500B23667BEBA88A183D11A05D665":{"type":"texture","index":13,"assetRequest":{"type":"slide","state":"contents","slide":"none"},"url":{"native":"assets\/DAD896FB-A458-4521-BD73-0B86333289AF.pdf"},"width":53,"height":53},"81AF035027FEADF231A4EC0C7E5BC501":{"type":"texture","index":20,"assetRequest":{"type":"slide","state":"contents","slide":"none"},"url":{"native":"assets\/DAD896FB-A458-4521-BD73-0B86333289AF.pdf"},"width":202,"height":112},"AE7856329909AA5659B016B08AA80811":{"type":"texture","index":19,"assetRequest":{"type":"slide","state":"contents","slide":"none"},"url":{"native":"assets\/DAD896FB-A458-4521-BD73-0B86333289AF.pdf"},"width":190,"height":109},"F8C90ACF404CF326F61E9949FBFF63F0":{"type":"texture","index":4,"assetRequest":{"type":"slide","state":"contents","slide":"none"},"url":{"native":"assets\/DAD896FB-A458-4521-BD73-0B86333289AF.pdf"},"width":88,"height":88},"DB97C5FEB1AF70C3D66EE73F577958C0":{"type":"texture","index":10,"assetRequest":{"type":"slide","state":"contents","slide":"none"},"url":{"native":"assets\/DAD896FB-A458-4521-BD73-0B86333289AF.pdf"},"width":88,"height":88},"6A2330DE047385EDC5149D774764767F":{"type":"texture","index":8,"assetRequest":{"type":"slide","state":"contents","slide":"none"},"url":{"native":"assets\/DAD896FB-A458-4521-BD73-0B86333289AF.pdf"},"width":88,"height":88},"3D1BC53DDC90FF17D1A712047859A412":{"type":"texture","index":5,"assetRequest":{"type":"slide","state":"contents","slide":"none"},"url":{"native":"assets\/DAD896FB-A458-4521-BD73-0B86333289AF.pdf"},"width":88,"height":88},"891611A1923BA74E5663F6CFD2559812":{"type":"texture","index":18,"assetRequest":{"type":"slide","state":"contents","slide":"none"},"url":{"native":"assets\/DAD896FB-A458-4521-BD73-0B86333289AF.pdf"},"width":44,"height":60},"D415875F7654AA523B4F1D82DEA96316":{"type":"texture","index":2,"assetRequest":{"type":"slide","state":"contents","slide":"none"},"url":{"native":"assets\/DAD896FB-A458-4521-BD73-0B86333289AF.pdf"},"width":112,"height":64},"82D698745A541495271B1F207226F278":{"type":"texture","index":14,"assetRequest":{"type":"slide","state":"contents","slide":"none"},"url":{"native":"assets\/DAD896FB-A458-4521-BD73-0B86333289AF.pdf"},"width":51,"height":50},"EFFFB068E2D0751FB2624957FE6064F7":{"type":"texture","index":1,"assetRequest":{"type":"slide","state":"contents","slide":"none"},"url":{"native":"assets\/DAD896FB-A458-4521-BD73-0B86333289AF.pdf"},"width":21,"height":14},"E600AA158C5FA647AEA04C4834926BD3":{"type":"texture","index":12,"assetRequest":{"type":"slide","state":"contents","slide":"none"},"url":{"native":"assets\/DAD896FB-A458-4521-BD73-0B86333289AF.pdf"},"width":88,"height":68},"307E22068D43BE146DA870C0905EAC04":{"type":"texture","index":15,"assetRequest":{"type":"slide","state":"contents","slide":"none"},"url":{"native":"assets\/DAD896FB-A458-4521-BD73-0B86333289AF.pdf"},"width":116,"height":69},"1BFAE1EDB7115D81349433E37DDA7D1A":{"type":"texture","index":7,"assetRequest":{"type":"slide","state":"contents","slide":"none"},"url":{"native":"assets\/DAD896FB-A458-4521-BD73-0B86333289AF.pdf"},"width":88,"height":88},"F40F7A3A0F61C38EF41320DD5DD747E3":{"type":"texture","index":11,"assetRequest":{"type":"slide","state":"contents","slide":"none"},"url":{"native":"assets\/DAD896FB-A458-4521-BD73-0B86333289AF.pdf"},"width":88,"height":88},"498E23C82CA78A4BCD7BA88E5243B6FC":{"type":"texture","index":0,"assetRequest":{"type":"slide","state":"contents","slide":"none"},"url":{"native":"assets\/DAD896FB-A458-4521-BD73-0B86333289AF.pdf"},"width":1024,"height":768},"609C61EC8FCEE7F9BBFBDDBB7E193857":{"type":"texture","index":17,"assetRequest":{"type":"slide","state":"contents","slide":"none"},"url":{"native":"assets\/DAD896FB-A458-4521-BD73-0B86333289AF.pdf"},"width":57,"height":56}},"events":[{"effects":[{"beginTime":0,"baseLayer":{"animations":[],"initialState":{"affineTransform":[1,0,0,1,0,0],"masksToBounds":false,"rotation":0,"scale":1,"position":{"pointX":512,"pointY":384},"width":1024,"sublayerTransform":[1,0,0,0,0,1,0,0,0,0,1,0,0,0,0,1],"contentsRect":{"y":0,"x":0,"width":1,"height":1},"opacity":1,"edgeAntialiasingMask":251658240,"height":768,"hidden":false,"anchorPoint":{"pointX":0.5,"pointY":0.5}},"objectID":"0","layers":[{"animations":[],"initialState":{"affineTransform":[1,0,0,1,0,0],"masksToBounds":false,"rotation":0,"scale":1,"position":{"pointX":512,"pointY":384},"width":1024,"sublayerTransform":[1,0,0,0,0,1,0,0,0,0,1,-0.00049229876906403734,0,0,0,1],"contentsRect":{"y":0,"x":0,"width":1,"height":1},"opacity":1,"edgeAntialiasingMask":251658240,"height":768,"hidden":false,"anchorPoint":{"pointX":0.5,"pointY":0.5}},"layers":[{"animations":[],"initialState":{"affineTransform":[1,0,0,1,0,0],"masksToBounds":false,"rotation":0,"scale":1,"position":{"pointX":512,"pointY":384},"width":1024,"sublayerTransform":[1,0,0,0,0,1,0,0,0,0,1,0,0,0,0,1],"contentsRect":{"y":0,"x":0,"width":1,"height":1},"opacity":1,"edgeAntialiasingMask":251658240,"height":768,"hidden":false,"anchorPoint":{"pointX":0.5,"pointY":0.5}},"layers":[{"animations":[{"repeatCount":0,"removedOnCompletion":false,"from":{"scalar":false},"timingFunction":"EaseInEaseOut","additive":false,"timeOffset":0,"autoreverses":false,"property":"hidden","fillMode":"both","duration":2,"beginTime":0,"to":{"scalar":false}}],"layers":[],"texturedRectangle":{"isBackgroundTexture":true,"singleTextureOpacity":1,"textureType":1,"textBaseline":0,"textXHeight":0,"isVerticalText":false},"initialState":{"affineTransform":[1,0,0,1,0,0],"masksToBounds":false,"rotation":0,"scale":1,"position":{"pointX":512,"pointY":384},"width":1024,"sublayerTransform":[1,0,0,0,0,1,0,0,0,0,1,0,0,0,0,1],"contentsRect":{"y":0,"x":0,"width":1,"height":1},"opacity":1,"edgeAntialiasingMask":0,"height":768,"hidden":false,"anchorPoint":{"pointX":0.5,"pointY":0.5}},"texture":"498E23C82CA78A4BCD7BA88E5243B6FC"}]},{"animations":[],"initialState":{"affineTransform":[1,0,0,1,0,0],"masksToBounds":false,"rotation":0,"scale":1,"position":{"pointX":512,"pointY":384},"width":1024,"sublayerTransform":[1,0,0,0,0,1,0,0,0,0,1,0,0,0,0,1],"contentsRect":{"y":0,"x":0,"width":1,"height":1},"opacity":1,"edgeAntialiasingMask":251658240,"height":768,"hidden":false,"anchorPoint":{"pointX":0.5,"pointY":0.5}},"layers":[{"animations":[{"repeatCount":0,"removedOnCompletion":false,"from":{"scalar":1},"timingFunction":"EaseInEaseOut","additive":false,"timeOffset":0,"autoreverses":false,"property":"opacity","fillMode":"both","duration":2,"beginTime":0,"to":{"scalar":0}}],"layers":[],"texturedRectangle":{"isBackgroundTexture":true,"singleTextureOpacity":1,"textureType":1,"textBaseline":0,"textXHeight":0,"isVerticalText":false},"initialState":{"affineTransform":[1,0,0,1,0,0],"masksToBounds":false,"rotation":0,"scale":1,"position":{"pointX":512,"pointY":384},"width":1024,"sublayerTransform":[1,0,0,0,0,1,0,0,0,0,1,0,0,0,0,1],"contentsRect":{"y":0,"x":0,"width":1,"height":1},"opacity":1,"edgeAntialiasingMask":0,"height":768,"hidden":false,"anchorPoint":{"pointX":0.5,"pointY":0.5}},"texture":"498E23C82CA78A4BCD7BA88E5243B6FC"}]}]},{"animations":[],"initialState":{"affineTransform":[1,0,0,1,0,0],"masksToBounds":false,"rotation":0,"scale":1,"position":{"pointX":508.8373381147394,"pointY":739},"width":21,"sublayerTransform":[1,0,0,0,0,1,0,0,0,0,1,0,0,0,0,1],"contentsRect":{"y":0,"x":0,"width":1,"height":1},"opacity":1,"edgeAntialiasingMask":251658240,"height":14,"hidden":false,"anchorPoint":{"pointX":0.5,"pointY":0.5}},"layers":[{"animations":[{"additive":false,"timeOffset":0,"beginTime":0,"repeatCount":0,"fillMode":"both","duration":2,"autoreverses":false,"animations":[{"repeatCount":0,"removedOnCompletion":true,"from":{"pointX":13.162661885260604,"pointY":13},"timingFunction":"EaseInEaseOut","additive":false,"timeOffset":0,"autoreverses":false,"property":"position","fillMode":"both","duration":2,"beginTime":0,"to":{"pointX":2061.1626618852606,"pointY":13}},{"additive":false,"timeOffset":0,"beginTime":0,"from":{"scalar":1},"repeatCount":0,"fillMode":"both","duration":2,"autoreverses":false,"property":"opacity","to":{"scalar":1},"removedOnCompletion":true},{"additive":false,"timeOffset":0,"beginTime":0,"from":{"scalar":false},"repeatCount":0,"fillMode":"both","duration":2,"autoreverses":false,"property":"hidden","to":{"scalar":false},"removedOnCompletion":true}],"removedOnCompletion":false}],"layers":[],"texturedRectangle":{"singleTextureOpacity":1,"textXHeight":0.58742857142857141,"textBaseline":0.8662806919642857,"isBackgroundTexture":false,"isVerticalText":false,"textColor":[0,0,0,1],"textureType":6},"initialState":{"affineTransform":[1,0,0,1,0,0],"masksToBounds":false,"rotation":0,"scale":1,"position":{"pointX":13.162661885260604,"pointY":13},"width":21,"sublayerTransform":[1,0,0,0,0,1,0,0,0,0,1,0,0,0,0,1],"contentsRect":{"y":0,"x":0,"width":1,"height":1},"opacity":1,"edgeAntialiasingMask":0,"height":14,"hidden":false,"anchorPoint":{"pointX":0.5,"pointY":0.5}},"texture":"EFFFB068E2D0751FB2624957FE6064F7"}]},{"animations":[],"initialState":{"affineTransform":[1,0,0,1,0,0],"masksToBounds":false,"rotation":0,"scale":1,"position":{"pointX":93.988380432128906,"pointY":65.756763458251953},"width":112,"sublayerTransform":[1,0,0,0,0,1,0,0,0,0,1,0,0,0,0,1],"contentsRect":{"y":0,"x":0,"width":1,"height":1},"opacity":1,"edgeAntialiasingMask":251658240,"height":64,"hidden":false,"anchorPoint":{"pointX":0.5,"pointY":0.5}},"layers":[{"animations":[{"additive":false,"timeOffset":0,"beginTime":0,"repeatCount":0,"fillMode":"both","duration":2,"autoreverses":false,"animations":[{"repeatCount":0,"removedOnCompletion":true,"from":{"pointX":-938.98838043212891,"pointY":60.243236541748047},"timingFunction":"EaseInEaseOut","additive":false,"timeOffset":0,"autoreverses":false,"property":"position","fillMode":"both","duration":2,"beginTime":0,"to":{"pointX":85.011619567871094,"pointY":60.243236541748047}},{"additive":false,"timeOffset":0,"beginTime":0,"from":{"scalar":1},"repeatCount":0,"fillMode":"both","duration":2,"autoreverses":false,"property":"opacity","to":{"scalar":1},"removedOnCompletion":true},{"additive":false,"timeOffset":0,"beginTime":0,"from":{"scalar":false},"repeatCount":0,"fillMode":"both","duration":2,"autoreverses":false,"property":"hidden","to":{"scalar":false},"removedOnCompletion":true}],"removedOnCompletion":false}],"layers":[],"texturedRectangle":{"singleTextureOpacity":1,"textXHeight":0.67410220994475134,"textBaseline":0.94202834367752075,"isBackgroundTexture":false,"isVerticalText":false,"textColor":[0,0,0,1],"textureType":6},"initialState":{"affineTransform":[1,0,0,1,0,0],"masksToBounds":false,"rotation":0,"scale":1,"position":{"pointX":85.011619567871094,"pointY":60.243236541748047},"width":112,"sublayerTransform":[1,0,0,0,0,1,0,0,0,0,1,0,0,0,0,1],"contentsRect":{"y":0,"x":0,"width":1,"height":1},"opacity":1,"edgeAntialiasingMask":0,"height":64,"hidden":true,"anchorPoint":{"pointX":0.5,"pointY":0.5}},"texture":"D415875F7654AA523B4F1D82DEA96316"}]},{"animations":[],"initialState":{"affineTransform":[1,0,0,1,0,0],"masksToBounds":false,"rotation":0,"scale":1,"position":{"pointX":750.02102661132812,"pointY":82.256763458251953},"width":491,"sublayerTransform":[1,0,0,0,0,1,0,0,0,0,1,0,0,0,0,1],"contentsRect":{"y":0,"x":0,"width":1,"height":1},"opacity":1,"edgeAntialiasingMask":251658240,"height":103,"hidden":false,"anchorPoint":{"pointX":0.5,"pointY":0.5}},"layers":[{"animations":[{"additive":false,"timeOffset":0,"beginTime":0,"repeatCount":0,"fillMode":"both","duration":2,"autoreverses":false,"animations":[{"repeatCount":0,"removedOnCompletion":true,"from":{"pointX":-831.22102661132817,"pointY":49.743236541748047},"timingFunction":"EaseInEaseOut","additive":false,"timeOffset":0,"autoreverses":false,"property":"position","fillMode":"both","duration":2,"beginTime":0,"to":{"pointX":243.97897338867188,"pointY":49.743236541748047}},{"additive":false,"timeOffset":0,"beginTime":0,"from":{"scalar":1},"repeatCount":0,"fillMode":"both","duration":2,"autoreverses":false,"property":"opacity","to":{"scalar":1},"removedOnCompletion":true},{"additive":false,"timeOffset":0,"beginTime":0,"from":{"scalar":false},"repeatCount":0,"fillMode":"both","duration":2,"autoreverses":false,"property":"hidden","to":{"scalar":false},"removedOnCompletion":true}],"removedOnCompletion":false}],"layers":[],"texturedRectangle":{"singleTextureOpacity":1,"textXHeight":0,"shapePath":{"lineWidth":1,"flatness":0.59999999999999998,"lineCapStyle":0,"elements":[{"type":"MoveToPoint","points":[[4.521026611328125,4.7567634582519531]]},{"type":"AddLine","points":[[486.07293701171875,4.7567634582519531]]},{"type":"AddLine","points":[[486.07293701171875,98.819301605224609]]},{"type":"AddLine","points":[[4.521026611328125,98.819301605224609]]},{"type":"CloseSubpath"},{"type":"MoveToPoint","points":[[4.521026611328125,4.7567634582519531]]}],"windingRule":0,"lineJoinStyle":0,"miterLimit":10},"isBackgroundTexture":true,"textBaseline":0,"isVerticalText":false,"textureType":5},"initialState":{"affineTransform":[1,0,0,1,0,0],"masksToBounds":false,"rotation":0,"scale":1,"position":{"pointX":243.97897338867188,"pointY":49.743236541748047},"width":491,"sublayerTransform":[1,0,0,0,0,1,0,0,0,0,1,0,0,0,0,1],"contentsRect":{"y":0,"x":0,"width":1,"height":1},"opacity":1,"edgeAntialiasingMask":0,"height":103,"hidden":true,"anchorPoint":{"pointX":0.5,"pointY":0.5}},"texture":"B11FB2AD8D6F54FA62E3957DB1E8B7C6"}]},{"animations":[],"initialState":{"affineTransform":[1,0,0,1,0,0],"masksToBounds":false,"rotation":0,"scale":1,"position":{"pointX":356.69049072265625,"pointY":244.53305053710938},"width":88,"sublayerTransform":[1,0,0,0,0,1,0,0,0,0,1,0,0,0,0,1],"contentsRect":{"y":0,"x":0,"width":1,"height":1},"opacity":0.82384157180786133,"edgeAntialiasingMask":251658240,"height":88,"hidden":false,"anchorPoint":{"pointX":0.5,"pointY":0.5}},"layers":[{"animations":[{"additive":false,"timeOffset":0,"beginTime":0,"repeatCount":0,"fillMode":"both","duration":2,"autoreverses":false,"animations":[{"repeatCount":0,"removedOnCompletion":true,"from":{"pointX":-1084.0904907226563,"pointY":42.466949462890625},"timingFunction":"EaseInEaseOut","additive":false,"timeOffset":0,"autoreverses":false,"property":"position","fillMode":"both","duration":2,"beginTime":0,"to":{"pointX":42.30950927734375,"pointY":42.466949462890625}},{"additive":false,"timeOffset":0,"beginTime":0,"from":{"scalar":1},"repeatCount":0,"fillMode":"both","duration":2,"autoreverses":false,"property":"opacity","to":{"scalar":1},"removedOnCompletion":true},{"additive":false,"timeOffset":0,"beginTime":0,"from":{"scalar":false},"repeatCount":0,"fillMode":"both","duration":2,"autoreverses":false,"property":"hidden","to":{"scalar":false},"removedOnCompletion":true}],"removedOnCompletion":false}],"layers":[],"texturedRectangle":{"singleTextureOpacity":0.82384157180786133,"textXHeight":0,"shapePath":{"lineWidth":1,"flatness":0.59999999999999998,"lineCapStyle":0,"elements":[{"type":"MoveToPoint","points":[[74.242530822753906,13.981012344360352]]},{"type":"AddCurve","points":[[90.839813232421875,30.57829475402832],[90.839813232421875,57.487808227539062],[74.242530822753906,74.085090637207031]]},{"type":"AddCurve","points":[[57.645248413085938,90.682373046875],[30.735734939575195,90.682373046875],[14.138452529907227,74.085090637207031]]},{"type":"AddCurve","points":[[-2.4588298797607422,57.487808227539062],[-2.4588298797607422,30.57829475402832],[14.138452529907227,13.981012344360352]]},{"type":"AddCurve","points":[[30.735734939575195,-2.6162700653076172],[57.645248413085938,-2.6162700653076172],[74.242530822753906,13.981012344360352]]},{"type":"CloseSubpath"},{"type":"MoveToPoint","points":[[74.242530822753906,13.981012344360352]]}],"windingRule":0,"lineJoinStyle":0,"miterLimit":10},"isBackgroundTexture":true,"textBaseline":0,"isVerticalText":false,"textureType":5},"initialState":{"affineTransform":[1,0,0,1,0,0],"masksToBounds":false,"rotation":0,"scale":1,"position":{"pointX":42.30950927734375,"pointY":42.466949462890625},"width":88,"sublayerTransform":[1,0,0,0,0,1,0,0,0,0,1,0,0,0,0,1],"contentsRect":{"y":0,"x":0,"width":1,"height":1},"opacity":1,"edgeAntialiasingMask":0,"height":88,"hidden":true,"anchorPoint":{"pointX":0.5,"pointY":0.5}},"texture":"F8C90ACF404CF326F61E9949FBFF63F0"}]},{"animations":[],"initialState":{"affineTransform":[1,0,0,1,0,0],"masksToBounds":false,"rotation":0,"scale":1,"position":{"pointX":530.2103271484375,"pointY":244.53305053710938},"width":88,"sublayerTransform":[1,0,0,0,0,1,0,0,0,0,1,0,0,0,0,1],"contentsRect":{"y":0,"x":0,"width":1,"height":1},"opacity":0.82384157180786133,"edgeAntialiasingMask":251658240,"height":88,"hidden":false,"anchorPoint":{"pointX":0.5,"pointY":0.5}},"layers":[{"animations":[{"additive":false,"timeOffset":0,"beginTime":0,"repeatCount":0,"fillMode":"both","duration":2,"autoreverses":false,"animations":[{"repeatCount":0,"removedOnCompletion":true,"from":{"pointX":-1134.8103271484374,"pointY":42.466949462890625},"timingFunction":"EaseInEaseOut","additive":false,"timeOffset":0,"autoreverses":false,"property":"position","fillMode":"both","duration":2,"beginTime":0,"to":{"pointX":42.7896728515625,"pointY":42.466949462890625}},{"additive":false,"timeOffset":0,"beginTime":0,"from":{"scalar":1},"repeatCount":0,"fillMode":"both","duration":2,"autoreverses":false,"property":"opacity","to":{"scalar":1},"removedOnCompletion":true},{"additive":false,"timeOffset":0,"beginTime":0,"from":{"scalar":false},"repeatCount":0,"fillMode":"both","duration":2,"autoreverses":false,"property":"hidden","to":{"scalar":false},"removedOnCompletion":true}],"removedOnCompletion":false}],"layers":[],"texturedRectangle":{"singleTextureOpacity":0.82384157180786133,"textXHeight":0,"shapePath":{"lineWidth":1,"flatness":0.59999999999999998,"lineCapStyle":0,"elements":[{"type":"MoveToPoint","points":[[73.762359619140625,13.981012344360352]]},{"type":"AddCurve","points":[[90.359649658203125,30.57829475402832],[90.359649658203125,57.487804412841797],[73.762359619140625,74.0850830078125]]},{"type":"AddCurve","points":[[57.165081024169922,90.682373046875],[30.255571365356445,90.682373046875],[13.658288955688477,74.0850830078125]]},{"type":"AddCurve","points":[[-2.9389934539794922,57.487804412841797],[-2.9389934539794922,30.57829475402832],[13.658288955688477,13.981012344360352]]},{"type":"AddCurve","points":[[30.255571365356445,-2.6162700653076172],[57.165081024169922,-2.6162700653076172],[73.762359619140625,13.981012344360352]]},{"type":"CloseSubpath"},{"type":"MoveToPoint","points":[[73.762359619140625,13.981012344360352]]}],"windingRule":0,"lineJoinStyle":0,"miterLimit":10},"isBackgroundTexture":true,"textBaseline":0,"isVerticalText":false,"textureType":5},"initialState":{"affineTransform":[1,0,0,1,0,0],"masksToBounds":false,"rotation":0,"scale":1,"position":{"pointX":42.7896728515625,"pointY":42.466949462890625},"width":88,"sublayerTransform":[1,0,0,0,0,1,0,0,0,0,1,0,0,0,0,1],"contentsRect":{"y":0,"x":0,"width":1,"height":1},"opacity":1,"edgeAntialiasingMask":0,"height":88,"hidden":true,"anchorPoint":{"pointX":0.5,"pointY":0.5}},"texture":"3D1BC53DDC90FF17D1A712047859A412"}]},{"animations":[],"initialState":{"affineTransform":[1,0,0,1,0,0],"masksToBounds":false,"rotation":0,"scale":1,"position":{"pointX":446.37530517578125,"pointY":363.66958618164062},"width":88,"sublayerTransform":[1,0,0,0,0,1,0,0,0,0,1,0,0,0,0,1],"contentsRect":{"y":0,"x":0,"width":1,"height":1},"opacity":0.82384157180786133,"edgeAntialiasingMask":251658240,"height":88,"hidden":false,"anchorPoint":{"pointX":0.5,"pointY":0.5}},"layers":[{"animations":[{"additive":false,"timeOffset":0,"beginTime":0,"repeatCount":0,"fillMode":"both","duration":2,"autoreverses":false,"animations":[{"repeatCount":0,"removedOnCompletion":true,"from":{"pointX":-1186.1753051757812,"pointY":42.330413818359375},"timingFunction":"EaseInEaseOut","additive":false,"timeOffset":0,"autoreverses":false,"property":"position","fillMode":"both","duration":2,"beginTime":0,"to":{"pointX":42.62469482421875,"pointY":42.330413818359375}},{"additive":false,"timeOffset":0,"beginTime":0,"from":{"scalar":1},"repeatCount":0,"fillMode":"both","duration":2,"autoreverses":false,"property":"opacity","to":{"scalar":1},"removedOnCompletion":true},{"additive":false,"timeOffset":0,"beginTime":0,"from":{"scalar":false},"repeatCount":0,"fillMode":"both","duration":2,"autoreverses":false,"property":"hidden","to":{"scalar":false},"removedOnCompletion":true}],"removedOnCompletion":false}],"layers":[],"texturedRectangle":{"singleTextureOpacity":0.82384157180786133,"textXHeight":0,"shapePath":{"lineWidth":1,"flatness":0.59999999999999998,"lineCapStyle":0,"elements":[{"type":"MoveToPoint","points":[[73.927337646484375,14.117547988891602]]},{"type":"AddCurve","points":[[90.524627685546875,30.71483039855957],[90.524627685546875,57.624340057373047],[73.927337646484375,74.22161865234375]]},{"type":"AddCurve","points":[[57.330059051513672,90.81890869140625],[30.420549392700195,90.81890869140625],[13.823266983032227,74.22161865234375]]},{"type":"AddCurve","points":[[-2.7740154266357422,57.624340057373047],[-2.7740154266357422,30.71483039855957],[13.823266983032227,14.117547988891602]]},{"type":"AddCurve","points":[[30.420549392700195,-2.4797344207763672],[57.330059051513672,-2.4797344207763672],[73.927337646484375,14.117547988891602]]},{"type":"CloseSubpath"},{"type":"MoveToPoint","points":[[73.927337646484375,14.117547988891602]]}],"windingRule":0,"lineJoinStyle":0,"miterLimit":10},"isBackgroundTexture":true,"textBaseline":0,"isVerticalText":false,"textureType":5},"initialState":{"affineTransform":[1,0,0,1,0,0],"masksToBounds":false,"rotation":0,"scale":1,"position":{"pointX":42.62469482421875,"pointY":42.330413818359375},"width":88,"sublayerTransform":[1,0,0,0,0,1,0,0,0,0,1,0,0,0,0,1],"contentsRect":{"y":0,"x":0,"width":1,"height":1},"opacity":1,"edgeAntialiasingMask":0,"height":88,"hidden":true,"anchorPoint":{"pointX":0.5,"pointY":0.5}},"texture":"0B6FE9110EA7ED437D7E833EB23B26C4"}]},{"animations":[],"initialState":{"affineTransform":[1,0,0,1,0,0],"masksToBounds":false,"rotation":0,"scale":1,"position":{"pointX":215.10249328613281,"pointY":363.66958618164062},"width":88,"sublayerTransform":[1,0,0,0,0,1,0,0,0,0,1,0,0,0,0,1],"contentsRect":{"y":0,"x":0,"width":1,"height":1},"opacity":0.82384157180786133,"edgeAntialiasingMask":251658240,"height":88,"hidden":false,"anchorPoint":{"pointX":0.5,"pointY":0.5}},"layers":[{"animations":[{"additive":false,"timeOffset":0,"beginTime":0,"repeatCount":0,"fillMode":"both","duration":2,"autoreverses":false,"animations":[{"repeatCount":0,"removedOnCompletion":true,"from":{"pointX":-1237.1024932861328,"pointY":42.330413818359375},"timingFunction":"EaseInEaseOut","additive":false,"timeOffset":0,"autoreverses":false,"property":"position","fillMode":"both","duration":2,"beginTime":0,"to":{"pointX":42.897506713867188,"pointY":42.330413818359375}},{"additive":false,"timeOffset":0,"beginTime":0,"from":{"scalar":1},"repeatCount":0,"fillMode":"both","duration":2,"autoreverses":false,"property":"opacity","to":{"scalar":1},"removedOnCompletion":true},{"additive":false,"timeOffset":0,"beginTime":0,"from":{"scalar":false},"repeatCount":0,"fillMode":"both","duration":2,"autoreverses":false,"property":"hidden","to":{"scalar":false},"removedOnCompletion":true}],"removedOnCompletion":false}],"layers":[],"texturedRectangle":{"singleTextureOpacity":0.82384157180786133,"textXHeight":0,"shapePath":{"lineWidth":1,"flatness":0.59999999999999998,"lineCapStyle":0,"elements":[{"type":"MoveToPoint","points":[[73.654525756835938,14.117547988891602]]},{"type":"AddCurve","points":[[90.251815795898438,30.71483039855957],[90.251815795898438,57.624340057373047],[73.654525756835938,74.22161865234375]]},{"type":"AddCurve","points":[[57.057247161865234,90.81890869140625],[30.147737503051758,90.81890869140625],[13.550455093383789,74.22161865234375]]},{"type":"AddCurve","points":[[-3.0468273162841797,57.624340057373047],[-3.0468273162841797,30.71483039855957],[13.550455093383789,14.117547988891602]]},{"type":"AddCurve","points":[[30.147737503051758,-2.4797344207763672],[57.057247161865234,-2.4797344207763672],[73.654525756835938,14.117547988891602]]},{"type":"CloseSubpath"},{"type":"MoveToPoint","points":[[73.654525756835938,14.117547988891602]]}],"windingRule":0,"lineJoinStyle":0,"miterLimit":10},"isBackgroundTexture":true,"textBaseline":0,"isVerticalText":false,"textureType":5},"initialState":{"affineTransform":[1,0,0,1,0,0],"masksToBounds":false,"rotation":0,"scale":1,"position":{"pointX":42.897506713867188,"pointY":42.330413818359375},"width":88,"sublayerTransform":[1,0,0,0,0,1,0,0,0,0,1,0,0,0,0,1],"contentsRect":{"y":0,"x":0,"width":1,"height":1},"opacity":1,"edgeAntialiasingMask":0,"height":88,"hidden":true,"anchorPoint":{"pointX":0.5,"pointY":0.5}},"texture":"1BFAE1EDB7115D81349433E37DDA7D1A"}]},{"animations":[],"initialState":{"affineTransform":[1,0,0,1,0,0],"masksToBounds":false,"rotation":0,"scale":1,"position":{"pointX":688.7498779296875,"pointY":363.66958618164062},"width":88,"sublayerTransform":[1,0,0,0,0,1,0,0,0,0,1,0,0,0,0,1],"contentsRect":{"y":0,"x":0,"width":1,"height":1},"opacity":0.82384157180786133,"edgeAntialiasingMask":251658240,"height":88,"hidden":false,"anchorPoint":{"pointX":0.5,"pointY":0.5}},"layers":[{"animations":[{"additive":false,"timeOffset":0,"beginTime":0,"repeatCount":0,"fillMode":"both","duration":2,"autoreverses":false,"animations":[{"repeatCount":0,"removedOnCompletion":true,"from":{"pointX":-1288.9498779296875,"pointY":42.330413818359375},"timingFunction":"EaseInEaseOut","additive":false,"timeOffset":0,"autoreverses":false,"property":"position","fillMode":"both","duration":2,"beginTime":0,"to":{"pointX":42.2501220703125,"pointY":42.330413818359375}},{"additive":false,"timeOffset":0,"beginTime":0,"from":{"scalar":1},"repeatCount":0,"fillMode":"both","duration":2,"autoreverses":false,"property":"opacity","to":{"scalar":1},"removedOnCompletion":true},{"additive":false,"timeOffset":0,"beginTime":0,"from":{"scalar":false},"repeatCount":0,"fillMode":"both","duration":2,"autoreverses":false,"property":"hidden","to":{"scalar":false},"removedOnCompletion":true}],"removedOnCompletion":false}],"layers":[],"texturedRectangle":{"singleTextureOpacity":0.82384157180786133,"textXHeight":0,"shapePath":{"lineWidth":1,"flatness":0.59999999999999998,"lineCapStyle":0,"elements":[{"type":"MoveToPoint","points":[[74.301910400390625,14.117547988891602]]},{"type":"AddCurve","points":[[90.899200439453125,30.71483039855957],[90.899200439453125,57.624340057373047],[74.301910400390625,74.22161865234375]]},{"type":"AddCurve","points":[[57.704631805419922,90.81890869140625],[30.795122146606445,90.81890869140625],[14.197839736938477,74.22161865234375]]},{"type":"AddCurve","points":[[-2.3994426727294922,57.624340057373047],[-2.3994426727294922,30.71483039855957],[14.197839736938477,14.117547988891602]]},{"type":"AddCurve","points":[[30.795122146606445,-2.4797344207763672],[57.704631805419922,-2.4797344207763672],[74.301910400390625,14.117547988891602]]},{"type":"CloseSubpath"},{"type":"MoveToPoint","points":[[74.301910400390625,14.117547988891602]]}],"windingRule":0,"lineJoinStyle":0,"miterLimit":10},"isBackgroundTexture":true,"textBaseline":0,"isVerticalText":false,"textureType":5},"initialState":{"affineTransform":[1,0,0,1,0,0],"masksToBounds":false,"rotation":0,"scale":1,"position":{"pointX":42.2501220703125,"pointY":42.330413818359375},"width":88,"sublayerTransform":[1,0,0,0,0,1,0,0,0,0,1,0,0,0,0,1],"contentsRect":{"y":0,"x":0,"width":1,"height":1},"opacity":1,"edgeAntialiasingMask":0,"height":88,"hidden":true,"anchorPoint":{"pointX":0.5,"pointY":0.5}},"texture":"6A2330DE047385EDC5149D774764767F"}]},{"animations":[],"initialState":{"affineTransform":[1,0,0,1,0,0],"masksToBounds":false,"rotation":0,"scale":1,"position":{"pointX":446.37530517578125,"pointY":512.63919067382812},"width":88,"sublayerTransform":[1,0,0,0,0,1,0,0,0,0,1,0,0,0,0,1],"contentsRect":{"y":0,"x":0,"width":1,"height":1},"opacity":0.82384157180786133,"edgeAntialiasingMask":251658240,"height":88,"hidden":false,"anchorPoint":{"pointX":0.5,"pointY":0.5}},"layers":[{"animations":[{"additive":false,"timeOffset":0,"beginTime":0,"repeatCount":0,"fillMode":"both","duration":2,"autoreverses":false,"animations":[{"repeatCount":0,"removedOnCompletion":true,"from":{"pointX":-1339.7753051757813,"pointY":42.360809326171875},"timingFunction":"EaseInEaseOut","additive":false,"timeOffset":0,"autoreverses":false,"property":"position","fillMode":"both","duration":2,"beginTime":0,"to":{"pointX":42.62469482421875,"pointY":42.360809326171875}},{"additive":false,"timeOffset":0,"beginTime":0,"from":{"scalar":1},"repeatCount":0,"fillMode":"both","duration":2,"autoreverses":false,"property":"opacity","to":{"scalar":1},"removedOnCompletion":true},{"additive":false,"timeOffset":0,"beginTime":0,"from":{"scalar":false},"repeatCount":0,"fillMode":"both","duration":2,"autoreverses":false,"property":"hidden","to":{"scalar":false},"removedOnCompletion":true}],"removedOnCompletion":false}],"layers":[],"texturedRectangle":{"singleTextureOpacity":0.82384157180786133,"textXHeight":0,"shapePath":{"lineWidth":1,"flatness":0.59999999999999998,"lineCapStyle":0,"elements":[{"type":"MoveToPoint","points":[[73.927337646484375,14.087152481079102]]},{"type":"AddCurve","points":[[90.524627685546875,30.68443489074707],[90.524627685546875,57.593944549560547],[73.927337646484375,74.19122314453125]]},{"type":"AddCurve","points":[[57.330059051513672,90.78851318359375],[30.420549392700195,90.78851318359375],[13.823266983032227,74.19122314453125]]},{"type":"AddCurve","points":[[-2.7740154266357422,57.593944549560547],[-2.7740154266357422,30.68443489074707],[13.823266983032227,14.087152481079102]]},{"type":"AddCurve","points":[[30.420549392700195,-2.5101299285888672],[57.330059051513672,-2.5101299285888672],[73.927337646484375,14.087152481079102]]},{"type":"CloseSubpath"},{"type":"MoveToPoint","points":[[73.927337646484375,14.087152481079102]]}],"windingRule":0,"lineJoinStyle":0,"miterLimit":10},"isBackgroundTexture":true,"textBaseline":0,"isVerticalText":false,"textureType":5},"initialState":{"affineTransform":[1,0,0,1,0,0],"masksToBounds":false,"rotation":0,"scale":1,"position":{"pointX":42.62469482421875,"pointY":42.360809326171875},"width":88,"sublayerTransform":[1,0,0,0,0,1,0,0,0,0,1,0,0,0,0,1],"contentsRect":{"y":0,"x":0,"width":1,"height":1},"opacity":1,"edgeAntialiasingMask":0,"height":88,"hidden":true,"anchorPoint":{"pointX":0.5,"pointY":0.5}},"texture":"1EF6E4AB0E4D2C71DA085BA2CF4D522D"}]},{"animations":[],"initialState":{"affineTransform":[1,0,0,1,0,0],"masksToBounds":false,"rotation":0,"scale":1,"position":{"pointX":356.69049072265625,"pointY":640.46697998046875},"width":88,"sublayerTransform":[1,0,0,0,0,1,0,0,0,0,1,0,0,0,0,1],"contentsRect":{"y":0,"x":0,"width":1,"height":1},"opacity":0.82384157180786133,"edgeAntialiasingMask":251658240,"height":88,"hidden":false,"anchorPoint":{"pointX":0.5,"pointY":0.5}},"layers":[{"animations":[{"additive":false,"timeOffset":0,"beginTime":0,"repeatCount":0,"fillMode":"both","duration":2,"autoreverses":false,"animations":[{"repeatCount":0,"removedOnCompletion":true,"from":{"pointX":-1391.2904907226562,"pointY":42.53302001953125},"timingFunction":"EaseInEaseOut","additive":false,"timeOffset":0,"autoreverses":false,"property":"position","fillMode":"both","duration":2,"beginTime":0,"to":{"pointX":42.30950927734375,"pointY":42.53302001953125}},{"additive":false,"timeOffset":0,"beginTime":0,"from":{"scalar":1},"repeatCount":0,"fillMode":"both","duration":2,"autoreverses":false,"property":"opacity","to":{"scalar":1},"removedOnCompletion":true},{"additive":false,"timeOffset":0,"beginTime":0,"from":{"scalar":false},"repeatCount":0,"fillMode":"both","duration":2,"autoreverses":false,"property":"hidden","to":{"scalar":false},"removedOnCompletion":true}],"removedOnCompletion":false}],"layers":[],"texturedRectangle":{"singleTextureOpacity":0.82384157180786133,"textXHeight":0,"shapePath":{"lineWidth":1,"flatness":0.59999999999999998,"lineCapStyle":0,"elements":[{"type":"MoveToPoint","points":[[74.242523193359375,13.914941787719727]]},{"type":"AddCurve","points":[[90.839813232421875,30.512224197387695],[90.839813232421875,57.421733856201172],[74.242523193359375,74.019012451171875]]},{"type":"AddCurve","points":[[57.645244598388672,90.616302490234375],[30.735734939575195,90.616302490234375],[14.138452529907227,74.019012451171875]]},{"type":"AddCurve","points":[[-2.4588298797607422,57.421733856201172],[-2.4588298797607422,30.512224197387695],[14.138452529907227,13.914941787719727]]},{"type":"AddCurve","points":[[30.735734939575195,-2.6823406219482422],[57.645244598388672,-2.6823406219482422],[74.242523193359375,13.914941787719727]]},{"type":"CloseSubpath"},{"type":"MoveToPoint","points":[[74.242523193359375,13.914941787719727]]}],"windingRule":0,"lineJoinStyle":0,"miterLimit":10},"isBackgroundTexture":true,"textBaseline":0,"isVerticalText":false,"textureType":5},"initialState":{"affineTransform":[1,0,0,1,0,0],"masksToBounds":false,"rotation":0,"scale":1,"position":{"pointX":42.30950927734375,"pointY":42.53302001953125},"width":88,"sublayerTransform":[1,0,0,0,0,1,0,0,0,0,1,0,0,0,0,1],"contentsRect":{"y":0,"x":0,"width":1,"height":1},"opacity":1,"edgeAntialiasingMask":0,"height":88,"hidden":true,"anchorPoint":{"pointX":0.5,"pointY":0.5}},"texture":"DB97C5FEB1AF70C3D66EE73F577958C0"}]},{"animations":[],"initialState":{"affineTransform":[1,0,0,1,0,0],"masksToBounds":false,"rotation":0,"scale":1,"position":{"pointX":530.2103271484375,"pointY":640.46697998046875},"width":88,"sublayerTransform":[1,0,0,0,0,1,0,0,0,0,1,0,0,0,0,1],"contentsRect":{"y":0,"x":0,"width":1,"height":1},"opacity":0.82384157180786133,"edgeAntialiasingMask":251658240,"height":88,"hidden":false,"anchorPoint":{"pointX":0.5,"pointY":0.5}},"layers":[{"animations":[{"additive":false,"timeOffset":0,"beginTime":0,"repeatCount":0,"fillMode":"both","duration":2,"autoreverses":false,"animations":[{"repeatCount":0,"removedOnCompletion":true,"from":{"pointX":-1442.0103271484375,"pointY":42.53302001953125},"timingFunction":"EaseInEaseOut","additive":false,"timeOffset":0,"autoreverses":false,"property":"position","fillMode":"both","duration":2,"beginTime":0,"to":{"pointX":42.7896728515625,"pointY":42.53302001953125}},{"additive":false,"timeOffset":0,"beginTime":0,"from":{"scalar":1},"repeatCount":0,"fillMode":"both","duration":2,"autoreverses":false,"property":"opacity","to":{"scalar":1},"removedOnCompletion":true},{"additive":false,"timeOffset":0,"beginTime":0,"from":{"scalar":false},"repeatCount":0,"fillMode":"both","duration":2,"autoreverses":false,"property":"hidden","to":{"scalar":false},"removedOnCompletion":true}],"removedOnCompletion":false}],"layers":[],"texturedRectangle":{"singleTextureOpacity":0.82384157180786133,"textXHeight":0,"shapePath":{"lineWidth":1,"flatness":0.59999999999999998,"lineCapStyle":0,"elements":[{"type":"MoveToPoint","points":[[73.762359619140625,13.914941787719727]]},{"type":"AddCurve","points":[[90.359649658203125,30.512224197387695],[90.359649658203125,57.421733856201172],[73.762359619140625,74.019012451171875]]},{"type":"AddCurve","points":[[57.165081024169922,90.616302490234375],[30.255571365356445,90.616302490234375],[13.658288955688477,74.019012451171875]]},{"type":"AddCurve","points":[[-2.9389934539794922,57.421733856201172],[-2.9389934539794922,30.512224197387695],[13.658288955688477,13.914941787719727]]},{"type":"AddCurve","points":[[30.255571365356445,-2.6823406219482422],[57.165081024169922,-2.6823406219482422],[73.762359619140625,13.914941787719727]]},{"type":"CloseSubpath"},{"type":"MoveToPoint","points":[[73.762359619140625,13.914941787719727]]}],"windingRule":0,"lineJoinStyle":0,"miterLimit":10},"isBackgroundTexture":true,"textBaseline":0,"isVerticalText":false,"textureType":5},"initialState":{"affineTransform":[1,0,0,1,0,0],"masksToBounds":false,"rotation":0,"scale":1,"position":{"pointX":42.7896728515625,"pointY":42.53302001953125},"width":88,"sublayerTransform":[1,0,0,0,0,1,0,0,0,0,1,0,0,0,0,1],"contentsRect":{"y":0,"x":0,"width":1,"height":1},"opacity":1,"edgeAntialiasingMask":0,"height":88,"hidden":true,"anchorPoint":{"pointX":0.5,"pointY":0.5}},"texture":"F40F7A3A0F61C38EF41320DD5DD747E3"}]},{"animations":[],"initialState":{"affineTransform":[1,0,0,1,0,0],"masksToBounds":false,"rotation":0,"scale":1,"position":{"pointX":283.68853441946612,"pointY":300.81183053826999},"width":88,"sublayerTransform":[1,0,0,0,0,1,0,0,0,0,1,0,0,0,0,1],"contentsRect":{"y":0,"x":0,"width":1,"height":1},"opacity":0.82384157180786133,"edgeAntialiasingMask":251658240,"height":68,"hidden":false,"anchorPoint":{"pointX":0.5,"pointY":0.5}},"layers":[{"animations":[{"additive":false,"timeOffset":0,"beginTime":0,"repeatCount":0,"fillMode":"both","duration":2,"autoreverses":false,"animations":[{"repeatCount":0,"removedOnCompletion":true,"from":{"pointX":-1493.6885344194661,"pointY":32.188169461730013},"timingFunction":"EaseInEaseOut","additive":false,"timeOffset":0,"autoreverses":false,"property":"position","fillMode":"both","duration":2,"beginTime":0,"to":{"pointX":42.311465580533849,"pointY":32.188169461730013}},{"additive":false,"timeOffset":0,"beginTime":0,"from":{"scalar":1},"repeatCount":0,"fillMode":"both","duration":2,"autoreverses":false,"property":"opacity","to":{"scalar":1},"removedOnCompletion":true},{"additive":false,"timeOffset":0,"beginTime":0,"from":{"scalar":false},"repeatCount":0,"fillMode":"both","duration":2,"autoreverses":false,"property":"hidden","to":{"scalar":false},"removedOnCompletion":true}],"removedOnCompletion":false}],"layers":[],"texturedRectangle":{"singleTextureOpacity":0.82384157180786133,"textXHeight":0,"shapePath":{"lineWidth":1,"flatness":0.59999999999999998,"lineCapStyle":0,"elements":[{"type":"MoveToPoint","points":[[2.2880850257003544,65.414870220527575]]},{"type":"AddLine","points":[[86.123071966140401,2.6121673864559511]]}],"windingRule":0,"lineJoinStyle":0,"miterLimit":10},"isBackgroundTexture":true,"textBaseline":0,"isVerticalText":false,"textureType":5},"initialState":{"affineTransform":[1,0,0,1,0,0],"masksToBounds":false,"rotation":0,"scale":1,"position":{"pointX":42.311465580533849,"pointY":32.188169461730013},"width":88,"sublayerTransform":[1,0,0,0,0,1,0,0,0,0,1,0,0,0,0,1],"contentsRect":{"y":0,"x":0,"width":1,"height":1},"opacity":1,"edgeAntialiasingMask":0,"height":68,"hidden":true,"anchorPoint":{"pointX":0.5,"pointY":0.5}},"texture":"E600AA158C5FA647AEA04C4834926BD3"}]},{"animations":[],"initialState":{"affineTransform":[1,0,0,1,0,0],"masksToBounds":false,"rotation":0,"scale":1,"position":{"pointX":406.67689258962912,"pointY":297.87281544119162},"width":53,"sublayerTransform":[1,0,0,0,0,1,0,0,0,0,1,0,0,0,0,1],"contentsRect":{"y":0,"x":0,"width":1,"height":1},"opacity":0.82384157180786133,"edgeAntialiasingMask":251658240,"height":53,"hidden":false,"anchorPoint":{"pointX":0.5,"pointY":0.5}},"layers":[{"animations":[{"additive":false,"timeOffset":0,"beginTime":0,"repeatCount":0,"fillMode":"both","duration":2,"autoreverses":false,"animations":[{"repeatCount":0,"removedOnCompletion":true,"from":{"pointX":-1561.8768925896293,"pointY":25.127184558808381},"timingFunction":"EaseInEaseOut","additive":false,"timeOffset":0,"autoreverses":false,"property":"position","fillMode":"both","duration":2,"beginTime":0,"to":{"pointX":25.323107410370881,"pointY":25.127184558808381}},{"additive":false,"timeOffset":0,"beginTime":0,"from":{"scalar":1},"repeatCount":0,"fillMode":"both","duration":2,"autoreverses":false,"property":"opacity","to":{"scalar":1},"removedOnCompletion":true},{"additive":false,"timeOffset":0,"beginTime":0,"from":{"scalar":false},"repeatCount":0,"fillMode":"both","duration":2,"autoreverses":false,"property":"hidden","to":{"scalar":false},"removedOnCompletion":true}],"removedOnCompletion":false}],"layers":[],"texturedRectangle":{"singleTextureOpacity":0.82384157180786133,"textXHeight":0,"shapePath":{"lineWidth":1,"flatness":0.59999999999999998,"lineCapStyle":0,"elements":[{"type":"MoveToPoint","points":[[51.04898298843284,51.24490583999534]]},{"type":"AddLine","points":[[1.8839993708156726,2.0799222223781726]]}],"windingRule":0,"lineJoinStyle":0,"miterLimit":10},"isBackgroundTexture":true,"textBaseline":0,"isVerticalText":false,"textureType":5},"initialState":{"affineTransform":[1,0,0,1,0,0],"masksToBounds":false,"rotation":0,"scale":1,"position":{"pointX":25.323107410370881,"pointY":25.127184558808381},"width":53,"sublayerTransform":[1,0,0,0,0,1,0,0,0,0,1,0,0,0,0,1],"contentsRect":{"y":0,"x":0,"width":1,"height":1},"opacity":1,"edgeAntialiasingMask":0,"height":53,"hidden":true,"anchorPoint":{"pointX":0.5,"pointY":0.5}},"texture":"905500B23667BEBA88A183D11A05D665"}]},{"animations":[],"initialState":{"affineTransform":[1,0,0,1,0,0],"masksToBounds":false,"rotation":0,"scale":1,"position":{"pointX":486.38888454471947,"pointY":300.16616426626007},"width":51,"sublayerTransform":[1,0,0,0,0,1,0,0,0,0,1,0,0,0,0,1],"contentsRect":{"y":0,"x":0,"width":1,"height":1},"opacity":0.82384157180786133,"edgeAntialiasingMask":251658240,"height":50,"hidden":false,"anchorPoint":{"pointX":0.5,"pointY":0.5}},"layers":[{"animations":[{"additive":false,"timeOffset":0,"beginTime":0,"repeatCount":0,"fillMode":"both","duration":2,"autoreverses":false,"animations":[{"repeatCount":0,"removedOnCompletion":true,"from":{"pointX":-1614.7888845447196,"pointY":23.833835733739932},"timingFunction":"EaseInEaseOut","additive":false,"timeOffset":0,"autoreverses":false,"property":"position","fillMode":"both","duration":2,"beginTime":0,"to":{"pointX":23.611115455280526,"pointY":23.833835733739932}},{"additive":false,"timeOffset":0,"beginTime":0,"from":{"scalar":1},"repeatCount":0,"fillMode":"both","duration":2,"autoreverses":false,"property":"opacity","to":{"scalar":1},"removedOnCompletion":true},{"additive":false,"timeOffset":0,"beginTime":0,"from":{"scalar":false},"repeatCount":0,"fillMode":"both","duration":2,"autoreverses":false,"property":"hidden","to":{"scalar":false},"removedOnCompletion":true}],"removedOnCompletion":false}],"layers":[],"texturedRectangle":{"singleTextureOpacity":0.82384157180786133,"textXHeight":0,"shapePath":{"lineWidth":1,"flatness":0.59999999999999998,"lineCapStyle":0,"elements":[{"type":"MoveToPoint","points":[[2.5959913259060272,48.153768348166238]]},{"type":"AddLine","points":[[48.876488626625644,1.8732710474465648]]}],"windingRule":0,"lineJoinStyle":0,"miterLimit":10},"isBackgroundTexture":true,"textBaseline":0,"isVerticalText":false,"textureType":5},"initialState":{"affineTransform":[1,0,0,1,0,0],"masksToBounds":false,"rotation":0,"scale":1,"position":{"pointX":23.611115455280526,"pointY":23.833835733739932},"width":51,"sublayerTransform":[1,0,0,0,0,1,0,0,0,0,1,0,0,0,0,1],"contentsRect":{"y":0,"x":0,"width":1,"height":1},"opacity":1,"edgeAntialiasingMask":0,"height":50,"hidden":true,"anchorPoint":{"pointX":0.5,"pointY":0.5}},"texture":"82D698745A541495271B1F207226F278"}]},{"animations":[],"initialState":{"affineTransform":[1,0,0,1,0,0],"masksToBounds":false,"rotation":0,"scale":1,"position":{"pointX":623.03186689908148,"pointY":290.10879700156283},"width":116,"sublayerTransform":[1,0,0,0,0,1,0,0,0,0,1,0,0,0,0,1],"contentsRect":{"y":0,"x":0,"width":1,"height":1},"opacity":0.82384157180786133,"edgeAntialiasingMask":251658240,"height":69,"hidden":false,"anchorPoint":{"pointX":0.5,"pointY":0.5}},"layers":[{"animations":[{"additive":false,"timeOffset":0,"beginTime":0,"repeatCount":0,"fillMode":"both","duration":2,"autoreverses":false,"animations":[{"repeatCount":0,"removedOnCompletion":true,"from":{"pointX":-1632.6318668990814,"pointY":32.891202998437194},"timingFunction":"EaseInEaseOut","additive":false,"timeOffset":0,"autoreverses":false,"property":"position","fillMode":"both","duration":2,"beginTime":0,"to":{"pointX":56.968133100918521,"pointY":32.891202998437194}},{"additive":false,"timeOffset":0,"beginTime":0,"from":{"scalar":1},"repeatCount":0,"fillMode":"both","duration":2,"autoreverses":false,"property":"opacity","to":{"scalar":1},"removedOnCompletion":true},{"additive":false,"timeOffset":0,"beginTime":0,"from":{"scalar":false},"repeatCount":0,"fillMode":"both","duration":2,"autoreverses":false,"property":"hidden","to":{"scalar":false},"removedOnCompletion":true}],"removedOnCompletion":false}],"layers":[],"texturedRectangle":{"singleTextureOpacity":0.82384157180786133,"textXHeight":0,"shapePath":{"lineWidth":1,"flatness":0.59999999999999998,"lineCapStyle":0,"elements":[{"type":"MoveToPoint","points":[[114.31881643849397,66.547812718416878]]},{"type":"AddLine","points":[[1.5257745869532755,2.4783113463904556]]}],"windingRule":0,"lineJoinStyle":0,"miterLimit":10},"isBackgroundTexture":true,"textBaseline":0,"isVerticalText":false,"textureType":5},"initialState":{"affineTransform":[1,0,0,1,0,0],"masksToBounds":false,"rotation":0,"scale":1,"position":{"pointX":56.968133100918521,"pointY":32.891202998437194},"width":116,"sublayerTransform":[1,0,0,0,0,1,0,0,0,0,1,0,0,0,0,1],"contentsRect":{"y":0,"x":0,"width":1,"height":1},"opacity":1,"edgeAntialiasingMask":0,"height":69,"hidden":true,"anchorPoint":{"pointX":0.5,"pointY":0.5}},"texture":"307E22068D43BE146DA870C0905EAC04"}]},{"animations":[],"initialState":{"affineTransform":[1,0,0,1,0,0],"masksToBounds":false,"rotation":0,"scale":1,"position":{"pointX":446.37529182434082,"pointY":438.43574243576131},"width":5,"sublayerTransform":[1,0,0,0,0,1,0,0,0,0,1,0,0,0,0,1],"contentsRect":{"y":0,"x":0,"width":1,"height":1},"opacity":0.82384157180786133,"edgeAntialiasingMask":251658240,"height":67,"hidden":false,"anchorPoint":{"pointX":0.5,"pointY":0.5}},"layers":[{"animations":[{"additive":false,"timeOffset":0,"beginTime":0,"repeatCount":0,"fillMode":"both","duration":2,"autoreverses":false,"animations":[{"repeatCount":0,"removedOnCompletion":true,"from":{"pointX":-1740.1752918243408,"pointY":31.564257564238687},"timingFunction":"EaseInEaseOut","additive":false,"timeOffset":0,"autoreverses":false,"property":"position","fillMode":"both","duration":2,"beginTime":0,"to":{"pointX":0.62470817565917969,"pointY":31.564257564238687}},{"additive":false,"timeOffset":0,"beginTime":0,"from":{"scalar":1},"repeatCount":0,"fillMode":"both","duration":2,"autoreverses":false,"property":"opacity","to":{"scalar":1},"removedOnCompletion":true},{"additive":false,"timeOffset":0,"beginTime":0,"from":{"scalar":false},"repeatCount":0,"fillMode":"both","duration":2,"autoreverses":false,"property":"hidden","to":{"scalar":false},"removedOnCompletion":true}],"removedOnCompletion":false}],"layers":[],"texturedRectangle":{"singleTextureOpacity":0.82384157180786133,"textXHeight":0,"shapePath":{"lineWidth":1,"flatness":0.59999999999999998,"lineCapStyle":0,"elements":[{"type":"MoveToPoint","points":[[2.8752918243408203,65.37303352355957]]},{"type":"AddLine","points":[[2.8752918243408203,1.9357424357613127]]}],"windingRule":0,"lineJoinStyle":0,"miterLimit":10},"isBackgroundTexture":true,"textBaseline":0,"isVerticalText":false,"textureType":5},"initialState":{"affineTransform":[1,0,0,1,0,0],"masksToBounds":false,"rotation":0,"scale":1,"position":{"pointX":0.62470817565917969,"pointY":31.564257564238687},"width":5,"sublayerTransform":[1,0,0,0,0,1,0,0,0,0,1,0,0,0,0,1],"contentsRect":{"y":0,"x":0,"width":1,"height":1},"opacity":1,"edgeAntialiasingMask":0,"height":67,"hidden":true,"anchorPoint":{"pointX":0.5,"pointY":0.5}},"texture":"5ADDA68868242E2A90038283BB7635A5"}]},{"animations":[],"initialState":{"affineTransform":[1,0,0,1,0,0],"masksToBounds":false,"rotation":0,"scale":1,"position":{"pointX":396.44366520646435,"pointY":572.18118660542132},"width":57,"sublayerTransform":[1,0,0,0,0,1,0,0,0,0,1,0,0,0,0,1],"contentsRect":{"y":0,"x":0,"width":1,"height":1},"opacity":0.82384157180786133,"edgeAntialiasingMask":251658240,"height":56,"hidden":false,"anchorPoint":{"pointX":0.5,"pointY":0.5}},"layers":[{"animations":[{"additive":false,"timeOffset":0,"beginTime":0,"repeatCount":0,"fillMode":"both","duration":2,"autoreverses":false,"animations":[{"repeatCount":0,"removedOnCompletion":true,"from":{"pointX":-1765.4436652064644,"pointY":26.818813394578683},"timingFunction":"EaseInEaseOut","additive":false,"timeOffset":0,"autoreverses":false,"property":"position","fillMode":"both","duration":2,"beginTime":0,"to":{"pointX":26.556334793535655,"pointY":26.818813394578683}},{"additive":false,"timeOffset":0,"beginTime":0,"from":{"scalar":1},"repeatCount":0,"fillMode":"both","duration":2,"autoreverses":false,"property":"opacity","to":{"scalar":1},"removedOnCompletion":true},{"additive":false,"timeOffset":0,"beginTime":0,"from":{"scalar":false},"repeatCount":0,"fillMode":"both","duration":2,"autoreverses":false,"property":"hidden","to":{"scalar":false},"removedOnCompletion":true}],"removedOnCompletion":false}],"layers":[],"texturedRectangle":{"singleTextureOpacity":0.82384157180786133,"textXHeight":0,"shapePath":{"lineWidth":1,"flatness":0.59999999999999998,"lineCapStyle":0,"elements":[{"type":"MoveToPoint","points":[[2.6507719876508986,53.685802566792404]]},{"type":"AddLine","points":[[54.448281167835376,1.8882933866078702]]}],"windingRule":0,"lineJoinStyle":0,"miterLimit":10},"isBackgroundTexture":true,"textBaseline":0,"isVerticalText":false,"textureType":5},"initialState":{"affineTransform":[1,0,0,1,0,0],"masksToBounds":false,"rotation":0,"scale":1,"position":{"pointX":26.556334793535655,"pointY":26.818813394578683},"width":57,"sublayerTransform":[1,0,0,0,0,1,0,0,0,0,1,0,0,0,0,1],"contentsRect":{"y":0,"x":0,"width":1,"height":1},"opacity":1,"edgeAntialiasingMask":0,"height":56,"hidden":true,"anchorPoint":{"pointX":0.5,"pointY":0.5}},"texture":"609C61EC8FCEE7F9BBFBDDBB7E193857"}]},{"animations":[],"initialState":{"affineTransform":[1,0,0,1,0,0],"masksToBounds":false,"rotation":0,"scale":1,"position":{"pointX":495.85506269251641,"pointY":572.14665158764683},"width":44,"sublayerTransform":[1,0,0,0,0,1,0,0,0,0,1,0,0,0,0,1],"contentsRect":{"y":0,"x":0,"width":1,"height":1},"opacity":0.82384157180786133,"edgeAntialiasingMask":251658240,"height":60,"hidden":false,"anchorPoint":{"pointX":0.5,"pointY":0.5}},"layers":[{"animations":[{"additive":false,"timeOffset":0,"beginTime":0,"repeatCount":0,"fillMode":"both","duration":2,"autoreverses":false,"animations":[{"repeatCount":0,"removedOnCompletion":true,"from":{"pointX":-1823.0550626925165,"pointY":28.853348412353171},"timingFunction":"EaseInEaseOut","additive":false,"timeOffset":0,"autoreverses":false,"property":"position","fillMode":"both","duration":2,"beginTime":0,"to":{"pointX":20.144937307483588,"pointY":28.853348412353171}},{"additive":false,"timeOffset":0,"beginTime":0,"from":{"scalar":1},"repeatCount":0,"fillMode":"both","duration":2,"autoreverses":false,"property":"opacity","to":{"scalar":1},"removedOnCompletion":true},{"additive":false,"timeOffset":0,"beginTime":0,"from":{"scalar":false},"repeatCount":0,"fillMode":"both","duration":2,"autoreverses":false,"property":"hidden","to":{"scalar":false},"removedOnCompletion":true}],"removedOnCompletion":false}],"layers":[],"texturedRectangle":{"singleTextureOpacity":0.82384157180786133,"textXHeight":0,"shapePath":{"lineWidth":1,"flatness":0.59999999999999998,"lineCapStyle":0,"elements":[{"type":"MoveToPoint","points":[[41.771519499108763,57.855952746661956]]},{"type":"AddLine","points":[[2.675669960476057,1.7181441175821419]]}],"windingRule":0,"lineJoinStyle":0,"miterLimit":10},"isBackgroundTexture":true,"textBaseline":0,"isVerticalText":false,"textureType":5},"initialState":{"affineTransform":[1,0,0,1,0,0],"masksToBounds":false,"rotation":0,"scale":1,"position":{"pointX":20.144937307483588,"pointY":28.853348412353171},"width":44,"sublayerTransform":[1,0,0,0,0,1,0,0,0,0,1,0,0,0,0,1],"contentsRect":{"y":0,"x":0,"width":1,"height":1},"opacity":1,"edgeAntialiasingMask":0,"height":60,"hidden":true,"anchorPoint":{"pointX":0.5,"pointY":0.5}},"texture":"891611A1923BA74E5663F6CFD2559812"}]},{"animations":[],"initialState":{"affineTransform":[1,0,0,1,0,0],"masksToBounds":false,"rotation":0,"scale":1,"position":{"pointX":309.10767170342882,"pointY":460.69909141402951},"width":190,"sublayerTransform":[1,0,0,0,0,1,0,0,0,0,1,0,0,0,0,1],"contentsRect":{"y":0,"x":0,"width":1,"height":1},"opacity":0.82384157180786133,"edgeAntialiasingMask":251658240,"height":109,"hidden":false,"anchorPoint":{"pointX":0.5,"pointY":0.5}},"layers":[{"animations":[{"additive":false,"timeOffset":0,"beginTime":0,"repeatCount":0,"fillMode":"both","duration":2,"autoreverses":false,"animations":[{"repeatCount":0,"removedOnCompletion":true,"from":{"pointX":-1800.507671703429,"pointY":53.30090858597049},"timingFunction":"EaseInEaseOut","additive":false,"timeOffset":0,"autoreverses":false,"property":"position","fillMode":"both","duration":2,"beginTime":0,"to":{"pointX":93.892328296571179,"pointY":53.30090858597049}},{"additive":false,"timeOffset":0,"beginTime":0,"from":{"scalar":1},"repeatCount":0,"fillMode":"both","duration":2,"autoreverses":false,"property":"opacity","to":{"scalar":1},"removedOnCompletion":true},{"additive":false,"timeOffset":0,"beginTime":0,"from":{"scalar":false},"repeatCount":0,"fillMode":"both","duration":2,"autoreverses":false,"property":"hidden","to":{"scalar":false},"removedOnCompletion":true}],"removedOnCompletion":false}],"layers":[],"texturedRectangle":{"singleTextureOpacity":0.82384157180786133,"textXHeight":0,"shapePath":{"lineWidth":1,"flatness":0.59999999999999998,"lineCapStyle":0,"elements":[{"type":"MoveToPoint","points":[[188.00700447373208,106.34705450388691]]},{"type":"AddLine","points":[[1.5958651119304363,2.0718268813365057]]}],"windingRule":0,"lineJoinStyle":0,"miterLimit":10},"isBackgroundTexture":true,"textBaseline":0,"isVerticalText":false,"textureType":5},"initialState":{"affineTransform":[1,0,0,1,0,0],"masksToBounds":false,"rotation":0,"scale":1,"position":{"pointX":93.892328296571179,"pointY":53.30090858597049},"width":190,"sublayerTransform":[1,0,0,0,0,1,0,0,0,0,1,0,0,0,0,1],"contentsRect":{"y":0,"x":0,"width":1,"height":1},"opacity":1,"edgeAntialiasingMask":0,"height":109,"hidden":true,"anchorPoint":{"pointX":0.5,"pointY":0.5}},"texture":"AE7856329909AA5659B016B08AA80811"}]},{"animations":[],"initialState":{"affineTransform":[1,0,0,1,0,0],"masksToBounds":false,"rotation":0,"scale":1,"position":{"pointX":589.26197337291956,"pointY":462.19330026146787},"width":202,"sublayerTransform":[1,0,0,0,0,1,0,0,0,0,1,0,0,0,0,1],"contentsRect":{"y":0,"x":0,"width":1,"height":1},"opacity":0.82384157180786133,"edgeAntialiasingMask":251658240,"height":112,"hidden":false,"anchorPoint":{"pointX":0.5,"pointY":0.5}},"layers":[{"animations":[{"additive":false,"timeOffset":0,"beginTime":0,"repeatCount":0,"fillMode":"both","duration":2,"autoreverses":false,"animations":[{"repeatCount":0,"removedOnCompletion":true,"from":{"pointX":-1845.8619733729195,"pointY":54.806699738532132},"timingFunction":"EaseInEaseOut","additive":false,"timeOffset":0,"autoreverses":false,"property":"position","fillMode":"both","duration":2,"beginTime":0,"to":{"pointX":99.738026627080444,"pointY":54.806699738532132}},{"additive":false,"timeOffset":0,"beginTime":0,"from":{"scalar":1},"repeatCount":0,"fillMode":"both","duration":2,"autoreverses":false,"property":"opacity","to":{"scalar":1},"removedOnCompletion":true},{"additive":false,"timeOffset":0,"beginTime":0,"from":{"scalar":false},"repeatCount":0,"fillMode":"both","duration":2,"autoreverses":false,"property":"hidden","to":{"scalar":false},"removedOnCompletion":true}],"removedOnCompletion":false}],"layers":[],"texturedRectangle":{"singleTextureOpacity":0.82384157180786133,"textXHeight":0,"shapePath":{"lineWidth":1,"flatness":0.59999999999999998,"lineCapStyle":0,"elements":[{"type":"MoveToPoint","points":[[1.7396289305031587,109.86901059507056]]},{"type":"AddLine","points":[[200.00989599660272,2.0718474533189806]]}],"windingRule":0,"lineJoinStyle":0,"miterLimit":10},"isBackgroundTexture":true,"textBaseline":0,"isVerticalText":false,"textureType":5},"initialState":{"affineTransform":[1,0,0,1,0,0],"masksToBounds":false,"rotation":0,"scale":1,"position":{"pointX":99.738026627080444,"pointY":54.806699738532132},"width":202,"sublayerTransform":[1,0,0,0,0,1,0,0,0,0,1,0,0,0,0,1],"contentsRect":{"y":0,"x":0,"width":1,"height":1},"opacity":1,"edgeAntialiasingMask":0,"height":112,"hidden":true,"anchorPoint":{"pointX":0.5,"pointY":0.5}},"texture":"81AF035027FEADF231A4EC0C7E5BC501"}]},{"animations":[],"initialState":{"affineTransform":[1,0,0,1,0,0],"masksToBounds":false,"rotation":0,"scale":1,"position":{"pointX":844.86934471130371,"pointY":640.46375369132784},"width":294,"sublayerTransform":[1,0,0,0,0,1,0,0,0,0,1,0,0,0,0,1],"contentsRect":{"y":0,"x":0,"width":1,"height":1},"opacity":1,"edgeAntialiasingMask":251658240,"height":233,"hidden":false,"anchorPoint":{"pointX":0.5,"pointY":0.5}},"layers":[{"animations":[{"additive":false,"timeOffset":0,"beginTime":0,"repeatCount":0,"fillMode":"both","duration":2,"autoreverses":false,"animations":[{"repeatCount":0,"removedOnCompletion":true,"from":{"pointX":-1851.6693447113037,"pointY":114.53624630867216},"timingFunction":"EaseInEaseOut","additive":false,"timeOffset":0,"autoreverses":false,"property":"position","fillMode":"both","duration":2,"beginTime":0,"to":{"pointX":145.13065528869629,"pointY":114.53624630867216}},{"additive":false,"timeOffset":0,"beginTime":0,"from":{"scalar":1},"repeatCount":0,"fillMode":"both","duration":2,"autoreverses":false,"property":"opacity","to":{"scalar":1},"removedOnCompletion":true},{"additive":false,"timeOffset":0,"beginTime":0,"from":{"scalar":false},"repeatCount":0,"fillMode":"both","duration":2,"autoreverses":false,"property":"hidden","to":{"scalar":false},"removedOnCompletion":true}],"removedOnCompletion":false}],"layers":[],"texturedRectangle":{"isBackgroundTexture":true,"singleTextureOpacity":1,"textureType":5,"textBaseline":0,"textXHeight":0,"isVerticalText":false},"initialState":{"affineTransform":[1,0,0,1,0,0],"masksToBounds":false,"rotation":0,"scale":1,"position":{"pointX":145.13065528869629,"pointY":114.53624630867216},"width":294,"sublayerTransform":[1,0,0,0,0,1,0,0,0,0,1,0,0,0,0,1],"contentsRect":{"y":0,"x":0,"width":1,"height":1},"opacity":1,"edgeAntialiasingMask":0,"height":233,"hidden":true,"anchorPoint":{"pointX":0.5,"pointY":0.5}},"texture":"E8D3918E52B6C13991A8DF1F5642773A"}]},{"animations":[],"initialState":{"affineTransform":[1,0,0,1,0,0],"masksToBounds":false,"rotation":0,"scale":1,"position":{"pointX":508.8373381147394,"pointY":739.5},"width":21,"sublayerTransform":[1,0,0,0,0,1,0,0,0,0,1,0,0,0,0,1],"contentsRect":{"y":0,"x":0,"width":1,"height":1},"opacity":1,"edgeAntialiasingMask":251658240,"height":15,"hidden":false,"anchorPoint":{"pointX":0.5,"pointY":0.5}},"layers":[{"animations":[{"additive":false,"timeOffset":0,"beginTime":0,"repeatCount":0,"fillMode":"both","duration":2,"autoreverses":false,"animations":[{"repeatCount":0,"removedOnCompletion":true,"from":{"pointX":-2034.8373381147394,"pointY":12.5},"timingFunction":"EaseInEaseOut","additive":false,"timeOffset":0,"autoreverses":false,"property":"position","fillMode":"both","duration":2,"beginTime":0,"to":{"pointX":13.162661885260604,"pointY":12.5}},{"additive":false,"timeOffset":0,"beginTime":0,"from":{"scalar":1},"repeatCount":0,"fillMode":"both","duration":2,"autoreverses":false,"property":"opacity","to":{"scalar":1},"removedOnCompletion":true},{"additive":false,"timeOffset":0,"beginTime":0,"from":{"scalar":false},"repeatCount":0,"fillMode":"both","duration":2,"autoreverses":false,"property":"hidden","to":{"scalar":false},"removedOnCompletion":true}],"removedOnCompletion":false}],"layers":[],"texturedRectangle":{"singleTextureOpacity":1,"textXHeight":0.54826666666666668,"textBaseline":0.87519531250000004,"isBackgroundTexture":false,"isVerticalText":false,"textColor":[0,0,0,1],"textureType":6},"initialState":{"affineTransform":[1,0,0,1,0,0],"masksToBounds":false,"rotation":0,"scale":1,"position":{"pointX":13.162661885260604,"pointY":12.5},"width":21,"sublayerTransform":[1,0,0,0,0,1,0,0,0,0,1,0,0,0,0,1],"contentsRect":{"y":0,"x":0,"width":1,"height":1},"opacity":1,"edgeAntialiasingMask":0,"height":15,"hidden":true,"anchorPoint":{"pointX":0.5,"pointY":0.5}},"texture":"05F0C7E4481349A3331B168700D1262F"}]}]},"effects":[],"duration":2,"type":"transition","attributes":{"direction":11},"name":"apple:ca-push","objectID":"0"}],"automaticPlay":false,"hyperlinks":[],"accessibility":[{"text":"核心算法分析","targetRectangle":{"y":168.57966613769531,"x":125,"width":774,"height":181}},{"text":"￼","targetRectangle":{"y":736,"x":502.8373381147394,"width":17.79200000000003,"height":17.535888671875}},{"text":"邓俊锋","targetRectangle":{"y":463.69662475585938,"x":416,"width":192,"height":90}}],"baseLayer":{"animations":[],"initialState":{"affineTransform":[1,0,0,1,0,0],"masksToBounds":false,"rotation":0,"scale":1,"position":{"pointX":512,"pointY":384},"width":1024,"sublayerTransform":[1,0,0,0,0,1,0,0,0,0,1,0,0,0,0,1],"contentsRect":{"y":0,"x":0,"width":1,"height":1},"opacity":1,"edgeAntialiasingMask":251658240,"height":768,"hidden":false,"anchorPoint":{"pointX":0.5,"pointY":0.5}},"objectID":"0","layers":[{"animations":[],"initialState":{"affineTransform":[1,0,0,1,0,0],"masksToBounds":false,"rotation":0,"scale":1,"position":{"pointX":512,"pointY":384},"width":1024,"sublayerTransform":[1,0,0,0,0,1,0,0,0,0,1,-0.00049229876906403734,0,0,0,1],"contentsRect":{"y":0,"x":0,"width":1,"height":1},"opacity":1,"edgeAntialiasingMask":251658240,"height":768,"hidden":false,"anchorPoint":{"pointX":0.5,"pointY":0.5}},"layers":[{"animations":[],"initialState":{"affineTransform":[1,0,0,1,0,0],"masksToBounds":false,"rotation":0,"scale":1,"position":{"pointX":512,"pointY":384},"width":1024,"sublayerTransform":[1,0,0,0,0,1,0,0,0,0,1,0,0,0,0,1],"contentsRect":{"y":0,"x":0,"width":1,"height":1},"opacity":1,"edgeAntialiasingMask":251658240,"height":768,"hidden":false,"anchorPoint":{"pointX":0.5,"pointY":0.5}},"layers":[{"animations":[],"layers":[],"texturedRectangle":{"isBackgroundTexture":true,"singleTextureOpacity":1,"textureType":1,"textBaseline":0,"textXHeight":0,"isVerticalText":false},"initialState":{"affineTransform":[1,0,0,1,0,0],"masksToBounds":false,"rotation":0,"scale":1,"position":{"pointX":512,"pointY":384},"width":1024,"sublayerTransform":[1,0,0,0,0,1,0,0,0,0,1,0,0,0,0,1],"contentsRect":{"y":0,"x":0,"width":1,"height":1},"opacity":1,"edgeAntialiasingMask":0,"height":768,"hidden":false,"anchorPoint":{"pointX":0.5,"pointY":0.5}},"texture":"498E23C82CA78A4BCD7BA88E5243B6FC"}]},{"animations":[],"initialState":{"affineTransform":[1,0,0,1,0,0],"masksToBounds":false,"rotation":0,"scale":1,"position":{"pointX":512,"pointY":384},"width":1024,"sublayerTransform":[1,0,0,0,0,1,0,0,0,0,1,0,0,0,0,1],"contentsRect":{"y":0,"x":0,"width":1,"height":1},"opacity":1,"edgeAntialiasingMask":251658240,"height":768,"hidden":false,"anchorPoint":{"pointX":0.5,"pointY":0.5}},"layers":[{"animations":[],"layers":[],"texturedRectangle":{"isBackgroundTexture":true,"singleTextureOpacity":1,"textureType":1,"textBaseline":0,"textXHeight":0,"isVerticalText":false},"initialState":{"affineTransform":[1,0,0,1,0,0],"masksToBounds":false,"rotation":0,"scale":1,"position":{"pointX":512,"pointY":384},"width":1024,"sublayerTransform":[1,0,0,0,0,1,0,0,0,0,1,0,0,0,0,1],"contentsRect":{"y":0,"x":0,"width":1,"height":1},"opacity":1,"edgeAntialiasingMask":0,"height":768,"hidden":false,"anchorPoint":{"pointX":0.5,"pointY":0.5}},"texture":"498E23C82CA78A4BCD7BA88E5243B6FC"}]}]},{"animations":[],"initialState":{"affineTransform":[1,0,0,1,0,0],"masksToBounds":false,"rotation":0,"scale":1,"position":{"pointX":508.8373381147394,"pointY":739},"width":21,"sublayerTransform":[1,0,0,0,0,1,0,0,0,0,1,0,0,0,0,1],"contentsRect":{"y":0,"x":0,"width":1,"height":1},"opacity":1,"edgeAntialiasingMask":251658240,"height":14,"hidden":false,"anchorPoint":{"pointX":0.5,"pointY":0.5}},"layers":[{"animations":[],"layers":[],"texturedRectangle":{"singleTextureOpacity":1,"textXHeight":0.58742857142857141,"textBaseline":0.8662806919642857,"isBackgroundTexture":false,"isVerticalText":false,"textColor":[0,0,0,1],"textureType":6},"initialState":{"affineTransform":[1,0,0,1,0,0],"masksToBounds":false,"rotation":0,"scale":1,"position":{"pointX":13.162661885260604,"pointY":13},"width":21,"sublayerTransform":[1,0,0,0,0,1,0,0,0,0,1,0,0,0,0,1],"contentsRect":{"y":0,"x":0,"width":1,"height":1},"opacity":1,"edgeAntialiasingMask":0,"height":14,"hidden":false,"anchorPoint":{"pointX":0.5,"pointY":0.5}},"texture":"EFFFB068E2D0751FB2624957FE6064F7"}]},{"animations":[],"initialState":{"affineTransform":[1,0,0,1,0,0],"masksToBounds":false,"rotation":0,"scale":1,"position":{"pointX":93.988380432128906,"pointY":65.756763458251953},"width":112,"sublayerTransform":[1,0,0,0,0,1,0,0,0,0,1,0,0,0,0,1],"contentsRect":{"y":0,"x":0,"width":1,"height":1},"opacity":1,"edgeAntialiasingMask":251658240,"height":64,"hidden":false,"anchorPoint":{"pointX":0.5,"pointY":0.5}},"layers":[{"animations":[],"layers":[],"texturedRectangle":{"singleTextureOpacity":1,"textXHeight":0.67410220994475134,"textBaseline":0.94202834367752075,"isBackgroundTexture":false,"isVerticalText":false,"textColor":[0,0,0,1],"textureType":6},"initialState":{"affineTransform":[1,0,0,1,0,0],"masksToBounds":false,"rotation":0,"scale":1,"position":{"pointX":85.011619567871094,"pointY":60.243236541748047},"width":112,"sublayerTransform":[1,0,0,0,0,1,0,0,0,0,1,0,0,0,0,1],"contentsRect":{"y":0,"x":0,"width":1,"height":1},"opacity":1,"edgeAntialiasingMask":0,"height":64,"hidden":true,"anchorPoint":{"pointX":0.5,"pointY":0.5}},"texture":"D415875F7654AA523B4F1D82DEA96316"}]},{"animations":[],"initialState":{"affineTransform":[1,0,0,1,0,0],"masksToBounds":false,"rotation":0,"scale":1,"position":{"pointX":750.02102661132812,"pointY":82.256763458251953},"width":491,"sublayerTransform":[1,0,0,0,0,1,0,0,0,0,1,0,0,0,0,1],"contentsRect":{"y":0,"x":0,"width":1,"height":1},"opacity":1,"edgeAntialiasingMask":251658240,"height":103,"hidden":false,"anchorPoint":{"pointX":0.5,"pointY":0.5}},"layers":[{"animations":[],"layers":[],"texturedRectangle":{"singleTextureOpacity":1,"textXHeight":0,"shapePath":{"lineWidth":1,"flatness":0.59999999999999998,"lineCapStyle":0,"elements":[{"type":"MoveToPoint","points":[[4.521026611328125,4.7567634582519531]]},{"type":"AddLine","points":[[486.07293701171875,4.7567634582519531]]},{"type":"AddLine","points":[[486.07293701171875,98.819301605224609]]},{"type":"AddLine","points":[[4.521026611328125,98.819301605224609]]},{"type":"CloseSubpath"},{"type":"MoveToPoint","points":[[4.521026611328125,4.7567634582519531]]}],"windingRule":0,"lineJoinStyle":0,"miterLimit":10},"isBackgroundTexture":true,"textBaseline":0,"isVerticalText":false,"textureType":5},"initialState":{"affineTransform":[1,0,0,1,0,0],"masksToBounds":false,"rotation":0,"scale":1,"position":{"pointX":243.97897338867188,"pointY":49.743236541748047},"width":491,"sublayerTransform":[1,0,0,0,0,1,0,0,0,0,1,0,0,0,0,1],"contentsRect":{"y":0,"x":0,"width":1,"height":1},"opacity":1,"edgeAntialiasingMask":0,"height":103,"hidden":true,"anchorPoint":{"pointX":0.5,"pointY":0.5}},"texture":"B11FB2AD8D6F54FA62E3957DB1E8B7C6"}]},{"animations":[],"initialState":{"affineTransform":[1,0,0,1,0,0],"masksToBounds":false,"rotation":0,"scale":1,"position":{"pointX":356.69049072265625,"pointY":244.53305053710938},"width":88,"sublayerTransform":[1,0,0,0,0,1,0,0,0,0,1,0,0,0,0,1],"contentsRect":{"y":0,"x":0,"width":1,"height":1},"opacity":0.82384157180786133,"edgeAntialiasingMask":251658240,"height":88,"hidden":false,"anchorPoint":{"pointX":0.5,"pointY":0.5}},"layers":[{"animations":[],"layers":[],"texturedRectangle":{"singleTextureOpacity":0.82384157180786133,"textXHeight":0,"shapePath":{"lineWidth":1,"flatness":0.59999999999999998,"lineCapStyle":0,"elements":[{"type":"MoveToPoint","points":[[74.242530822753906,13.981012344360352]]},{"type":"AddCurve","points":[[90.839813232421875,30.57829475402832],[90.839813232421875,57.487808227539062],[74.242530822753906,74.085090637207031]]},{"type":"AddCurve","points":[[57.645248413085938,90.682373046875],[30.735734939575195,90.682373046875],[14.138452529907227,74.085090637207031]]},{"type":"AddCurve","points":[[-2.4588298797607422,57.487808227539062],[-2.4588298797607422,30.57829475402832],[14.138452529907227,13.981012344360352]]},{"type":"AddCurve","points":[[30.735734939575195,-2.6162700653076172],[57.645248413085938,-2.6162700653076172],[74.242530822753906,13.981012344360352]]},{"type":"CloseSubpath"},{"type":"MoveToPoint","points":[[74.242530822753906,13.981012344360352]]}],"windingRule":0,"lineJoinStyle":0,"miterLimit":10},"isBackgroundTexture":true,"textBaseline":0,"isVerticalText":false,"textureType":5},"initialState":{"affineTransform":[1,0,0,1,0,0],"masksToBounds":false,"rotation":0,"scale":1,"position":{"pointX":42.30950927734375,"pointY":42.466949462890625},"width":88,"sublayerTransform":[1,0,0,0,0,1,0,0,0,0,1,0,0,0,0,1],"contentsRect":{"y":0,"x":0,"width":1,"height":1},"opacity":1,"edgeAntialiasingMask":0,"height":88,"hidden":true,"anchorPoint":{"pointX":0.5,"pointY":0.5}},"texture":"F8C90ACF404CF326F61E9949FBFF63F0"}]},{"animations":[],"initialState":{"affineTransform":[1,0,0,1,0,0],"masksToBounds":false,"rotation":0,"scale":1,"position":{"pointX":530.2103271484375,"pointY":244.53305053710938},"width":88,"sublayerTransform":[1,0,0,0,0,1,0,0,0,0,1,0,0,0,0,1],"contentsRect":{"y":0,"x":0,"width":1,"height":1},"opacity":0.82384157180786133,"edgeAntialiasingMask":251658240,"height":88,"hidden":false,"anchorPoint":{"pointX":0.5,"pointY":0.5}},"layers":[{"animations":[],"layers":[],"texturedRectangle":{"singleTextureOpacity":0.82384157180786133,"textXHeight":0,"shapePath":{"lineWidth":1,"flatness":0.59999999999999998,"lineCapStyle":0,"elements":[{"type":"MoveToPoint","points":[[73.762359619140625,13.981012344360352]]},{"type":"AddCurve","points":[[90.359649658203125,30.57829475402832],[90.359649658203125,57.487804412841797],[73.762359619140625,74.0850830078125]]},{"type":"AddCurve","points":[[57.165081024169922,90.682373046875],[30.255571365356445,90.682373046875],[13.658288955688477,74.0850830078125]]},{"type":"AddCurve","points":[[-2.9389934539794922,57.487804412841797],[-2.9389934539794922,30.57829475402832],[13.658288955688477,13.981012344360352]]},{"type":"AddCurve","points":[[30.255571365356445,-2.6162700653076172],[57.165081024169922,-2.6162700653076172],[73.762359619140625,13.981012344360352]]},{"type":"CloseSubpath"},{"type":"MoveToPoint","points":[[73.762359619140625,13.981012344360352]]}],"windingRule":0,"lineJoinStyle":0,"miterLimit":10},"isBackgroundTexture":true,"textBaseline":0,"isVerticalText":false,"textureType":5},"initialState":{"affineTransform":[1,0,0,1,0,0],"masksToBounds":false,"rotation":0,"scale":1,"position":{"pointX":42.7896728515625,"pointY":42.466949462890625},"width":88,"sublayerTransform":[1,0,0,0,0,1,0,0,0,0,1,0,0,0,0,1],"contentsRect":{"y":0,"x":0,"width":1,"height":1},"opacity":1,"edgeAntialiasingMask":0,"height":88,"hidden":true,"anchorPoint":{"pointX":0.5,"pointY":0.5}},"texture":"3D1BC53DDC90FF17D1A712047859A412"}]},{"animations":[],"initialState":{"affineTransform":[1,0,0,1,0,0],"masksToBounds":false,"rotation":0,"scale":1,"position":{"pointX":446.37530517578125,"pointY":363.66958618164062},"width":88,"sublayerTransform":[1,0,0,0,0,1,0,0,0,0,1,0,0,0,0,1],"contentsRect":{"y":0,"x":0,"width":1,"height":1},"opacity":0.82384157180786133,"edgeAntialiasingMask":251658240,"height":88,"hidden":false,"anchorPoint":{"pointX":0.5,"pointY":0.5}},"layers":[{"animations":[],"layers":[],"texturedRectangle":{"singleTextureOpacity":0.82384157180786133,"textXHeight":0,"shapePath":{"lineWidth":1,"flatness":0.59999999999999998,"lineCapStyle":0,"elements":[{"type":"MoveToPoint","points":[[73.927337646484375,14.117547988891602]]},{"type":"AddCurve","points":[[90.524627685546875,30.71483039855957],[90.524627685546875,57.624340057373047],[73.927337646484375,74.22161865234375]]},{"type":"AddCurve","points":[[57.330059051513672,90.81890869140625],[30.420549392700195,90.81890869140625],[13.823266983032227,74.22161865234375]]},{"type":"AddCurve","points":[[-2.7740154266357422,57.624340057373047],[-2.7740154266357422,30.71483039855957],[13.823266983032227,14.117547988891602]]},{"type":"AddCurve","points":[[30.420549392700195,-2.4797344207763672],[57.330059051513672,-2.4797344207763672],[73.927337646484375,14.117547988891602]]},{"type":"CloseSubpath"},{"type":"MoveToPoint","points":[[73.927337646484375,14.117547988891602]]}],"windingRule":0,"lineJoinStyle":0,"miterLimit":10},"isBackgroundTexture":true,"textBaseline":0,"isVerticalText":false,"textureType":5},"initialState":{"affineTransform":[1,0,0,1,0,0],"masksToBounds":false,"rotation":0,"scale":1,"position":{"pointX":42.62469482421875,"pointY":42.330413818359375},"width":88,"sublayerTransform":[1,0,0,0,0,1,0,0,0,0,1,0,0,0,0,1],"contentsRect":{"y":0,"x":0,"width":1,"height":1},"opacity":1,"edgeAntialiasingMask":0,"height":88,"hidden":true,"anchorPoint":{"pointX":0.5,"pointY":0.5}},"texture":"0B6FE9110EA7ED437D7E833EB23B26C4"}]},{"animations":[],"initialState":{"affineTransform":[1,0,0,1,0,0],"masksToBounds":false,"rotation":0,"scale":1,"position":{"pointX":215.10249328613281,"pointY":363.66958618164062},"width":88,"sublayerTransform":[1,0,0,0,0,1,0,0,0,0,1,0,0,0,0,1],"contentsRect":{"y":0,"x":0,"width":1,"height":1},"opacity":0.82384157180786133,"edgeAntialiasingMask":251658240,"height":88,"hidden":false,"anchorPoint":{"pointX":0.5,"pointY":0.5}},"layers":[{"animations":[],"layers":[],"texturedRectangle":{"singleTextureOpacity":0.82384157180786133,"textXHeight":0,"shapePath":{"lineWidth":1,"flatness":0.59999999999999998,"lineCapStyle":0,"elements":[{"type":"MoveToPoint","points":[[73.654525756835938,14.117547988891602]]},{"type":"AddCurve","points":[[90.251815795898438,30.71483039855957],[90.251815795898438,57.624340057373047],[73.654525756835938,74.22161865234375]]},{"type":"AddCurve","points":[[57.057247161865234,90.81890869140625],[30.147737503051758,90.81890869140625],[13.550455093383789,74.22161865234375]]},{"type":"AddCurve","points":[[-3.0468273162841797,57.624340057373047],[-3.0468273162841797,30.71483039855957],[13.550455093383789,14.117547988891602]]},{"type":"AddCurve","points":[[30.147737503051758,-2.4797344207763672],[57.057247161865234,-2.4797344207763672],[73.654525756835938,14.117547988891602]]},{"type":"CloseSubpath"},{"type":"MoveToPoint","points":[[73.654525756835938,14.117547988891602]]}],"windingRule":0,"lineJoinStyle":0,"miterLimit":10},"isBackgroundTexture":true,"textBaseline":0,"isVerticalText":false,"textureType":5},"initialState":{"affineTransform":[1,0,0,1,0,0],"masksToBounds":false,"rotation":0,"scale":1,"position":{"pointX":42.897506713867188,"pointY":42.330413818359375},"width":88,"sublayerTransform":[1,0,0,0,0,1,0,0,0,0,1,0,0,0,0,1],"contentsRect":{"y":0,"x":0,"width":1,"height":1},"opacity":1,"edgeAntialiasingMask":0,"height":88,"hidden":true,"anchorPoint":{"pointX":0.5,"pointY":0.5}},"texture":"1BFAE1EDB7115D81349433E37DDA7D1A"}]},{"animations":[],"initialState":{"affineTransform":[1,0,0,1,0,0],"masksToBounds":false,"rotation":0,"scale":1,"position":{"pointX":688.7498779296875,"pointY":363.66958618164062},"width":88,"sublayerTransform":[1,0,0,0,0,1,0,0,0,0,1,0,0,0,0,1],"contentsRect":{"y":0,"x":0,"width":1,"height":1},"opacity":0.82384157180786133,"edgeAntialiasingMask":251658240,"height":88,"hidden":false,"anchorPoint":{"pointX":0.5,"pointY":0.5}},"layers":[{"animations":[],"layers":[],"texturedRectangle":{"singleTextureOpacity":0.82384157180786133,"textXHeight":0,"shapePath":{"lineWidth":1,"flatness":0.59999999999999998,"lineCapStyle":0,"elements":[{"type":"MoveToPoint","points":[[74.301910400390625,14.117547988891602]]},{"type":"AddCurve","points":[[90.899200439453125,30.71483039855957],[90.899200439453125,57.624340057373047],[74.301910400390625,74.22161865234375]]},{"type":"AddCurve","points":[[57.704631805419922,90.81890869140625],[30.795122146606445,90.81890869140625],[14.197839736938477,74.22161865234375]]},{"type":"AddCurve","points":[[-2.3994426727294922,57.624340057373047],[-2.3994426727294922,30.71483039855957],[14.197839736938477,14.117547988891602]]},{"type":"AddCurve","points":[[30.795122146606445,-2.4797344207763672],[57.704631805419922,-2.4797344207763672],[74.301910400390625,14.117547988891602]]},{"type":"CloseSubpath"},{"type":"MoveToPoint","points":[[74.301910400390625,14.117547988891602]]}],"windingRule":0,"lineJoinStyle":0,"miterLimit":10},"isBackgroundTexture":true,"textBaseline":0,"isVerticalText":false,"textureType":5},"initialState":{"affineTransform":[1,0,0,1,0,0],"masksToBounds":false,"rotation":0,"scale":1,"position":{"pointX":42.2501220703125,"pointY":42.330413818359375},"width":88,"sublayerTransform":[1,0,0,0,0,1,0,0,0,0,1,0,0,0,0,1],"contentsRect":{"y":0,"x":0,"width":1,"height":1},"opacity":1,"edgeAntialiasingMask":0,"height":88,"hidden":true,"anchorPoint":{"pointX":0.5,"pointY":0.5}},"texture":"6A2330DE047385EDC5149D774764767F"}]},{"animations":[],"initialState":{"affineTransform":[1,0,0,1,0,0],"masksToBounds":false,"rotation":0,"scale":1,"position":{"pointX":446.37530517578125,"pointY":512.63919067382812},"width":88,"sublayerTransform":[1,0,0,0,0,1,0,0,0,0,1,0,0,0,0,1],"contentsRect":{"y":0,"x":0,"width":1,"height":1},"opacity":0.82384157180786133,"edgeAntialiasingMask":251658240,"height":88,"hidden":false,"anchorPoint":{"pointX":0.5,"pointY":0.5}},"layers":[{"animations":[],"layers":[],"texturedRectangle":{"singleTextureOpacity":0.82384157180786133,"textXHeight":0,"shapePath":{"lineWidth":1,"flatness":0.59999999999999998,"lineCapStyle":0,"elements":[{"type":"MoveToPoint","points":[[73.927337646484375,14.087152481079102]]},{"type":"AddCurve","points":[[90.524627685546875,30.68443489074707],[90.524627685546875,57.593944549560547],[73.927337646484375,74.19122314453125]]},{"type":"AddCurve","points":[[57.330059051513672,90.78851318359375],[30.420549392700195,90.78851318359375],[13.823266983032227,74.19122314453125]]},{"type":"AddCurve","points":[[-2.7740154266357422,57.593944549560547],[-2.7740154266357422,30.68443489074707],[13.823266983032227,14.087152481079102]]},{"type":"AddCurve","points":[[30.420549392700195,-2.5101299285888672],[57.330059051513672,-2.5101299285888672],[73.927337646484375,14.087152481079102]]},{"type":"CloseSubpath"},{"type":"MoveToPoint","points":[[73.927337646484375,14.087152481079102]]}],"windingRule":0,"lineJoinStyle":0,"miterLimit":10},"isBackgroundTexture":true,"textBaseline":0,"isVerticalText":false,"textureType":5},"initialState":{"affineTransform":[1,0,0,1,0,0],"masksToBounds":false,"rotation":0,"scale":1,"position":{"pointX":42.62469482421875,"pointY":42.360809326171875},"width":88,"sublayerTransform":[1,0,0,0,0,1,0,0,0,0,1,0,0,0,0,1],"contentsRect":{"y":0,"x":0,"width":1,"height":1},"opacity":1,"edgeAntialiasingMask":0,"height":88,"hidden":true,"anchorPoint":{"pointX":0.5,"pointY":0.5}},"texture":"1EF6E4AB0E4D2C71DA085BA2CF4D522D"}]},{"animations":[],"initialState":{"affineTransform":[1,0,0,1,0,0],"masksToBounds":false,"rotation":0,"scale":1,"position":{"pointX":356.69049072265625,"pointY":640.46697998046875},"width":88,"sublayerTransform":[1,0,0,0,0,1,0,0,0,0,1,0,0,0,0,1],"contentsRect":{"y":0,"x":0,"width":1,"height":1},"opacity":0.82384157180786133,"edgeAntialiasingMask":251658240,"height":88,"hidden":false,"anchorPoint":{"pointX":0.5,"pointY":0.5}},"layers":[{"animations":[],"layers":[],"texturedRectangle":{"singleTextureOpacity":0.82384157180786133,"textXHeight":0,"shapePath":{"lineWidth":1,"flatness":0.59999999999999998,"lineCapStyle":0,"elements":[{"type":"MoveToPoint","points":[[74.242523193359375,13.914941787719727]]},{"type":"AddCurve","points":[[90.839813232421875,30.512224197387695],[90.839813232421875,57.421733856201172],[74.242523193359375,74.019012451171875]]},{"type":"AddCurve","points":[[57.645244598388672,90.616302490234375],[30.735734939575195,90.616302490234375],[14.138452529907227,74.019012451171875]]},{"type":"AddCurve","points":[[-2.4588298797607422,57.421733856201172],[-2.4588298797607422,30.512224197387695],[14.138452529907227,13.914941787719727]]},{"type":"AddCurve","points":[[30.735734939575195,-2.6823406219482422],[57.645244598388672,-2.6823406219482422],[74.242523193359375,13.914941787719727]]},{"type":"CloseSubpath"},{"type":"MoveToPoint","points":[[74.242523193359375,13.914941787719727]]}],"windingRule":0,"lineJoinStyle":0,"miterLimit":10},"isBackgroundTexture":true,"textBaseline":0,"isVerticalText":false,"textureType":5},"initialState":{"affineTransform":[1,0,0,1,0,0],"masksToBounds":false,"rotation":0,"scale":1,"position":{"pointX":42.30950927734375,"pointY":42.53302001953125},"width":88,"sublayerTransform":[1,0,0,0,0,1,0,0,0,0,1,0,0,0,0,1],"contentsRect":{"y":0,"x":0,"width":1,"height":1},"opacity":1,"edgeAntialiasingMask":0,"height":88,"hidden":true,"anchorPoint":{"pointX":0.5,"pointY":0.5}},"texture":"DB97C5FEB1AF70C3D66EE73F577958C0"}]},{"animations":[],"initialState":{"affineTransform":[1,0,0,1,0,0],"masksToBounds":false,"rotation":0,"scale":1,"position":{"pointX":530.2103271484375,"pointY":640.46697998046875},"width":88,"sublayerTransform":[1,0,0,0,0,1,0,0,0,0,1,0,0,0,0,1],"contentsRect":{"y":0,"x":0,"width":1,"height":1},"opacity":0.82384157180786133,"edgeAntialiasingMask":251658240,"height":88,"hidden":false,"anchorPoint":{"pointX":0.5,"pointY":0.5}},"layers":[{"animations":[],"layers":[],"texturedRectangle":{"singleTextureOpacity":0.82384157180786133,"textXHeight":0,"shapePath":{"lineWidth":1,"flatness":0.59999999999999998,"lineCapStyle":0,"elements":[{"type":"MoveToPoint","points":[[73.762359619140625,13.914941787719727]]},{"type":"AddCurve","points":[[90.359649658203125,30.512224197387695],[90.359649658203125,57.421733856201172],[73.762359619140625,74.019012451171875]]},{"type":"AddCurve","points":[[57.165081024169922,90.616302490234375],[30.255571365356445,90.616302490234375],[13.658288955688477,74.019012451171875]]},{"type":"AddCurve","points":[[-2.9389934539794922,57.421733856201172],[-2.9389934539794922,30.512224197387695],[13.658288955688477,13.914941787719727]]},{"type":"AddCurve","points":[[30.255571365356445,-2.6823406219482422],[57.165081024169922,-2.6823406219482422],[73.762359619140625,13.914941787719727]]},{"type":"CloseSubpath"},{"type":"MoveToPoint","points":[[73.762359619140625,13.914941787719727]]}],"windingRule":0,"lineJoinStyle":0,"miterLimit":10},"isBackgroundTexture":true,"textBaseline":0,"isVerticalText":false,"textureType":5},"initialState":{"affineTransform":[1,0,0,1,0,0],"masksToBounds":false,"rotation":0,"scale":1,"position":{"pointX":42.7896728515625,"pointY":42.53302001953125},"width":88,"sublayerTransform":[1,0,0,0,0,1,0,0,0,0,1,0,0,0,0,1],"contentsRect":{"y":0,"x":0,"width":1,"height":1},"opacity":1,"edgeAntialiasingMask":0,"height":88,"hidden":true,"anchorPoint":{"pointX":0.5,"pointY":0.5}},"texture":"F40F7A3A0F61C38EF41320DD5DD747E3"}]},{"animations":[],"initialState":{"affineTransform":[1,0,0,1,0,0],"masksToBounds":false,"rotation":0,"scale":1,"position":{"pointX":283.68853441946612,"pointY":300.81183053826999},"width":88,"sublayerTransform":[1,0,0,0,0,1,0,0,0,0,1,0,0,0,0,1],"contentsRect":{"y":0,"x":0,"width":1,"height":1},"opacity":0.82384157180786133,"edgeAntialiasingMask":251658240,"height":68,"hidden":false,"anchorPoint":{"pointX":0.5,"pointY":0.5}},"layers":[{"animations":[],"layers":[],"texturedRectangle":{"singleTextureOpacity":0.82384157180786133,"textXHeight":0,"shapePath":{"lineWidth":1,"flatness":0.59999999999999998,"lineCapStyle":0,"elements":[{"type":"MoveToPoint","points":[[2.2880850257003544,65.414870220527575]]},{"type":"AddLine","points":[[86.123071966140401,2.6121673864559511]]}],"windingRule":0,"lineJoinStyle":0,"miterLimit":10},"isBackgroundTexture":true,"textBaseline":0,"isVerticalText":false,"textureType":5},"initialState":{"affineTransform":[1,0,0,1,0,0],"masksToBounds":false,"rotation":0,"scale":1,"position":{"pointX":42.311465580533849,"pointY":32.188169461730013},"width":88,"sublayerTransform":[1,0,0,0,0,1,0,0,0,0,1,0,0,0,0,1],"contentsRect":{"y":0,"x":0,"width":1,"height":1},"opacity":1,"edgeAntialiasingMask":0,"height":68,"hidden":true,"anchorPoint":{"pointX":0.5,"pointY":0.5}},"texture":"E600AA158C5FA647AEA04C4834926BD3"}]},{"animations":[],"initialState":{"affineTransform":[1,0,0,1,0,0],"masksToBounds":false,"rotation":0,"scale":1,"position":{"pointX":406.67689258962912,"pointY":297.87281544119162},"width":53,"sublayerTransform":[1,0,0,0,0,1,0,0,0,0,1,0,0,0,0,1],"contentsRect":{"y":0,"x":0,"width":1,"height":1},"opacity":0.82384157180786133,"edgeAntialiasingMask":251658240,"height":53,"hidden":false,"anchorPoint":{"pointX":0.5,"pointY":0.5}},"layers":[{"animations":[],"layers":[],"texturedRectangle":{"singleTextureOpacity":0.82384157180786133,"textXHeight":0,"shapePath":{"lineWidth":1,"flatness":0.59999999999999998,"lineCapStyle":0,"elements":[{"type":"MoveToPoint","points":[[51.04898298843284,51.24490583999534]]},{"type":"AddLine","points":[[1.8839993708156726,2.0799222223781726]]}],"windingRule":0,"lineJoinStyle":0,"miterLimit":10},"isBackgroundTexture":true,"textBaseline":0,"isVerticalText":false,"textureType":5},"initialState":{"affineTransform":[1,0,0,1,0,0],"masksToBounds":false,"rotation":0,"scale":1,"position":{"pointX":25.323107410370881,"pointY":25.127184558808381},"width":53,"sublayerTransform":[1,0,0,0,0,1,0,0,0,0,1,0,0,0,0,1],"contentsRect":{"y":0,"x":0,"width":1,"height":1},"opacity":1,"edgeAntialiasingMask":0,"height":53,"hidden":true,"anchorPoint":{"pointX":0.5,"pointY":0.5}},"texture":"905500B23667BEBA88A183D11A05D665"}]},{"animations":[],"initialState":{"affineTransform":[1,0,0,1,0,0],"masksToBounds":false,"rotation":0,"scale":1,"position":{"pointX":486.38888454471947,"pointY":300.16616426626007},"width":51,"sublayerTransform":[1,0,0,0,0,1,0,0,0,0,1,0,0,0,0,1],"contentsRect":{"y":0,"x":0,"width":1,"height":1},"opacity":0.82384157180786133,"edgeAntialiasingMask":251658240,"height":50,"hidden":false,"anchorPoint":{"pointX":0.5,"pointY":0.5}},"layers":[{"animations":[],"layers":[],"texturedRectangle":{"singleTextureOpacity":0.82384157180786133,"textXHeight":0,"shapePath":{"lineWidth":1,"flatness":0.59999999999999998,"lineCapStyle":0,"elements":[{"type":"MoveToPoint","points":[[2.5959913259060272,48.153768348166238]]},{"type":"AddLine","points":[[48.876488626625644,1.8732710474465648]]}],"windingRule":0,"lineJoinStyle":0,"miterLimit":10},"isBackgroundTexture":true,"textBaseline":0,"isVerticalText":false,"textureType":5},"initialState":{"affineTransform":[1,0,0,1,0,0],"masksToBounds":false,"rotation":0,"scale":1,"position":{"pointX":23.611115455280526,"pointY":23.833835733739932},"width":51,"sublayerTransform":[1,0,0,0,0,1,0,0,0,0,1,0,0,0,0,1],"contentsRect":{"y":0,"x":0,"width":1,"height":1},"opacity":1,"edgeAntialiasingMask":0,"height":50,"hidden":true,"anchorPoint":{"pointX":0.5,"pointY":0.5}},"texture":"82D698745A541495271B1F207226F278"}]},{"animations":[],"initialState":{"affineTransform":[1,0,0,1,0,0],"masksToBounds":false,"rotation":0,"scale":1,"position":{"pointX":623.03186689908148,"pointY":290.10879700156283},"width":116,"sublayerTransform":[1,0,0,0,0,1,0,0,0,0,1,0,0,0,0,1],"contentsRect":{"y":0,"x":0,"width":1,"height":1},"opacity":0.82384157180786133,"edgeAntialiasingMask":251658240,"height":69,"hidden":false,"anchorPoint":{"pointX":0.5,"pointY":0.5}},"layers":[{"animations":[],"layers":[],"texturedRectangle":{"singleTextureOpacity":0.82384157180786133,"textXHeight":0,"shapePath":{"lineWidth":1,"flatness":0.59999999999999998,"lineCapStyle":0,"elements":[{"type":"MoveToPoint","points":[[114.31881643849397,66.547812718416878]]},{"type":"AddLine","points":[[1.5257745869532755,2.4783113463904556]]}],"windingRule":0,"lineJoinStyle":0,"miterLimit":10},"isBackgroundTexture":true,"textBaseline":0,"isVerticalText":false,"textureType":5},"initialState":{"affineTransform":[1,0,0,1,0,0],"masksToBounds":false,"rotation":0,"scale":1,"position":{"pointX":56.968133100918521,"pointY":32.891202998437194},"width":116,"sublayerTransform":[1,0,0,0,0,1,0,0,0,0,1,0,0,0,0,1],"contentsRect":{"y":0,"x":0,"width":1,"height":1},"opacity":1,"edgeAntialiasingMask":0,"height":69,"hidden":true,"anchorPoint":{"pointX":0.5,"pointY":0.5}},"texture":"307E22068D43BE146DA870C0905EAC04"}]},{"animations":[],"initialState":{"affineTransform":[1,0,0,1,0,0],"masksToBounds":false,"rotation":0,"scale":1,"position":{"pointX":446.37529182434082,"pointY":438.43574243576131},"width":5,"sublayerTransform":[1,0,0,0,0,1,0,0,0,0,1,0,0,0,0,1],"contentsRect":{"y":0,"x":0,"width":1,"height":1},"opacity":0.82384157180786133,"edgeAntialiasingMask":251658240,"height":67,"hidden":false,"anchorPoint":{"pointX":0.5,"pointY":0.5}},"layers":[{"animations":[],"layers":[],"texturedRectangle":{"singleTextureOpacity":0.82384157180786133,"textXHeight":0,"shapePath":{"lineWidth":1,"flatness":0.59999999999999998,"lineCapStyle":0,"elements":[{"type":"MoveToPoint","points":[[2.8752918243408203,65.37303352355957]]},{"type":"AddLine","points":[[2.8752918243408203,1.9357424357613127]]}],"windingRule":0,"lineJoinStyle":0,"miterLimit":10},"isBackgroundTexture":true,"textBaseline":0,"isVerticalText":false,"textureType":5},"initialState":{"affineTransform":[1,0,0,1,0,0],"masksToBounds":false,"rotation":0,"scale":1,"position":{"pointX":0.62470817565917969,"pointY":31.564257564238687},"width":5,"sublayerTransform":[1,0,0,0,0,1,0,0,0,0,1,0,0,0,0,1],"contentsRect":{"y":0,"x":0,"width":1,"height":1},"opacity":1,"edgeAntialiasingMask":0,"height":67,"hidden":true,"anchorPoint":{"pointX":0.5,"pointY":0.5}},"texture":"5ADDA68868242E2A90038283BB7635A5"}]},{"animations":[],"initialState":{"affineTransform":[1,0,0,1,0,0],"masksToBounds":false,"rotation":0,"scale":1,"position":{"pointX":396.44366520646435,"pointY":572.18118660542132},"width":57,"sublayerTransform":[1,0,0,0,0,1,0,0,0,0,1,0,0,0,0,1],"contentsRect":{"y":0,"x":0,"width":1,"height":1},"opacity":0.82384157180786133,"edgeAntialiasingMask":251658240,"height":56,"hidden":false,"anchorPoint":{"pointX":0.5,"pointY":0.5}},"layers":[{"animations":[],"layers":[],"texturedRectangle":{"singleTextureOpacity":0.82384157180786133,"textXHeight":0,"shapePath":{"lineWidth":1,"flatness":0.59999999999999998,"lineCapStyle":0,"elements":[{"type":"MoveToPoint","points":[[2.6507719876508986,53.685802566792404]]},{"type":"AddLine","points":[[54.448281167835376,1.8882933866078702]]}],"windingRule":0,"lineJoinStyle":0,"miterLimit":10},"isBackgroundTexture":true,"textBaseline":0,"isVerticalText":false,"textureType":5},"initialState":{"affineTransform":[1,0,0,1,0,0],"masksToBounds":false,"rotation":0,"scale":1,"position":{"pointX":26.556334793535655,"pointY":26.818813394578683},"width":57,"sublayerTransform":[1,0,0,0,0,1,0,0,0,0,1,0,0,0,0,1],"contentsRect":{"y":0,"x":0,"width":1,"height":1},"opacity":1,"edgeAntialiasingMask":0,"height":56,"hidden":true,"anchorPoint":{"pointX":0.5,"pointY":0.5}},"texture":"609C61EC8FCEE7F9BBFBDDBB7E193857"}]},{"animations":[],"initialState":{"affineTransform":[1,0,0,1,0,0],"masksToBounds":false,"rotation":0,"scale":1,"position":{"pointX":495.85506269251641,"pointY":572.14665158764683},"width":44,"sublayerTransform":[1,0,0,0,0,1,0,0,0,0,1,0,0,0,0,1],"contentsRect":{"y":0,"x":0,"width":1,"height":1},"opacity":0.82384157180786133,"edgeAntialiasingMask":251658240,"height":60,"hidden":false,"anchorPoint":{"pointX":0.5,"pointY":0.5}},"layers":[{"animations":[],"layers":[],"texturedRectangle":{"singleTextureOpacity":0.82384157180786133,"textXHeight":0,"shapePath":{"lineWidth":1,"flatness":0.59999999999999998,"lineCapStyle":0,"elements":[{"type":"MoveToPoint","points":[[41.771519499108763,57.855952746661956]]},{"type":"AddLine","points":[[2.675669960476057,1.7181441175821419]]}],"windingRule":0,"lineJoinStyle":0,"miterLimit":10},"isBackgroundTexture":true,"textBaseline":0,"isVerticalText":false,"textureType":5},"initialState":{"affineTransform":[1,0,0,1,0,0],"masksToBounds":false,"rotation":0,"scale":1,"position":{"pointX":20.144937307483588,"pointY":28.853348412353171},"width":44,"sublayerTransform":[1,0,0,0,0,1,0,0,0,0,1,0,0,0,0,1],"contentsRect":{"y":0,"x":0,"width":1,"height":1},"opacity":1,"edgeAntialiasingMask":0,"height":60,"hidden":true,"anchorPoint":{"pointX":0.5,"pointY":0.5}},"texture":"891611A1923BA74E5663F6CFD2559812"}]},{"animations":[],"initialState":{"affineTransform":[1,0,0,1,0,0],"masksToBounds":false,"rotation":0,"scale":1,"position":{"pointX":309.10767170342882,"pointY":460.69909141402951},"width":190,"sublayerTransform":[1,0,0,0,0,1,0,0,0,0,1,0,0,0,0,1],"contentsRect":{"y":0,"x":0,"width":1,"height":1},"opacity":0.82384157180786133,"edgeAntialiasingMask":251658240,"height":109,"hidden":false,"anchorPoint":{"pointX":0.5,"pointY":0.5}},"layers":[{"animations":[],"layers":[],"texturedRectangle":{"singleTextureOpacity":0.82384157180786133,"textXHeight":0,"shapePath":{"lineWidth":1,"flatness":0.59999999999999998,"lineCapStyle":0,"elements":[{"type":"MoveToPoint","points":[[188.00700447373208,106.34705450388691]]},{"type":"AddLine","points":[[1.5958651119304363,2.0718268813365057]]}],"windingRule":0,"lineJoinStyle":0,"miterLimit":10},"isBackgroundTexture":true,"textBaseline":0,"isVerticalText":false,"textureType":5},"initialState":{"affineTransform":[1,0,0,1,0,0],"masksToBounds":false,"rotation":0,"scale":1,"position":{"pointX":93.892328296571179,"pointY":53.30090858597049},"width":190,"sublayerTransform":[1,0,0,0,0,1,0,0,0,0,1,0,0,0,0,1],"contentsRect":{"y":0,"x":0,"width":1,"height":1},"opacity":1,"edgeAntialiasingMask":0,"height":109,"hidden":true,"anchorPoint":{"pointX":0.5,"pointY":0.5}},"texture":"AE7856329909AA5659B016B08AA80811"}]},{"animations":[],"initialState":{"affineTransform":[1,0,0,1,0,0],"masksToBounds":false,"rotation":0,"scale":1,"position":{"pointX":589.26197337291956,"pointY":462.19330026146787},"width":202,"sublayerTransform":[1,0,0,0,0,1,0,0,0,0,1,0,0,0,0,1],"contentsRect":{"y":0,"x":0,"width":1,"height":1},"opacity":0.82384157180786133,"edgeAntialiasingMask":251658240,"height":112,"hidden":false,"anchorPoint":{"pointX":0.5,"pointY":0.5}},"layers":[{"animations":[],"layers":[],"texturedRectangle":{"singleTextureOpacity":0.82384157180786133,"textXHeight":0,"shapePath":{"lineWidth":1,"flatness":0.59999999999999998,"lineCapStyle":0,"elements":[{"type":"MoveToPoint","points":[[1.7396289305031587,109.86901059507056]]},{"type":"AddLine","points":[[200.00989599660272,2.0718474533189806]]}],"windingRule":0,"lineJoinStyle":0,"miterLimit":10},"isBackgroundTexture":true,"textBaseline":0,"isVerticalText":false,"textureType":5},"initialState":{"affineTransform":[1,0,0,1,0,0],"masksToBounds":false,"rotation":0,"scale":1,"position":{"pointX":99.738026627080444,"pointY":54.806699738532132},"width":202,"sublayerTransform":[1,0,0,0,0,1,0,0,0,0,1,0,0,0,0,1],"contentsRect":{"y":0,"x":0,"width":1,"height":1},"opacity":1,"edgeAntialiasingMask":0,"height":112,"hidden":true,"anchorPoint":{"pointX":0.5,"pointY":0.5}},"texture":"81AF035027FEADF231A4EC0C7E5BC501"}]},{"animations":[],"initialState":{"affineTransform":[1,0,0,1,0,0],"masksToBounds":false,"rotation":0,"scale":1,"position":{"pointX":844.86934471130371,"pointY":640.46375369132784},"width":294,"sublayerTransform":[1,0,0,0,0,1,0,0,0,0,1,0,0,0,0,1],"contentsRect":{"y":0,"x":0,"width":1,"height":1},"opacity":1,"edgeAntialiasingMask":251658240,"height":233,"hidden":false,"anchorPoint":{"pointX":0.5,"pointY":0.5}},"layers":[{"animations":[],"layers":[],"texturedRectangle":{"isBackgroundTexture":true,"singleTextureOpacity":1,"textureType":5,"textBaseline":0,"textXHeight":0,"isVerticalText":false},"initialState":{"affineTransform":[1,0,0,1,0,0],"masksToBounds":false,"rotation":0,"scale":1,"position":{"pointX":145.13065528869629,"pointY":114.53624630867216},"width":294,"sublayerTransform":[1,0,0,0,0,1,0,0,0,0,1,0,0,0,0,1],"contentsRect":{"y":0,"x":0,"width":1,"height":1},"opacity":1,"edgeAntialiasingMask":0,"height":233,"hidden":true,"anchorPoint":{"pointX":0.5,"pointY":0.5}},"texture":"E8D3918E52B6C13991A8DF1F5642773A"}]},{"animations":[],"initialState":{"affineTransform":[1,0,0,1,0,0],"masksToBounds":false,"rotation":0,"scale":1,"position":{"pointX":508.8373381147394,"pointY":739.5},"width":21,"sublayerTransform":[1,0,0,0,0,1,0,0,0,0,1,0,0,0,0,1],"contentsRect":{"y":0,"x":0,"width":1,"height":1},"opacity":1,"edgeAntialiasingMask":251658240,"height":15,"hidden":false,"anchorPoint":{"pointX":0.5,"pointY":0.5}},"layers":[{"animations":[],"layers":[],"texturedRectangle":{"singleTextureOpacity":1,"textXHeight":0.54826666666666668,"textBaseline":0.87519531250000004,"isBackgroundTexture":false,"isVerticalText":false,"textColor":[0,0,0,1],"textureType":6},"initialState":{"affineTransform":[1,0,0,1,0,0],"masksToBounds":false,"rotation":0,"scale":1,"position":{"pointX":13.162661885260604,"pointY":12.5},"width":21,"sublayerTransform":[1,0,0,0,0,1,0,0,0,0,1,0,0,0,0,1],"contentsRect":{"y":0,"x":0,"width":1,"height":1},"opacity":1,"edgeAntialiasingMask":0,"height":15,"hidden":true,"anchorPoint":{"pointX":0.5,"pointY":0.5}},"texture":"05F0C7E4481349A3331B168700D1262F"}]}]}}]}