{"assets":{"102B2EBEA9151280297C66A023379F88":{"type":"texture","index":5,"assetRequest":{"type":"slide","state":"contents","slide":"none"},"url":{"native":"assets\/D85B8FD1-9085-45A0-B243-3DC78E22150B.pdf"},"width":174,"height":104},"B5AA8394F00CCD86837D1CDB3E6E304A":{"type":"texture","index":6,"assetRequest":{"type":"slide","state":"contents","slide":"none"},"url":{"native":"assets\/D85B8FD1-9085-45A0-B243-3DC78E22150B.pdf"},"width":21,"height":15},"DD6D41BA6D8244A295D3E6C6DE0E86E5":{"type":"texture","index":4,"assetRequest":{"type":"slide","state":"contents","slide":"none"},"url":{"native":"assets\/D85B8FD1-9085-45A0-B243-3DC78E22150B.pdf"},"width":133,"height":114},"D0EDF22724711583897589954D3BB036":{"type":"texture","index":3,"assetRequest":{"type":"slide","state":"contents","slide":"none"},"url":{"native":"assets\/D85B8FD1-9085-45A0-B243-3DC78E22150B.pdf"},"width":122,"height":104},"32A57C6B1F39573FAE1AE6EFE0694FEF":{"type":"texture","index":1,"assetRequest":{"type":"slide","state":"contents","slide":"none"},"url":{"native":"assets\/D85B8FD1-9085-45A0-B243-3DC78E22150B.pdf"},"width":959,"height":60},"15F6B2F30F062C998569EA82CD6C788F":{"type":"texture","index":2,"assetRequest":{"type":"slide","state":"contents","slide":"none"},"url":{"native":"assets\/D85B8FD1-9085-45A0-B243-3DC78E22150B.pdf"},"width":1027,"height":193},"7E16D7E343BDC13E71E86B95284E278F":{"type":"texture","index":10,"assetRequest":{"type":"slide","state":"contents","slide":"none"},"url":{"native":"assets\/D85B8FD1-9085-45A0-B243-3DC78E22150B.pdf"},"width":21,"height":15},"D98A000DB21D938DCAE25841B1FBC03B":{"type":"texture","index":7,"assetRequest":{"type":"slide","state":"contents","slide":"none"},"url":{"native":"assets\/D85B8FD1-9085-45A0-B243-3DC78E22150B.pdf"},"width":566,"height":95},"0BCA91D27579FC963F049CB970EA1C35":{"type":"texture","index":8,"assetRequest":{"type":"slide","state":"contents","slide":"none"},"url":{"native":"assets\/D85B8FD1-9085-45A0-B243-3DC78E22150B.pdf"},"width":81,"height":91},"498E23C82CA78A4BCD7BA88E5243B6FC":{"type":"texture","index":0,"assetRequest":{"type":"slide","state":"contents","slide":"none"},"url":{"native":"assets\/D85B8FD1-9085-45A0-B243-3DC78E22150B.pdf"},"width":1024,"height":768},"0398057353D4C6F71AD33F4D284D5AAE":{"type":"texture","index":9,"assetRequest":{"type":"slide","state":"contents","slide":"none"},"url":{"native":"assets\/D85B8FD1-9085-45A0-B243-3DC78E22150B.pdf"},"width":699,"height":97}},"events":[{"effects":[{"beginTime":0,"baseLayer":{"animations":[],"initialState":{"affineTransform":[1,0,0,1,0,0],"masksToBounds":false,"rotation":0,"scale":1,"position":{"pointX":512,"pointY":384},"width":1024,"sublayerTransform":[1,0,0,0,0,1,0,0,0,0,1,0,0,0,0,1],"contentsRect":{"y":0,"x":0,"width":1,"height":1},"opacity":1,"edgeAntialiasingMask":251658240,"height":768,"hidden":false,"anchorPoint":{"pointX":0.5,"pointY":0.5}},"objectID":"0","layers":[{"animations":[],"initialState":{"affineTransform":[1,0,0,1,0,0],"masksToBounds":false,"rotation":0,"scale":1,"position":{"pointX":512,"pointY":384},"width":1024,"sublayerTransform":[1,0,0,0,0,1,0,0,0,0,1,-0.00049229876906403734,0,0,0,1],"contentsRect":{"y":0,"x":0,"width":1,"height":1},"opacity":1,"edgeAntialiasingMask":251658240,"height":768,"hidden":false,"anchorPoint":{"pointX":0.5,"pointY":0.5}},"layers":[{"animations":[],"initialState":{"affineTransform":[1,0,0,1,0,0],"masksToBounds":false,"rotation":0,"scale":1,"position":{"pointX":512,"pointY":384},"width":1024,"sublayerTransform":[1,0,0,0,0,1,0,0,0,0,1,0,0,0,0,1],"contentsRect":{"y":0,"x":0,"width":1,"height":1},"opacity":1,"edgeAntialiasingMask":251658240,"height":768,"hidden":false,"anchorPoint":{"pointX":0.5,"pointY":0.5}},"layers":[{"animations":[{"repeatCount":0,"removedOnCompletion":false,"from":{"scalar":false},"timingFunction":"EaseInEaseOut","additive":false,"timeOffset":0,"autoreverses":false,"property":"hidden","fillMode":"both","duration":0.89999997615814209,"beginTime":0,"to":{"scalar":false}}],"layers":[],"texturedRectangle":{"isBackgroundTexture":true,"singleTextureOpacity":1,"textureType":1,"textBaseline":0,"textXHeight":0,"isVerticalText":false},"initialState":{"affineTransform":[1,0,0,1,0,0],"masksToBounds":false,"rotation":0,"scale":1,"position":{"pointX":512,"pointY":384},"width":1024,"sublayerTransform":[1,0,0,0,0,1,0,0,0,0,1,0,0,0,0,1],"contentsRect":{"y":0,"x":0,"width":1,"height":1},"opacity":1,"edgeAntialiasingMask":0,"height":768,"hidden":false,"anchorPoint":{"pointX":0.5,"pointY":0.5}},"texture":"498E23C82CA78A4BCD7BA88E5243B6FC"}]},{"animations":[],"initialState":{"affineTransform":[1,0,0,1,0,0],"masksToBounds":false,"rotation":0,"scale":1,"position":{"pointX":512,"pointY":384},"width":1024,"sublayerTransform":[1,0,0,0,0,1,0,0,0,0,1,0,0,0,0,1],"contentsRect":{"y":0,"x":0,"width":1,"height":1},"opacity":1,"edgeAntialiasingMask":251658240,"height":768,"hidden":false,"anchorPoint":{"pointX":0.5,"pointY":0.5}},"layers":[{"animations":[{"repeatCount":0,"removedOnCompletion":false,"from":{"scalar":1},"timingFunction":"EaseInEaseOut","additive":false,"timeOffset":0,"autoreverses":false,"property":"opacity","fillMode":"both","duration":0.89999997615814209,"beginTime":0,"to":{"scalar":0}}],"layers":[],"texturedRectangle":{"isBackgroundTexture":true,"singleTextureOpacity":1,"textureType":1,"textBaseline":0,"textXHeight":0,"isVerticalText":false},"initialState":{"affineTransform":[1,0,0,1,0,0],"masksToBounds":false,"rotation":0,"scale":1,"position":{"pointX":512,"pointY":384},"width":1024,"sublayerTransform":[1,0,0,0,0,1,0,0,0,0,1,0,0,0,0,1],"contentsRect":{"y":0,"x":0,"width":1,"height":1},"opacity":1,"edgeAntialiasingMask":0,"height":768,"hidden":false,"anchorPoint":{"pointX":0.5,"pointY":0.5}},"texture":"498E23C82CA78A4BCD7BA88E5243B6FC"}]}]},{"animations":[],"initialState":{"affineTransform":[1,0,0,1,0,0],"masksToBounds":false,"rotation":0,"scale":1,"position":{"pointX":504.87900161743164,"pointY":217.30175256729126},"width":959,"sublayerTransform":[1,0,0,0,0,1,0,0,0,0,1,0,0,0,0,1],"contentsRect":{"y":0,"x":0,"width":1,"height":1},"opacity":1,"edgeAntialiasingMask":251658240,"height":60,"hidden":false,"anchorPoint":{"pointX":0.5,"pointY":0.5}},"layers":[{"animations":[{"additive":false,"timeOffset":0,"beginTime":0,"repeatCount":0,"fillMode":"both","duration":0.89999997615814209,"autoreverses":false,"animations":[{"repeatCount":0,"removedOnCompletion":true,"from":{"pointX":498.12099838256836,"pointY":46.69824743270874},"timingFunction":"EaseInEaseOut","additive":false,"timeOffset":0,"autoreverses":false,"property":"position","fillMode":"both","duration":0.89999997615814209,"beginTime":0,"to":{"pointX":2546.1209983825684,"pointY":46.69824743270874}},{"additive":false,"timeOffset":0,"beginTime":0,"from":{"scalar":1},"repeatCount":0,"fillMode":"both","duration":0.89999997615814209,"autoreverses":false,"property":"opacity","to":{"scalar":1},"removedOnCompletion":true},{"additive":false,"timeOffset":0,"beginTime":0,"from":{"scalar":false},"repeatCount":0,"fillMode":"both","duration":0.89999997615814209,"autoreverses":false,"property":"hidden","to":{"scalar":false},"removedOnCompletion":true}],"removedOnCompletion":false}],"layers":[],"texturedRectangle":{"singleTextureOpacity":1,"textXHeight":0.4598526703499079,"textBaseline":1.8835791667302451,"isBackgroundTexture":true,"isVerticalText":false,"textColor":[0,0,0,1],"textureType":6},"initialState":{"affineTransform":[1,0,0,1,0,0],"masksToBounds":false,"rotation":0,"scale":1,"position":{"pointX":498.12099838256836,"pointY":46.69824743270874},"width":959,"sublayerTransform":[1,0,0,0,0,1,0,0,0,0,1,0,0,0,0,1],"contentsRect":{"y":0,"x":0,"width":1,"height":1},"opacity":1,"edgeAntialiasingMask":0,"height":60,"hidden":false,"anchorPoint":{"pointX":0.5,"pointY":0.5}},"texture":"32A57C6B1F39573FAE1AE6EFE0694FEF"}]},{"animations":[],"initialState":{"affineTransform":[1,0,0,1,0,0],"masksToBounds":false,"rotation":0,"scale":1,"position":{"pointX":513.49999998556677,"pointY":479.29354858398438},"width":1027,"sublayerTransform":[1,0,0,0,0,1,0,0,0,0,1,0,0,0,0,1],"contentsRect":{"y":0,"x":0,"width":1,"height":1},"opacity":1,"edgeAntialiasingMask":251658240,"height":193,"hidden":false,"anchorPoint":{"pointX":0.5,"pointY":0.5}},"layers":[{"animations":[{"additive":false,"timeOffset":0,"beginTime":0,"repeatCount":0,"fillMode":"both","duration":0.89999997615814209,"autoreverses":false,"animations":[{"repeatCount":0,"removedOnCompletion":true,"from":{"pointX":511.50000001443328,"pointY":94.706451416015625},"timingFunction":"EaseInEaseOut","additive":false,"timeOffset":0,"autoreverses":false,"property":"position","fillMode":"both","duration":0.89999997615814209,"beginTime":0,"to":{"pointX":2360.1000000144336,"pointY":94.706451416015625}},{"additive":false,"timeOffset":0,"beginTime":0,"from":{"scalar":1},"repeatCount":0,"fillMode":"both","duration":0.89999997615814209,"autoreverses":false,"property":"opacity","to":{"scalar":1},"removedOnCompletion":true},{"additive":false,"timeOffset":0,"beginTime":0,"from":{"scalar":false},"repeatCount":0,"fillMode":"both","duration":0.89999997615814209,"autoreverses":false,"property":"hidden","to":{"scalar":false},"removedOnCompletion":true}],"removedOnCompletion":false}],"layers":[],"texturedRectangle":{"isBackgroundTexture":true,"singleTextureOpacity":1,"textureType":5,"textBaseline":0,"textXHeight":0,"isVerticalText":false},"initialState":{"affineTransform":[1,0,0,1,0,0],"masksToBounds":false,"rotation":0,"scale":1,"position":{"pointX":511.50000001443328,"pointY":94.706451416015625},"width":1027,"sublayerTransform":[1,0,0,0,0,1,0,0,0,0,1,0,0,0,0,1],"contentsRect":{"y":0,"x":0,"width":1,"height":1},"opacity":1,"edgeAntialiasingMask":0,"height":193,"hidden":false,"anchorPoint":{"pointX":0.5,"pointY":0.5}},"texture":"15F6B2F30F062C998569EA82CD6C788F"}]},{"animations":[],"initialState":{"affineTransform":[1,0,0,1,0,0],"masksToBounds":false,"rotation":0,"scale":1,"position":{"pointX":307.35810852050781,"pointY":460.50125122070312},"width":122,"sublayerTransform":[1,0,0,0,0,1,0,0,0,0,1,0,0,0,0,1],"contentsRect":{"y":0,"x":0,"width":1,"height":1},"opacity":1,"edgeAntialiasingMask":251658240,"height":104,"hidden":false,"anchorPoint":{"pointX":0.5,"pointY":0.5}},"layers":[{"animations":[{"additive":false,"timeOffset":0,"beginTime":0,"repeatCount":0,"fillMode":"both","duration":0.89999997615814209,"autoreverses":false,"animations":[{"repeatCount":0,"removedOnCompletion":true,"from":{"pointX":59.641891479492188,"pointY":50.498748779296875},"timingFunction":"EaseInEaseOut","additive":false,"timeOffset":0,"autoreverses":false,"property":"position","fillMode":"both","duration":0.89999997615814209,"beginTime":0,"to":{"pointX":1698.0418914794923,"pointY":50.498748779296875}},{"additive":false,"timeOffset":0,"beginTime":0,"from":{"scalar":1},"repeatCount":0,"fillMode":"both","duration":0.89999997615814209,"autoreverses":false,"property":"opacity","to":{"scalar":1},"removedOnCompletion":true},{"additive":false,"timeOffset":0,"beginTime":0,"from":{"scalar":false},"repeatCount":0,"fillMode":"both","duration":0.89999997615814209,"autoreverses":false,"property":"hidden","to":{"scalar":false},"removedOnCompletion":true}],"removedOnCompletion":false}],"layers":[],"texturedRectangle":{"singleTextureOpacity":1,"textXHeight":0,"shapePath":{"lineWidth":1,"flatness":0.59999999999999998,"lineCapStyle":0,"elements":[{"type":"MoveToPoint","points":[[30.788083520507826,8.001251220703125]]},{"type":"AddLine","points":[[91.402964147949206,8.001251220703125]]},{"type":"AddCurve","points":[[98.131748201716789,8.001251220703125],[102.16901863397732,8.001251220703125],[104.86053225548432,9.1249220384083856]]},{"type":"AddCurve","points":[[108.74058174856305,10.537144561368677],[111.79704580728367,13.593608620089356],[113.20926833024396,17.473658113168028]]},{"type":"AddCurve","points":[[114.33293914794922,20.165171734675027],[114.33293914794922,24.202442166935555],[114.33293914794922,30.931226220703138]]},{"type":"AddLine","points":[[114.33293914794922,73.397348913574206]]},{"type":"AddCurve","points":[[114.33293914794922,80.126132967341789],[114.33293914794922,84.163403399602316],[113.20926833024396,86.854917021109316]]},{"type":"AddCurve","points":[[111.79704580728367,90.734966514188045],[108.74058174856305,93.791430572908666],[104.86053225548432,95.203653095868958]]},{"type":"AddCurve","points":[[102.16901863397732,96.327323913574219],[98.131748201716789,96.327323913574219],[91.402964147949206,96.327323913574219]]},{"type":"AddLine","points":[[30.788083520507826,96.327323913574219]]},{"type":"AddCurve","points":[[24.059299466740242,96.327323913574219],[20.022029034479715,96.327323913574219],[17.330515412972716,95.203653095868958]]},{"type":"AddCurve","points":[[13.450465919894043,93.791430572908666],[10.394001861173365,90.734966514188045],[8.9817793382130446,86.854917021109316]]},{"type":"AddCurve","points":[[7.8581085205078125,84.163403399602316],[7.8581085205078125,80.126132967341789],[7.8581085205078125,73.397348913574206]]},{"type":"AddLine","points":[[7.8581085205078125,30.931226220703138]]},{"type":"AddCurve","points":[[7.8581085205078125,24.202442166935555],[7.8581085205078125,20.165171734675027],[8.9817793382130446,17.473658113168028]]},{"type":"AddCurve","points":[[10.394001861173365,13.593608620089356],[13.450465919894043,10.537144561368677],[17.330515412972716,9.1249220384083856]]},{"type":"AddCurve","points":[[20.022029034479715,8.001251220703125],[24.059299466740242,8.001251220703125],[30.788083520507826,8.001251220703125]]},{"type":"CloseSubpath"},{"type":"MoveToPoint","points":[[30.788083520507826,8.001251220703125]]}],"windingRule":0,"lineJoinStyle":0,"miterLimit":10},"isBackgroundTexture":true,"textBaseline":0,"isVerticalText":false,"textureType":5},"initialState":{"affineTransform":[1,0,0,1,0,0],"masksToBounds":false,"rotation":0,"scale":1,"position":{"pointX":59.641891479492188,"pointY":50.498748779296875},"width":122,"sublayerTransform":[1,0,0,0,0,1,0,0,0,0,1,0,0,0,0,1],"contentsRect":{"y":0,"x":0,"width":1,"height":1},"opacity":1,"edgeAntialiasingMask":0,"height":104,"hidden":false,"anchorPoint":{"pointX":0.5,"pointY":0.5}},"texture":"D0EDF22724711583897589954D3BB036"}]},{"animations":[],"initialState":{"affineTransform":[1,0,0,1,0,0],"masksToBounds":false,"rotation":0,"scale":1,"position":{"pointX":895.89288330078125,"pointY":460.61099243164062},"width":133,"sublayerTransform":[1,0,0,0,0,1,0,0,0,0,1,0,0,0,0,1],"contentsRect":{"y":0,"x":0,"width":1,"height":1},"opacity":1,"edgeAntialiasingMask":251658240,"height":114,"hidden":false,"anchorPoint":{"pointX":0.5,"pointY":0.5}},"layers":[{"animations":[{"additive":false,"timeOffset":0,"beginTime":0,"repeatCount":0,"fillMode":"both","duration":0.89999997615814209,"autoreverses":false,"animations":[{"repeatCount":0,"removedOnCompletion":true,"from":{"pointX":65.10711669921875,"pointY":55.389007568359375},"timingFunction":"EaseInEaseOut","additive":false,"timeOffset":0,"autoreverses":false,"property":"position","fillMode":"both","duration":0.89999997615814209,"beginTime":0,"to":{"pointX":1498.7071166992187,"pointY":55.389007568359375}},{"additive":false,"timeOffset":0,"beginTime":0,"from":{"scalar":1},"repeatCount":0,"fillMode":"both","duration":0.89999997615814209,"autoreverses":false,"property":"opacity","to":{"scalar":1},"removedOnCompletion":true},{"additive":false,"timeOffset":0,"beginTime":0,"from":{"scalar":false},"repeatCount":0,"fillMode":"both","duration":0.89999997615814209,"autoreverses":false,"property":"hidden","to":{"scalar":false},"removedOnCompletion":true}],"removedOnCompletion":false}],"layers":[],"texturedRectangle":{"singleTextureOpacity":1,"textXHeight":0,"shapePath":{"lineWidth":1,"flatness":0.59999999999999998,"lineCapStyle":0,"elements":[{"type":"MoveToPoint","points":[[33.119019332132325,8.110992431640625]]},{"type":"AddLine","points":[[99.803755936422363,8.110992431640625]]},{"type":"AddCurve","points":[[107.20634673148106,8.110992431640625],[111.64790120851626,8.110992431640625],[114.60893752653976,9.3471853582308881]]},{"type":"AddCurve","points":[[118.87752727950624,10.900824970604447],[122.24005942880967,14.263357119907823],[123.79369904118312,18.5319468728743]]},{"type":"AddCurve","points":[[125.02989196777344,21.492983190897803],[125.02989196777344,25.934537667933],[125.02989196777344,33.3371284629917]]},{"type":"AddLine","points":[[125.02989196777344,80.991439041891113]]},{"type":"AddCurve","points":[[125.02989196777344,88.394029836949812],[125.02989196777344,92.835584313985009],[123.79369904118312,95.796620632008512]]},{"type":"AddCurve","points":[[122.24005942880967,100.06521038497499],[118.87752727950624,103.42774253427842],[114.60893752653976,104.98138214665192]]},{"type":"AddCurve","points":[[111.64790120851626,106.21757507324219],[107.20634673148106,106.21757507324219],[99.803755936422363,106.21757507324219]]},{"type":"AddLine","points":[[33.119019332132325,106.21757507324219]]},{"type":"AddCurve","points":[[25.716428537073625,106.21757507324219],[21.274874060038428,106.21757507324219],[18.313837742014925,104.98138214665192]]},{"type":"AddCurve","points":[[14.045247989048448,103.42774253427842],[10.682715839745015,100.06521038497499],[9.12907622737157,95.796620632008512]]},{"type":"AddCurve","points":[[7.89288330078125,92.835584313985009],[7.89288330078125,88.394029836949812],[7.89288330078125,80.991439041891113]]},{"type":"AddLine","points":[[7.89288330078125,33.3371284629917]]},{"type":"AddCurve","points":[[7.89288330078125,25.934537667933],[7.89288330078125,21.492983190897803],[9.12907622737157,18.5319468728743]]},{"type":"AddCurve","points":[[10.682715839745015,14.263357119907823],[14.045247989048448,10.900824970604447],[18.313837742014925,9.3471853582308881]]},{"type":"AddCurve","points":[[21.274874060038428,8.110992431640625],[25.716428537073625,8.110992431640625],[33.119019332132325,8.110992431640625]]},{"type":"CloseSubpath"},{"type":"MoveToPoint","points":[[33.119019332132325,8.110992431640625]]}],"windingRule":0,"lineJoinStyle":0,"miterLimit":10},"isBackgroundTexture":true,"textBaseline":0,"isVerticalText":false,"textureType":5},"initialState":{"affineTransform":[1,0,0,1,0,0],"masksToBounds":false,"rotation":0,"scale":1,"position":{"pointX":65.10711669921875,"pointY":55.389007568359375},"width":133,"sublayerTransform":[1,0,0,0,0,1,0,0,0,0,1,0,0,0,0,1],"contentsRect":{"y":0,"x":0,"width":1,"height":1},"opacity":1,"edgeAntialiasingMask":0,"height":114,"hidden":false,"anchorPoint":{"pointX":0.5,"pointY":0.5}},"texture":"DD6D41BA6D8244A295D3E6C6DE0E86E5"}]},{"animations":[],"initialState":{"affineTransform":[1,0,0,1,0,0],"masksToBounds":false,"rotation":0,"scale":1,"position":{"pointX":525.12591552734375,"pointY":460.50125122070312},"width":174,"sublayerTransform":[1,0,0,0,0,1,0,0,0,0,1,0,0,0,0,1],"contentsRect":{"y":0,"x":0,"width":1,"height":1},"opacity":1,"edgeAntialiasingMask":251658240,"height":104,"hidden":false,"anchorPoint":{"pointX":0.5,"pointY":0.5}},"layers":[{"animations":[{"additive":false,"timeOffset":0,"beginTime":0,"repeatCount":0,"fillMode":"both","duration":0.89999997615814209,"autoreverses":false,"animations":[{"repeatCount":0,"removedOnCompletion":true,"from":{"pointX":85.87408447265625,"pointY":50.498748779296875},"timingFunction":"EaseInEaseOut","additive":false,"timeOffset":0,"autoreverses":false,"property":"position","fillMode":"both","duration":0.89999997615814209,"beginTime":0,"to":{"pointX":1314.6740844726562,"pointY":50.498748779296875}},{"additive":false,"timeOffset":0,"beginTime":0,"from":{"scalar":1},"repeatCount":0,"fillMode":"both","duration":0.89999997615814209,"autoreverses":false,"property":"opacity","to":{"scalar":1},"removedOnCompletion":true},{"additive":false,"timeOffset":0,"beginTime":0,"from":{"scalar":false},"repeatCount":0,"fillMode":"both","duration":0.89999997615814209,"autoreverses":false,"property":"hidden","to":{"scalar":false},"removedOnCompletion":true}],"removedOnCompletion":false}],"layers":[],"texturedRectangle":{"singleTextureOpacity":1,"textXHeight":0,"shapePath":{"lineWidth":1,"flatness":0.59999999999999998,"lineCapStyle":0,"elements":[{"type":"MoveToPoint","points":[[30.555890527343763,8.001251220703125]]},{"type":"AddLine","points":[[143.29684689941405,8.001251220703125]]},{"type":"AddCurve","points":[[150.02563095318169,8.001251220703125],[154.06290138544216,8.001251220703125],[156.75441500694922,9.1249220384083856]]},{"type":"AddCurve","points":[[160.63446450002789,10.537144561368677],[163.69092855874851,13.593608620089356],[165.1031510817088,17.473658113168028]]},{"type":"AddCurve","points":[[166.22682189941406,20.165171734675027],[166.22682189941406,24.202442166935555],[166.22682189941406,30.931226220703138]]},{"type":"AddLine","points":[[166.22682189941406,73.397348913574206]]},{"type":"AddCurve","points":[[166.22682189941406,80.126132967341789],[166.22682189941406,84.163403399602316],[165.1031510817088,86.854917021109316]]},{"type":"AddCurve","points":[[163.69092855874851,90.734966514188045],[160.63446450002789,93.791430572908666],[156.75441500694922,95.203653095868958]]},{"type":"AddCurve","points":[[154.06290138544216,96.327323913574219],[150.02563095318169,96.327323913574219],[143.29684689941405,96.327323913574219]]},{"type":"AddLine","points":[[30.555890527343763,96.327323913574219]]},{"type":"AddCurve","points":[[23.82710647357618,96.327323913574219],[19.789836041315652,96.327323913574219],[17.098322419808653,95.203653095868958]]},{"type":"AddCurve","points":[[13.218272926729981,93.791430572908666],[10.161808868009302,90.734966514188045],[8.7495863450490106,86.854917021109316]]},{"type":"AddCurve","points":[[7.62591552734375,84.163403399602316],[7.62591552734375,80.126132967341789],[7.62591552734375,73.397348913574206]]},{"type":"AddLine","points":[[7.62591552734375,30.931226220703138]]},{"type":"AddCurve","points":[[7.62591552734375,24.202442166935555],[7.62591552734375,20.165171734675027],[8.7495863450490106,17.473658113168028]]},{"type":"AddCurve","points":[[10.161808868009302,13.593608620089356],[13.218272926729981,10.537144561368677],[17.098322419808653,9.1249220384083856]]},{"type":"AddCurve","points":[[19.789836041315652,8.001251220703125],[23.82710647357618,8.001251220703125],[30.555890527343763,8.001251220703125]]},{"type":"CloseSubpath"},{"type":"MoveToPoint","points":[[30.555890527343763,8.001251220703125]]}],"windingRule":0,"lineJoinStyle":0,"miterLimit":10},"isBackgroundTexture":true,"textBaseline":0,"isVerticalText":false,"textureType":5},"initialState":{"affineTransform":[1,0,0,1,0,0],"masksToBounds":false,"rotation":0,"scale":1,"position":{"pointX":85.87408447265625,"pointY":50.498748779296875},"width":174,"sublayerTransform":[1,0,0,0,0,1,0,0,0,0,1,0,0,0,0,1],"contentsRect":{"y":0,"x":0,"width":1,"height":1},"opacity":1,"edgeAntialiasingMask":0,"height":104,"hidden":false,"anchorPoint":{"pointX":0.5,"pointY":0.5}},"texture":"102B2EBEA9151280297C66A023379F88"}]},{"animations":[],"initialState":{"affineTransform":[1,0,0,1,0,0],"masksToBounds":false,"rotation":0,"scale":1,"position":{"pointX":508.8373381147394,"pointY":739.5},"width":21,"sublayerTransform":[1,0,0,0,0,1,0,0,0,0,1,0,0,0,0,1],"contentsRect":{"y":0,"x":0,"width":1,"height":1},"opacity":1,"edgeAntialiasingMask":251658240,"height":15,"hidden":false,"anchorPoint":{"pointX":0.5,"pointY":0.5}},"layers":[{"animations":[{"additive":false,"timeOffset":0,"beginTime":0,"repeatCount":0,"fillMode":"both","duration":0.89999997615814209,"autoreverses":false,"animations":[{"repeatCount":0,"removedOnCompletion":true,"from":{"pointX":13.162661885260604,"pointY":12.5},"timingFunction":"EaseInEaseOut","additive":false,"timeOffset":0,"autoreverses":false,"property":"position","fillMode":"both","duration":0.89999997615814209,"beginTime":0,"to":{"pointX":1037.1626618852606,"pointY":12.5}},{"additive":false,"timeOffset":0,"beginTime":0,"from":{"scalar":1},"repeatCount":0,"fillMode":"both","duration":0.89999997615814209,"autoreverses":false,"property":"opacity","to":{"scalar":1},"removedOnCompletion":true},{"additive":false,"timeOffset":0,"beginTime":0,"from":{"scalar":false},"repeatCount":0,"fillMode":"both","duration":0.89999997615814209,"autoreverses":false,"property":"hidden","to":{"scalar":false},"removedOnCompletion":true}],"removedOnCompletion":false}],"layers":[],"texturedRectangle":{"singleTextureOpacity":1,"textXHeight":0.55786666666666673,"textBaseline":0.87519531250000004,"isBackgroundTexture":false,"isVerticalText":false,"textColor":[0,0,0,1],"textureType":6},"initialState":{"affineTransform":[1,0,0,1,0,0],"masksToBounds":false,"rotation":0,"scale":1,"position":{"pointX":13.162661885260604,"pointY":12.5},"width":21,"sublayerTransform":[1,0,0,0,0,1,0,0,0,0,1,0,0,0,0,1],"contentsRect":{"y":0,"x":0,"width":1,"height":1},"opacity":1,"edgeAntialiasingMask":0,"height":15,"hidden":false,"anchorPoint":{"pointX":0.5,"pointY":0.5}},"texture":"B5AA8394F00CCD86837D1CDB3E6E304A"}]},{"animations":[],"initialState":{"affineTransform":[1,0,0,1,0,0],"masksToBounds":false,"rotation":0,"scale":1,"position":{"pointX":406.57952880859375,"pointY":346.49734497070312},"width":699,"sublayerTransform":[1,0,0,0,0,1,0,0,0,0,1,0,0,0,0,1],"contentsRect":{"y":0,"x":0,"width":1,"height":1},"opacity":1,"edgeAntialiasingMask":251658240,"height":413,"hidden":false,"anchorPoint":{"pointX":0.5,"pointY":0.5}},"layers":[{"animations":[{"additive":false,"timeOffset":0,"beginTime":0,"repeatCount":0,"fillMode":"both","duration":0.89999997615814209,"autoreverses":false,"animations":[{"repeatCount":0,"removedOnCompletion":true,"from":{"pointX":-569.07952880859375,"pointY":86.502655029296875},"timingFunction":"EaseInEaseOut","additive":false,"timeOffset":0,"autoreverses":false,"property":"position","fillMode":"both","duration":0.89999997615814209,"beginTime":0,"to":{"pointX":454.92047119140625,"pointY":86.502655029296875}},{"additive":false,"timeOffset":0,"beginTime":0,"from":{"scalar":1},"repeatCount":0,"fillMode":"both","duration":0.89999997615814209,"autoreverses":false,"property":"opacity","to":{"scalar":1},"removedOnCompletion":true},{"additive":false,"timeOffset":0,"beginTime":0,"from":{"scalar":false},"repeatCount":0,"fillMode":"both","duration":0.89999997615814209,"autoreverses":false,"property":"hidden","to":{"scalar":false},"removedOnCompletion":true}],"removedOnCompletion":false}],"layers":[],"texturedRectangle":{"singleTextureOpacity":1,"textXHeight":0.65796336144227974,"textBaseline":0.93789348401521389,"isBackgroundTexture":false,"isVerticalText":false,"textColor":[0,0,0,1],"textureType":6},"initialState":{"affineTransform":[1,0,0,1,0,0],"masksToBounds":false,"rotation":0,"scale":1,"position":{"pointX":454.92047119140625,"pointY":86.502655029296875},"width":566,"sublayerTransform":[1,0,0,0,0,1,0,0,0,0,1,0,0,0,0,1],"contentsRect":{"y":0,"x":0,"width":1,"height":1},"opacity":1,"edgeAntialiasingMask":0,"height":95,"hidden":true,"anchorPoint":{"pointX":0.5,"pointY":0.5}},"texture":"D98A000DB21D938DCAE25841B1FBC03B"},{"animations":[{"additive":false,"timeOffset":0,"beginTime":0,"repeatCount":0,"fillMode":"both","duration":0.89999997615814209,"autoreverses":false,"animations":[{"repeatCount":0,"removedOnCompletion":true,"from":{"pointX":-907.91286214192701,"pointY":245.50265502929688},"timingFunction":"EaseInEaseOut","additive":false,"timeOffset":0,"autoreverses":false,"property":"position","fillMode":"both","duration":0.89999997615814209,"beginTime":0,"to":{"pointX":457.42047119140625,"pointY":245.50265502929688}},{"additive":false,"timeOffset":0,"beginTime":0,"from":{"scalar":1},"repeatCount":0,"fillMode":"both","duration":0.89999997615814209,"autoreverses":false,"property":"opacity","to":{"scalar":1},"removedOnCompletion":true},{"additive":false,"timeOffset":0,"beginTime":0,"from":{"scalar":false},"repeatCount":0,"fillMode":"both","duration":0.89999997615814209,"autoreverses":false,"property":"hidden","to":{"scalar":false},"removedOnCompletion":true}],"removedOnCompletion":false}],"layers":[],"texturedRectangle":{"singleTextureOpacity":1,"textXHeight":0.68688482787930305,"textBaseline":0.95714154924665196,"isBackgroundTexture":false,"isVerticalText":false,"textColor":[0,0,0,1],"textureType":6},"initialState":{"affineTransform":[1,0,0,1,0,0],"masksToBounds":false,"rotation":0,"scale":1,"position":{"pointX":457.42047119140625,"pointY":245.50265502929688},"width":81,"sublayerTransform":[1,0,0,0,0,1,0,0,0,0,1,0,0,0,0,1],"contentsRect":{"y":0,"x":0,"width":1,"height":1},"opacity":1,"edgeAntialiasingMask":0,"height":91,"hidden":true,"anchorPoint":{"pointX":0.5,"pointY":0.5}},"texture":"0BCA91D27579FC963F049CB970EA1C35"},{"animations":[{"additive":false,"timeOffset":0,"beginTime":0,"repeatCount":0,"fillMode":"both","duration":0.89999997615814209,"autoreverses":false,"animations":[{"repeatCount":0,"removedOnCompletion":true,"from":{"pointX":-1249.2461954752603,"pointY":403.50265502929688},"timingFunction":"EaseInEaseOut","additive":false,"timeOffset":0,"autoreverses":false,"property":"position","fillMode":"both","duration":0.89999997615814209,"beginTime":0,"to":{"pointX":457.42047119140625,"pointY":403.50265502929688}},{"additive":false,"timeOffset":0,"beginTime":0,"from":{"scalar":1},"repeatCount":0,"fillMode":"both","duration":0.89999997615814209,"autoreverses":false,"property":"opacity","to":{"scalar":1},"removedOnCompletion":true},{"additive":false,"timeOffset":0,"beginTime":0,"from":{"scalar":false},"repeatCount":0,"fillMode":"both","duration":0.89999997615814209,"autoreverses":false,"property":"hidden","to":{"scalar":false},"removedOnCompletion":true}],"removedOnCompletion":false}],"layers":[],"texturedRectangle":{"singleTextureOpacity":1,"textXHeight":0.64439710656718119,"textBaseline":0.9391740307365497,"isBackgroundTexture":false,"isVerticalText":false,"textColor":[0,0,0,1],"textureType":6},"initialState":{"affineTransform":[1,0,0,1,0,0],"masksToBounds":false,"rotation":0,"scale":1,"position":{"pointX":457.42047119140625,"pointY":403.50265502929688},"width":699,"sublayerTransform":[1,0,0,0,0,1,0,0,0,0,1,0,0,0,0,1],"contentsRect":{"y":0,"x":0,"width":1,"height":1},"opacity":1,"edgeAntialiasingMask":0,"height":97,"hidden":true,"anchorPoint":{"pointX":0.5,"pointY":0.5}},"texture":"0398057353D4C6F71AD33F4D284D5AAE"}]},{"animations":[],"initialState":{"affineTransform":[1,0,0,1,0,0],"masksToBounds":false,"rotation":0,"scale":1,"position":{"pointX":508.8373381147394,"pointY":739.5},"width":21,"sublayerTransform":[1,0,0,0,0,1,0,0,0,0,1,0,0,0,0,1],"contentsRect":{"y":0,"x":0,"width":1,"height":1},"opacity":1,"edgeAntialiasingMask":251658240,"height":15,"hidden":false,"anchorPoint":{"pointX":0.5,"pointY":0.5}},"layers":[{"animations":[{"additive":false,"timeOffset":0,"beginTime":0,"repeatCount":0,"fillMode":"both","duration":0.89999997615814209,"autoreverses":false,"animations":[{"repeatCount":0,"removedOnCompletion":true,"from":{"pointX":-2034.8373381147394,"pointY":12.5},"timingFunction":"EaseInEaseOut","additive":false,"timeOffset":0,"autoreverses":false,"property":"position","fillMode":"both","duration":0.89999997615814209,"beginTime":0,"to":{"pointX":13.162661885260604,"pointY":12.5}},{"additive":false,"timeOffset":0,"beginTime":0,"from":{"scalar":1},"repeatCount":0,"fillMode":"both","duration":0.89999997615814209,"autoreverses":false,"property":"opacity","to":{"scalar":1},"removedOnCompletion":true},{"additive":false,"timeOffset":0,"beginTime":0,"from":{"scalar":false},"repeatCount":0,"fillMode":"both","duration":0.89999997615814209,"autoreverses":false,"property":"hidden","to":{"scalar":false},"removedOnCompletion":true}],"removedOnCompletion":false}],"layers":[],"texturedRectangle":{"singleTextureOpacity":1,"textXHeight":0.54826666666666668,"textBaseline":0.87519531250000004,"isBackgroundTexture":false,"isVerticalText":false,"textColor":[0,0,0,1],"textureType":6},"initialState":{"affineTransform":[1,0,0,1,0,0],"masksToBounds":false,"rotation":0,"scale":1,"position":{"pointX":13.162661885260604,"pointY":12.5},"width":21,"sublayerTransform":[1,0,0,0,0,1,0,0,0,0,1,0,0,0,0,1],"contentsRect":{"y":0,"x":0,"width":1,"height":1},"opacity":1,"edgeAntialiasingMask":0,"height":15,"hidden":true,"anchorPoint":{"pointX":0.5,"pointY":0.5}},"texture":"7E16D7E343BDC13E71E86B95284E278F"}]}]},"effects":[],"duration":0.89999997615814209,"type":"transition","attributes":{"direction":11},"name":"apple:ca-push","objectID":"0"}],"automaticPlay":false,"hyperlinks":[],"accessibility":[{"text":"￼","targetRectangle":{"y":736,"x":502.8373381147394,"width":17.79200000000003,"height":17.535888671875}},{"text":"Comparing with the Perfect Heuristic ","targetRectangle":{"y":191.30175256729126,"x":43.709948566078424,"width":957.60773480663011,"height":70.270706176757812}},{"text":"截屏2020-10-27 01.07.47.png","targetRectangle":{"y":382.79354858398438,"x":-1.4433283013204345e-08,"width":1024,"height":189.46893310546875}}],"baseLayer":{"animations":[],"initialState":{"affineTransform":[1,0,0,1,0,0],"masksToBounds":false,"rotation":0,"scale":1,"position":{"pointX":512,"pointY":384},"width":1024,"sublayerTransform":[1,0,0,0,0,1,0,0,0,0,1,0,0,0,0,1],"contentsRect":{"y":0,"x":0,"width":1,"height":1},"opacity":1,"edgeAntialiasingMask":251658240,"height":768,"hidden":false,"anchorPoint":{"pointX":0.5,"pointY":0.5}},"objectID":"0","layers":[{"animations":[],"initialState":{"affineTransform":[1,0,0,1,0,0],"masksToBounds":false,"rotation":0,"scale":1,"position":{"pointX":512,"pointY":384},"width":1024,"sublayerTransform":[1,0,0,0,0,1,0,0,0,0,1,-0.00049229876906403734,0,0,0,1],"contentsRect":{"y":0,"x":0,"width":1,"height":1},"opacity":1,"edgeAntialiasingMask":251658240,"height":768,"hidden":false,"anchorPoint":{"pointX":0.5,"pointY":0.5}},"layers":[{"animations":[],"initialState":{"affineTransform":[1,0,0,1,0,0],"masksToBounds":false,"rotation":0,"scale":1,"position":{"pointX":512,"pointY":384},"width":1024,"sublayerTransform":[1,0,0,0,0,1,0,0,0,0,1,0,0,0,0,1],"contentsRect":{"y":0,"x":0,"width":1,"height":1},"opacity":1,"edgeAntialiasingMask":251658240,"height":768,"hidden":false,"anchorPoint":{"pointX":0.5,"pointY":0.5}},"layers":[{"animations":[],"layers":[],"texturedRectangle":{"isBackgroundTexture":true,"singleTextureOpacity":1,"textureType":1,"textBaseline":0,"textXHeight":0,"isVerticalText":false},"initialState":{"affineTransform":[1,0,0,1,0,0],"masksToBounds":false,"rotation":0,"scale":1,"position":{"pointX":512,"pointY":384},"width":1024,"sublayerTransform":[1,0,0,0,0,1,0,0,0,0,1,0,0,0,0,1],"contentsRect":{"y":0,"x":0,"width":1,"height":1},"opacity":1,"edgeAntialiasingMask":0,"height":768,"hidden":false,"anchorPoint":{"pointX":0.5,"pointY":0.5}},"texture":"498E23C82CA78A4BCD7BA88E5243B6FC"}]},{"animations":[],"initialState":{"affineTransform":[1,0,0,1,0,0],"masksToBounds":false,"rotation":0,"scale":1,"position":{"pointX":512,"pointY":384},"width":1024,"sublayerTransform":[1,0,0,0,0,1,0,0,0,0,1,0,0,0,0,1],"contentsRect":{"y":0,"x":0,"width":1,"height":1},"opacity":1,"edgeAntialiasingMask":251658240,"height":768,"hidden":false,"anchorPoint":{"pointX":0.5,"pointY":0.5}},"layers":[{"animations":[],"layers":[],"texturedRectangle":{"isBackgroundTexture":true,"singleTextureOpacity":1,"textureType":1,"textBaseline":0,"textXHeight":0,"isVerticalText":false},"initialState":{"affineTransform":[1,0,0,1,0,0],"masksToBounds":false,"rotation":0,"scale":1,"position":{"pointX":512,"pointY":384},"width":1024,"sublayerTransform":[1,0,0,0,0,1,0,0,0,0,1,0,0,0,0,1],"contentsRect":{"y":0,"x":0,"width":1,"height":1},"opacity":1,"edgeAntialiasingMask":0,"height":768,"hidden":false,"anchorPoint":{"pointX":0.5,"pointY":0.5}},"texture":"498E23C82CA78A4BCD7BA88E5243B6FC"}]}]},{"animations":[],"initialState":{"affineTransform":[1,0,0,1,0,0],"masksToBounds":false,"rotation":0,"scale":1,"position":{"pointX":504.87900161743164,"pointY":217.30175256729126},"width":959,"sublayerTransform":[1,0,0,0,0,1,0,0,0,0,1,0,0,0,0,1],"contentsRect":{"y":0,"x":0,"width":1,"height":1},"opacity":1,"edgeAntialiasingMask":251658240,"height":60,"hidden":false,"anchorPoint":{"pointX":0.5,"pointY":0.5}},"layers":[{"animations":[],"layers":[],"texturedRectangle":{"singleTextureOpacity":1,"textXHeight":0.4598526703499079,"textBaseline":1.8835791667302451,"isBackgroundTexture":true,"isVerticalText":false,"textColor":[0,0,0,1],"textureType":6},"initialState":{"affineTransform":[1,0,0,1,0,0],"masksToBounds":false,"rotation":0,"scale":1,"position":{"pointX":498.12099838256836,"pointY":46.69824743270874},"width":959,"sublayerTransform":[1,0,0,0,0,1,0,0,0,0,1,0,0,0,0,1],"contentsRect":{"y":0,"x":0,"width":1,"height":1},"opacity":1,"edgeAntialiasingMask":0,"height":60,"hidden":false,"anchorPoint":{"pointX":0.5,"pointY":0.5}},"texture":"32A57C6B1F39573FAE1AE6EFE0694FEF"}]},{"animations":[],"initialState":{"affineTransform":[1,0,0,1,0,0],"masksToBounds":false,"rotation":0,"scale":1,"position":{"pointX":513.49999998556677,"pointY":479.29354858398438},"width":1027,"sublayerTransform":[1,0,0,0,0,1,0,0,0,0,1,0,0,0,0,1],"contentsRect":{"y":0,"x":0,"width":1,"height":1},"opacity":1,"edgeAntialiasingMask":251658240,"height":193,"hidden":false,"anchorPoint":{"pointX":0.5,"pointY":0.5}},"layers":[{"animations":[],"layers":[],"texturedRectangle":{"isBackgroundTexture":true,"singleTextureOpacity":1,"textureType":5,"textBaseline":0,"textXHeight":0,"isVerticalText":false},"initialState":{"affineTransform":[1,0,0,1,0,0],"masksToBounds":false,"rotation":0,"scale":1,"position":{"pointX":511.50000001443328,"pointY":94.706451416015625},"width":1027,"sublayerTransform":[1,0,0,0,0,1,0,0,0,0,1,0,0,0,0,1],"contentsRect":{"y":0,"x":0,"width":1,"height":1},"opacity":1,"edgeAntialiasingMask":0,"height":193,"hidden":false,"anchorPoint":{"pointX":0.5,"pointY":0.5}},"texture":"15F6B2F30F062C998569EA82CD6C788F"}]},{"animations":[],"initialState":{"affineTransform":[1,0,0,1,0,0],"masksToBounds":false,"rotation":0,"scale":1,"position":{"pointX":307.35810852050781,"pointY":460.50125122070312},"width":122,"sublayerTransform":[1,0,0,0,0,1,0,0,0,0,1,0,0,0,0,1],"contentsRect":{"y":0,"x":0,"width":1,"height":1},"opacity":1,"edgeAntialiasingMask":251658240,"height":104,"hidden":false,"anchorPoint":{"pointX":0.5,"pointY":0.5}},"layers":[{"animations":[],"layers":[],"texturedRectangle":{"singleTextureOpacity":1,"textXHeight":0,"shapePath":{"lineWidth":1,"flatness":0.59999999999999998,"lineCapStyle":0,"elements":[{"type":"MoveToPoint","points":[[30.788083520507826,8.001251220703125]]},{"type":"AddLine","points":[[91.402964147949206,8.001251220703125]]},{"type":"AddCurve","points":[[98.131748201716789,8.001251220703125],[102.16901863397732,8.001251220703125],[104.86053225548432,9.1249220384083856]]},{"type":"AddCurve","points":[[108.74058174856305,10.537144561368677],[111.79704580728367,13.593608620089356],[113.20926833024396,17.473658113168028]]},{"type":"AddCurve","points":[[114.33293914794922,20.165171734675027],[114.33293914794922,24.202442166935555],[114.33293914794922,30.931226220703138]]},{"type":"AddLine","points":[[114.33293914794922,73.397348913574206]]},{"type":"AddCurve","points":[[114.33293914794922,80.126132967341789],[114.33293914794922,84.163403399602316],[113.20926833024396,86.854917021109316]]},{"type":"AddCurve","points":[[111.79704580728367,90.734966514188045],[108.74058174856305,93.791430572908666],[104.86053225548432,95.203653095868958]]},{"type":"AddCurve","points":[[102.16901863397732,96.327323913574219],[98.131748201716789,96.327323913574219],[91.402964147949206,96.327323913574219]]},{"type":"AddLine","points":[[30.788083520507826,96.327323913574219]]},{"type":"AddCurve","points":[[24.059299466740242,96.327323913574219],[20.022029034479715,96.327323913574219],[17.330515412972716,95.203653095868958]]},{"type":"AddCurve","points":[[13.450465919894043,93.791430572908666],[10.394001861173365,90.734966514188045],[8.9817793382130446,86.854917021109316]]},{"type":"AddCurve","points":[[7.8581085205078125,84.163403399602316],[7.8581085205078125,80.126132967341789],[7.8581085205078125,73.397348913574206]]},{"type":"AddLine","points":[[7.8581085205078125,30.931226220703138]]},{"type":"AddCurve","points":[[7.8581085205078125,24.202442166935555],[7.8581085205078125,20.165171734675027],[8.9817793382130446,17.473658113168028]]},{"type":"AddCurve","points":[[10.394001861173365,13.593608620089356],[13.450465919894043,10.537144561368677],[17.330515412972716,9.1249220384083856]]},{"type":"AddCurve","points":[[20.022029034479715,8.001251220703125],[24.059299466740242,8.001251220703125],[30.788083520507826,8.001251220703125]]},{"type":"CloseSubpath"},{"type":"MoveToPoint","points":[[30.788083520507826,8.001251220703125]]}],"windingRule":0,"lineJoinStyle":0,"miterLimit":10},"isBackgroundTexture":true,"textBaseline":0,"isVerticalText":false,"textureType":5},"initialState":{"affineTransform":[1,0,0,1,0,0],"masksToBounds":false,"rotation":0,"scale":1,"position":{"pointX":59.641891479492188,"pointY":50.498748779296875},"width":122,"sublayerTransform":[1,0,0,0,0,1,0,0,0,0,1,0,0,0,0,1],"contentsRect":{"y":0,"x":0,"width":1,"height":1},"opacity":1,"edgeAntialiasingMask":0,"height":104,"hidden":false,"anchorPoint":{"pointX":0.5,"pointY":0.5}},"texture":"D0EDF22724711583897589954D3BB036"}]},{"animations":[],"initialState":{"affineTransform":[1,0,0,1,0,0],"masksToBounds":false,"rotation":0,"scale":1,"position":{"pointX":895.89288330078125,"pointY":460.61099243164062},"width":133,"sublayerTransform":[1,0,0,0,0,1,0,0,0,0,1,0,0,0,0,1],"contentsRect":{"y":0,"x":0,"width":1,"height":1},"opacity":1,"edgeAntialiasingMask":251658240,"height":114,"hidden":false,"anchorPoint":{"pointX":0.5,"pointY":0.5}},"layers":[{"animations":[],"layers":[],"texturedRectangle":{"singleTextureOpacity":1,"textXHeight":0,"shapePath":{"lineWidth":1,"flatness":0.59999999999999998,"lineCapStyle":0,"elements":[{"type":"MoveToPoint","points":[[33.119019332132325,8.110992431640625]]},{"type":"AddLine","points":[[99.803755936422363,8.110992431640625]]},{"type":"AddCurve","points":[[107.20634673148106,8.110992431640625],[111.64790120851626,8.110992431640625],[114.60893752653976,9.3471853582308881]]},{"type":"AddCurve","points":[[118.87752727950624,10.900824970604447],[122.24005942880967,14.263357119907823],[123.79369904118312,18.5319468728743]]},{"type":"AddCurve","points":[[125.02989196777344,21.492983190897803],[125.02989196777344,25.934537667933],[125.02989196777344,33.3371284629917]]},{"type":"AddLine","points":[[125.02989196777344,80.991439041891113]]},{"type":"AddCurve","points":[[125.02989196777344,88.394029836949812],[125.02989196777344,92.835584313985009],[123.79369904118312,95.796620632008512]]},{"type":"AddCurve","points":[[122.24005942880967,100.06521038497499],[118.87752727950624,103.42774253427842],[114.60893752653976,104.98138214665192]]},{"type":"AddCurve","points":[[111.64790120851626,106.21757507324219],[107.20634673148106,106.21757507324219],[99.803755936422363,106.21757507324219]]},{"type":"AddLine","points":[[33.119019332132325,106.21757507324219]]},{"type":"AddCurve","points":[[25.716428537073625,106.21757507324219],[21.274874060038428,106.21757507324219],[18.313837742014925,104.98138214665192]]},{"type":"AddCurve","points":[[14.045247989048448,103.42774253427842],[10.682715839745015,100.06521038497499],[9.12907622737157,95.796620632008512]]},{"type":"AddCurve","points":[[7.89288330078125,92.835584313985009],[7.89288330078125,88.394029836949812],[7.89288330078125,80.991439041891113]]},{"type":"AddLine","points":[[7.89288330078125,33.3371284629917]]},{"type":"AddCurve","points":[[7.89288330078125,25.934537667933],[7.89288330078125,21.492983190897803],[9.12907622737157,18.5319468728743]]},{"type":"AddCurve","points":[[10.682715839745015,14.263357119907823],[14.045247989048448,10.900824970604447],[18.313837742014925,9.3471853582308881]]},{"type":"AddCurve","points":[[21.274874060038428,8.110992431640625],[25.716428537073625,8.110992431640625],[33.119019332132325,8.110992431640625]]},{"type":"CloseSubpath"},{"type":"MoveToPoint","points":[[33.119019332132325,8.110992431640625]]}],"windingRule":0,"lineJoinStyle":0,"miterLimit":10},"isBackgroundTexture":true,"textBaseline":0,"isVerticalText":false,"textureType":5},"initialState":{"affineTransform":[1,0,0,1,0,0],"masksToBounds":false,"rotation":0,"scale":1,"position":{"pointX":65.10711669921875,"pointY":55.389007568359375},"width":133,"sublayerTransform":[1,0,0,0,0,1,0,0,0,0,1,0,0,0,0,1],"contentsRect":{"y":0,"x":0,"width":1,"height":1},"opacity":1,"edgeAntialiasingMask":0,"height":114,"hidden":false,"anchorPoint":{"pointX":0.5,"pointY":0.5}},"texture":"DD6D41BA6D8244A295D3E6C6DE0E86E5"}]},{"animations":[],"initialState":{"affineTransform":[1,0,0,1,0,0],"masksToBounds":false,"rotation":0,"scale":1,"position":{"pointX":525.12591552734375,"pointY":460.50125122070312},"width":174,"sublayerTransform":[1,0,0,0,0,1,0,0,0,0,1,0,0,0,0,1],"contentsRect":{"y":0,"x":0,"width":1,"height":1},"opacity":1,"edgeAntialiasingMask":251658240,"height":104,"hidden":false,"anchorPoint":{"pointX":0.5,"pointY":0.5}},"layers":[{"animations":[],"layers":[],"texturedRectangle":{"singleTextureOpacity":1,"textXHeight":0,"shapePath":{"lineWidth":1,"flatness":0.59999999999999998,"lineCapStyle":0,"elements":[{"type":"MoveToPoint","points":[[30.555890527343763,8.001251220703125]]},{"type":"AddLine","points":[[143.29684689941405,8.001251220703125]]},{"type":"AddCurve","points":[[150.02563095318169,8.001251220703125],[154.06290138544216,8.001251220703125],[156.75441500694922,9.1249220384083856]]},{"type":"AddCurve","points":[[160.63446450002789,10.537144561368677],[163.69092855874851,13.593608620089356],[165.1031510817088,17.473658113168028]]},{"type":"AddCurve","points":[[166.22682189941406,20.165171734675027],[166.22682189941406,24.202442166935555],[166.22682189941406,30.931226220703138]]},{"type":"AddLine","points":[[166.22682189941406,73.397348913574206]]},{"type":"AddCurve","points":[[166.22682189941406,80.126132967341789],[166.22682189941406,84.163403399602316],[165.1031510817088,86.854917021109316]]},{"type":"AddCurve","points":[[163.69092855874851,90.734966514188045],[160.63446450002789,93.791430572908666],[156.75441500694922,95.203653095868958]]},{"type":"AddCurve","points":[[154.06290138544216,96.327323913574219],[150.02563095318169,96.327323913574219],[143.29684689941405,96.327323913574219]]},{"type":"AddLine","points":[[30.555890527343763,96.327323913574219]]},{"type":"AddCurve","points":[[23.82710647357618,96.327323913574219],[19.789836041315652,96.327323913574219],[17.098322419808653,95.203653095868958]]},{"type":"AddCurve","points":[[13.218272926729981,93.791430572908666],[10.161808868009302,90.734966514188045],[8.7495863450490106,86.854917021109316]]},{"type":"AddCurve","points":[[7.62591552734375,84.163403399602316],[7.62591552734375,80.126132967341789],[7.62591552734375,73.397348913574206]]},{"type":"AddLine","points":[[7.62591552734375,30.931226220703138]]},{"type":"AddCurve","points":[[7.62591552734375,24.202442166935555],[7.62591552734375,20.165171734675027],[8.7495863450490106,17.473658113168028]]},{"type":"AddCurve","points":[[10.161808868009302,13.593608620089356],[13.218272926729981,10.537144561368677],[17.098322419808653,9.1249220384083856]]},{"type":"AddCurve","points":[[19.789836041315652,8.001251220703125],[23.82710647357618,8.001251220703125],[30.555890527343763,8.001251220703125]]},{"type":"CloseSubpath"},{"type":"MoveToPoint","points":[[30.555890527343763,8.001251220703125]]}],"windingRule":0,"lineJoinStyle":0,"miterLimit":10},"isBackgroundTexture":true,"textBaseline":0,"isVerticalText":false,"textureType":5},"initialState":{"affineTransform":[1,0,0,1,0,0],"masksToBounds":false,"rotation":0,"scale":1,"position":{"pointX":85.87408447265625,"pointY":50.498748779296875},"width":174,"sublayerTransform":[1,0,0,0,0,1,0,0,0,0,1,0,0,0,0,1],"contentsRect":{"y":0,"x":0,"width":1,"height":1},"opacity":1,"edgeAntialiasingMask":0,"height":104,"hidden":false,"anchorPoint":{"pointX":0.5,"pointY":0.5}},"texture":"102B2EBEA9151280297C66A023379F88"}]},{"animations":[],"initialState":{"affineTransform":[1,0,0,1,0,0],"masksToBounds":false,"rotation":0,"scale":1,"position":{"pointX":508.8373381147394,"pointY":739.5},"width":21,"sublayerTransform":[1,0,0,0,0,1,0,0,0,0,1,0,0,0,0,1],"contentsRect":{"y":0,"x":0,"width":1,"height":1},"opacity":1,"edgeAntialiasingMask":251658240,"height":15,"hidden":false,"anchorPoint":{"pointX":0.5,"pointY":0.5}},"layers":[{"animations":[],"layers":[],"texturedRectangle":{"singleTextureOpacity":1,"textXHeight":0.55786666666666673,"textBaseline":0.87519531250000004,"isBackgroundTexture":false,"isVerticalText":false,"textColor":[0,0,0,1],"textureType":6},"initialState":{"affineTransform":[1,0,0,1,0,0],"masksToBounds":false,"rotation":0,"scale":1,"position":{"pointX":13.162661885260604,"pointY":12.5},"width":21,"sublayerTransform":[1,0,0,0,0,1,0,0,0,0,1,0,0,0,0,1],"contentsRect":{"y":0,"x":0,"width":1,"height":1},"opacity":1,"edgeAntialiasingMask":0,"height":15,"hidden":false,"anchorPoint":{"pointX":0.5,"pointY":0.5}},"texture":"B5AA8394F00CCD86837D1CDB3E6E304A"}]},{"animations":[],"initialState":{"affineTransform":[1,0,0,1,0,0],"masksToBounds":false,"rotation":0,"scale":1,"position":{"pointX":406.57952880859375,"pointY":346.49734497070312},"width":699,"sublayerTransform":[1,0,0,0,0,1,0,0,0,0,1,0,0,0,0,1],"contentsRect":{"y":0,"x":0,"width":1,"height":1},"opacity":1,"edgeAntialiasingMask":251658240,"height":413,"hidden":false,"anchorPoint":{"pointX":0.5,"pointY":0.5}},"layers":[{"animations":[],"layers":[],"texturedRectangle":{"singleTextureOpacity":1,"textXHeight":0.65796336144227974,"textBaseline":0.93789348401521389,"isBackgroundTexture":false,"isVerticalText":false,"textColor":[0,0,0,1],"textureType":6},"initialState":{"affineTransform":[1,0,0,1,0,0],"masksToBounds":false,"rotation":0,"scale":1,"position":{"pointX":454.92047119140625,"pointY":86.502655029296875},"width":566,"sublayerTransform":[1,0,0,0,0,1,0,0,0,0,1,0,0,0,0,1],"contentsRect":{"y":0,"x":0,"width":1,"height":1},"opacity":1,"edgeAntialiasingMask":0,"height":95,"hidden":true,"anchorPoint":{"pointX":0.5,"pointY":0.5}},"texture":"D98A000DB21D938DCAE25841B1FBC03B"},{"animations":[],"layers":[],"texturedRectangle":{"singleTextureOpacity":1,"textXHeight":0.68688482787930305,"textBaseline":0.95714154924665196,"isBackgroundTexture":false,"isVerticalText":false,"textColor":[0,0,0,1],"textureType":6},"initialState":{"affineTransform":[1,0,0,1,0,0],"masksToBounds":false,"rotation":0,"scale":1,"position":{"pointX":457.42047119140625,"pointY":245.50265502929688},"width":81,"sublayerTransform":[1,0,0,0,0,1,0,0,0,0,1,0,0,0,0,1],"contentsRect":{"y":0,"x":0,"width":1,"height":1},"opacity":1,"edgeAntialiasingMask":0,"height":91,"hidden":true,"anchorPoint":{"pointX":0.5,"pointY":0.5}},"texture":"0BCA91D27579FC963F049CB970EA1C35"},{"animations":[],"layers":[],"texturedRectangle":{"singleTextureOpacity":1,"textXHeight":0.64439710656718119,"textBaseline":0.9391740307365497,"isBackgroundTexture":false,"isVerticalText":false,"textColor":[0,0,0,1],"textureType":6},"initialState":{"affineTransform":[1,0,0,1,0,0],"masksToBounds":false,"rotation":0,"scale":1,"position":{"pointX":457.42047119140625,"pointY":403.50265502929688},"width":699,"sublayerTransform":[1,0,0,0,0,1,0,0,0,0,1,0,0,0,0,1],"contentsRect":{"y":0,"x":0,"width":1,"height":1},"opacity":1,"edgeAntialiasingMask":0,"height":97,"hidden":true,"anchorPoint":{"pointX":0.5,"pointY":0.5}},"texture":"0398057353D4C6F71AD33F4D284D5AAE"}]},{"animations":[],"initialState":{"affineTransform":[1,0,0,1,0,0],"masksToBounds":false,"rotation":0,"scale":1,"position":{"pointX":508.8373381147394,"pointY":739.5},"width":21,"sublayerTransform":[1,0,0,0,0,1,0,0,0,0,1,0,0,0,0,1],"contentsRect":{"y":0,"x":0,"width":1,"height":1},"opacity":1,"edgeAntialiasingMask":251658240,"height":15,"hidden":false,"anchorPoint":{"pointX":0.5,"pointY":0.5}},"layers":[{"animations":[],"layers":[],"texturedRectangle":{"singleTextureOpacity":1,"textXHeight":0.54826666666666668,"textBaseline":0.87519531250000004,"isBackgroundTexture":false,"isVerticalText":false,"textColor":[0,0,0,1],"textureType":6},"initialState":{"affineTransform":[1,0,0,1,0,0],"masksToBounds":false,"rotation":0,"scale":1,"position":{"pointX":13.162661885260604,"pointY":12.5},"width":21,"sublayerTransform":[1,0,0,0,0,1,0,0,0,0,1,0,0,0,0,1],"contentsRect":{"y":0,"x":0,"width":1,"height":1},"opacity":1,"edgeAntialiasingMask":0,"height":15,"hidden":true,"anchorPoint":{"pointX":0.5,"pointY":0.5}},"texture":"7E16D7E343BDC13E71E86B95284E278F"}]}]}}]}