{"assets":{"352DCD13BB918F239B33974A09CD64B6":{"type":"texture","index":11,"assetRequest":{"type":"slide","state":"contents","slide":"none"},"url":{"native":"assets\/4FAC4612-A3A9-49B4-B403-D8C389E09A28.pdf"},"width":75,"height":75},"33814F53B622BBE16332D31B77A6079C":{"type":"texture","index":9,"assetRequest":{"type":"slide","state":"contents","slide":"none"},"url":{"native":"assets\/4FAC4612-A3A9-49B4-B403-D8C389E09A28.pdf"},"width":29,"height":22},"407FFC4BEB718BDE3720BEE97DA9B31A":{"type":"texture","index":6,"assetRequest":{"type":"slide","state":"contents","slide":"none"},"url":{"native":"assets\/4FAC4612-A3A9-49B4-B403-D8C389E09A28.pdf"},"width":24,"height":22},"D60B9CB8117CFA20FE673051F436A8CC":{"type":"texture","index":10,"assetRequest":{"type":"slide","state":"contents","slide":"none"},"url":{"native":"assets\/4FAC4612-A3A9-49B4-B403-D8C389E09A28.pdf"},"width":75,"height":75},"2BED4F3E2A6AAC7CCAE680CF3166562D":{"type":"texture","index":25,"assetRequest":{"type":"slide","state":"contents","slide":"none"},"url":{"native":"assets\/4FAC4612-A3A9-49B4-B403-D8C389E09A28.pdf"},"width":121,"height":318},"D15EC171B32A491E4852AF34CC0CB49F":{"type":"texture","index":5,"assetRequest":{"type":"slide","state":"contents","slide":"none"},"url":{"native":"assets\/4FAC4612-A3A9-49B4-B403-D8C389E09A28.pdf"},"width":122,"height":5},"EAB3A547D449203A932D9676DDCB23E6":{"type":"texture","index":22,"assetRequest":{"type":"slide","state":"contents","slide":"none"},"url":{"native":"assets\/4FAC4612-A3A9-49B4-B403-D8C389E09A28.pdf"},"width":5,"height":33},"9124B46C5742585C2121A3063434B3E7":{"type":"texture","index":19,"assetRequest":{"type":"slide","state":"contents","slide":"none"},"url":{"native":"assets\/4FAC4612-A3A9-49B4-B403-D8C389E09A28.pdf"},"width":5,"height":41},"3588F9106CB56EFD349622002F6BD47E":{"type":"texture","index":23,"assetRequest":{"type":"slide","state":"contents","slide":"none"},"url":{"native":"assets\/4FAC4612-A3A9-49B4-B403-D8C389E09A28.pdf"},"width":16,"height":21},"EC8B9E31988CC50BCF7962C0A05E14F9":{"type":"texture","index":14,"assetRequest":{"type":"slide","state":"contents","slide":"none"},"url":{"native":"assets\/4FAC4612-A3A9-49B4-B403-D8C389E09A28.pdf"},"width":75,"height":76},"442C6F7BDF7B0C3E097A176A073FEF6B":{"type":"texture","index":16,"assetRequest":{"type":"slide","state":"contents","slide":"none"},"url":{"native":"assets\/4FAC4612-A3A9-49B4-B403-D8C389E09A28.pdf"},"width":75,"height":76},"EE28C9C4403E7F0BD50AEE5212B420F0":{"type":"texture","index":29,"assetRequest":{"type":"slide","state":"contents","slide":"none"},"url":{"native":"assets\/4FAC4612-A3A9-49B4-B403-D8C389E09A28.pdf"},"width":1024,"height":768},"0E0C609B979F7F683E22F9A3F4BA95BD":{"type":"texture","index":13,"assetRequest":{"type":"slide","state":"contents","slide":"none"},"url":{"native":"assets\/4FAC4612-A3A9-49B4-B403-D8C389E09A28.pdf"},"width":75,"height":76},"9C75776774C7F5E38C121E8638921FC1":{"type":"texture","index":1,"assetRequest":{"type":"slide","state":"contents","slide":"none"},"url":{"native":"assets\/4FAC4612-A3A9-49B4-B403-D8C389E09A28.pdf"},"width":165,"height":55},"185469832BCF3B8B42DEB0033BF52E38":{"type":"texture","index":15,"assetRequest":{"type":"slide","state":"contents","slide":"none"},"url":{"native":"assets\/4FAC4612-A3A9-49B4-B403-D8C389E09A28.pdf"},"width":75,"height":76},"7C27259012B84B1DBA90FD7022340D39":{"type":"texture","index":24,"assetRequest":{"type":"slide","state":"contents","slide":"none"},"url":{"native":"assets\/4FAC4612-A3A9-49B4-B403-D8C389E09A28.pdf"},"width":39,"height":42},"536733D252940D773E8DB03F575C4293":{"type":"texture","index":18,"assetRequest":{"type":"slide","state":"contents","slide":"none"},"url":{"native":"assets\/4FAC4612-A3A9-49B4-B403-D8C389E09A28.pdf"},"width":43,"height":43},"4D14636D2522C4096348DD73B9C72E5C":{"type":"texture","index":27,"assetRequest":{"type":"slide","state":"contents","slide":"none"},"url":{"native":"assets\/4FAC4612-A3A9-49B4-B403-D8C389E09A28.pdf"},"width":73,"height":83},"84FF89C80E8B68E86781301E83760B11":{"type":"texture","index":8,"assetRequest":{"type":"slide","state":"contents","slide":"none"},"url":{"native":"assets\/4FAC4612-A3A9-49B4-B403-D8C389E09A28.pdf"},"width":25,"height":28},"F570C1C7B86C8398274EEDF5C82C710D":{"type":"texture","index":26,"assetRequest":{"type":"slide","state":"contents","slide":"none"},"url":{"native":"assets\/4FAC4612-A3A9-49B4-B403-D8C389E09A28.pdf"},"width":93,"height":97},"B74BB4400565B101ADC49DFA518188BF":{"type":"texture","index":30,"assetRequest":{"type":"slide","state":"contents","slide":"none"},"url":{"native":"assets\/4FAC4612-A3A9-49B4-B403-D8C389E09A28.pdf"},"width":1024,"height":768},"2600BD81B0273BE62704C3A8BA1D2C6C":{"type":"texture","index":7,"assetRequest":{"type":"slide","state":"contents","slide":"none"},"url":{"native":"assets\/4FAC4612-A3A9-49B4-B403-D8C389E09A28.pdf"},"width":30,"height":28},"B80930A14D311D131E7649514F813BFC":{"type":"texture","index":3,"assetRequest":{"type":"slide","state":"contents","slide":"none"},"url":{"native":"assets\/4FAC4612-A3A9-49B4-B403-D8C389E09A28.pdf"},"width":88,"height":88},"7947311B27D19FFC7B0F1BD00C06627B":{"type":"texture","index":20,"assetRequest":{"type":"slide","state":"contents","slide":"none"},"url":{"native":"assets\/4FAC4612-A3A9-49B4-B403-D8C389E09A28.pdf"},"width":49,"height":48},"797AAE72C1C255CAE359A4A3D72190C5":{"type":"texture","index":17,"assetRequest":{"type":"slide","state":"contents","slide":"none"},"url":{"native":"assets\/4FAC4612-A3A9-49B4-B403-D8C389E09A28.pdf"},"width":46,"height":46},"D2B844D598E4B3A0EE8466955C179083":{"type":"texture","index":12,"assetRequest":{"type":"slide","state":"contents","slide":"none"},"url":{"native":"assets\/4FAC4612-A3A9-49B4-B403-D8C389E09A28.pdf"},"width":75,"height":76},"04A496054A4E05FB8B992DD4E7BEC115":{"type":"texture","index":4,"assetRequest":{"type":"slide","state":"contents","slide":"none"},"url":{"native":"assets\/4FAC4612-A3A9-49B4-B403-D8C389E09A28.pdf"},"width":88,"height":88},"D2FEC7DB77D366D72CE0C7B7EA00CCF9":{"type":"texture","index":2,"assetRequest":{"type":"slide","state":"contents","slide":"none"},"url":{"native":"assets\/4FAC4612-A3A9-49B4-B403-D8C389E09A28.pdf"},"width":363,"height":102},"498E23C82CA78A4BCD7BA88E5243B6FC":{"type":"texture","index":0,"assetRequest":{"type":"slide","state":"contents","slide":"none"},"url":{"native":"assets\/4FAC4612-A3A9-49B4-B403-D8C389E09A28.pdf"},"width":1024,"height":768},"77AA0544AC4AEB80AE008B0CD2CC03A6":{"type":"texture","index":28,"assetRequest":{"type":"slide","state":"contents","slide":"none"},"url":{"native":"assets\/4FAC4612-A3A9-49B4-B403-D8C389E09A28.pdf"},"width":21,"height":14},"D46EB4D54F3D789B407FCDB02B105253":{"type":"texture","index":21,"assetRequest":{"type":"slide","state":"contents","slide":"none"},"url":{"native":"assets\/4FAC4612-A3A9-49B4-B403-D8C389E09A28.pdf"},"width":52,"height":52}},"events":[{"effects":[{"beginTime":0,"baseLayer":{"animations":[],"initialState":{"affineTransform":[1,0,0,1,0,0],"masksToBounds":false,"rotation":0,"scale":1,"position":{"pointX":392.54281740993122,"pointY":473.11260986328125},"width":121,"sublayerTransform":[1,0,0,0,0,1,0,0,0,0,1,0,0,0,0,1],"contentsRect":{"y":0,"x":0,"width":1,"height":1},"opacity":1,"edgeAntialiasingMask":251658240,"height":318,"hidden":false,"anchorPoint":{"pointX":0.5,"pointY":0.5}},"objectID":"1DB439C7-150E-4ACF-B397-86CFA3425298","layers":[{"animations":[],"initialState":{"affineTransform":[1,0,0,1,0,0],"masksToBounds":false,"rotation":0,"scale":1,"position":{"pointX":179.95718259006878,"pointY":69.88739013671875},"width":121,"sublayerTransform":[1,0,0,0,0,1,0,0,0,0,1,-0.00049229876906403734,0,0,0,1],"contentsRect":{"y":0,"x":0,"width":1,"height":1},"opacity":1,"edgeAntialiasingMask":251658240,"height":318,"hidden":false,"anchorPoint":{"pointX":1.4872494428931304,"pointY":0.21977166709659984}},"layers":[{"animations":[{"additive":false,"timeOffset":0,"beginTime":1e-100,"repeatCount":0,"fillMode":"both","duration":1,"autoreverses":false,"animations":[{"repeatCount":0,"removedOnCompletion":true,"from":{"scalar":0},"timingFunction":"EaseInEaseOut","additive":false,"timeOffset":0,"autoreverses":false,"property":"opacity","fillMode":"both","duration":1,"beginTime":0,"to":{"scalar":1}},{"additive":false,"timeOffset":0,"beginTime":0,"from":{"scalar":false},"repeatCount":0,"fillMode":"forwards","duration":1,"autoreverses":false,"property":"hidden","to":{"scalar":false},"removedOnCompletion":true}],"removedOnCompletion":false}],"layers":[],"texturedRectangle":{"singleTextureOpacity":1,"textXHeight":0,"shapePath":{"lineWidth":1,"flatness":0.59999999999999998,"lineCapStyle":0,"elements":[{"type":"MoveToPoint","points":[[113.467041015625,310.08078002929688]]},{"type":"AddCurve","points":[[56.17641709930183,291.34726005570906],[27.297678997354865,195.38271670605764],[26.830826709783992,22.187149980342099]]}],"windingRule":0,"lineJoinStyle":0,"miterLimit":10},"isBackgroundTexture":true,"textBaseline":0,"isVerticalText":false,"textureType":5},"initialState":{"affineTransform":[1,0,0,1,0,0],"masksToBounds":false,"rotation":0,"scale":1,"position":{"pointX":59.457182590068783,"pointY":157.88739013671875},"width":121,"sublayerTransform":[1,0,0,0,0,1,0,0,0,0,1,0,0,0,0,1],"contentsRect":{"y":0,"x":0,"width":1,"height":1},"opacity":1,"edgeAntialiasingMask":0,"height":318,"hidden":true,"anchorPoint":{"pointX":0.5,"pointY":0.5}},"texture":"2BED4F3E2A6AAC7CCAE680CF3166562D"}]}]},"effects":[{"beginTime":0.59999999999999998,"baseLayer":{"animations":[],"initialState":{"affineTransform":[1,0,0,1,0,0],"masksToBounds":false,"rotation":0,"scale":1,"position":{"pointX":223.17738342285156,"pointY":296.29742431640625},"width":93,"sublayerTransform":[1,0,0,0,0,1,0,0,0,0,1,0,0,0,0,1],"contentsRect":{"y":0,"x":0,"width":1,"height":1},"opacity":1,"edgeAntialiasingMask":251658240,"height":97,"hidden":false,"anchorPoint":{"pointX":0.5,"pointY":0.5}},"objectID":"CF265177-BEE9-4AF7-A7C7-822D5FB1C7BA","layers":[{"animations":[],"initialState":{"affineTransform":[1,0,0,1,0,0],"masksToBounds":false,"rotation":0,"scale":1,"position":{"pointX":335.32261657714844,"pointY":136.20257568359375},"width":93,"sublayerTransform":[1,0,0,0,0,1,0,0,0,0,1,-0.00049229876906403734,0,0,0,1],"contentsRect":{"y":0,"x":0,"width":1,"height":1},"opacity":1,"edgeAntialiasingMask":251658240,"height":97,"hidden":false,"anchorPoint":{"pointX":3.6056195330876175,"pointY":1.4041502647793169}},"layers":[{"animations":[{"additive":false,"timeOffset":0,"beginTime":0.59999999999999998,"repeatCount":0,"fillMode":"both","duration":1,"autoreverses":false,"animations":[{"repeatCount":0,"removedOnCompletion":true,"from":{"scalar":0},"timingFunction":"EaseInEaseOut","additive":false,"timeOffset":0,"autoreverses":false,"property":"opacity","fillMode":"both","duration":1,"beginTime":0,"to":{"scalar":1}},{"additive":false,"timeOffset":0,"beginTime":0,"from":{"scalar":false},"repeatCount":0,"fillMode":"forwards","duration":1,"autoreverses":false,"property":"hidden","to":{"scalar":false},"removedOnCompletion":true}],"removedOnCompletion":false}],"layers":[],"texturedRectangle":{"singleTextureOpacity":1,"textXHeight":0,"shapePath":{"lineWidth":1,"flatness":0.59999999999999998,"lineCapStyle":0,"elements":[{"type":"MoveToPoint","points":[[69.674198168283226,74.989380002113762]]},{"type":"AddCurve","points":[[60.337452640382082,38.356802630307357],[39.67195975192908,15.960030325785453],[7.6773834228515625,7.79742431640625]]}],"windingRule":0,"lineJoinStyle":0,"miterLimit":10},"isBackgroundTexture":true,"textBaseline":0,"isVerticalText":false,"textureType":5},"initialState":{"affineTransform":[1,0,0,1,0,0],"masksToBounds":false,"rotation":0,"scale":1,"position":{"pointX":44.822616577148438,"pointY":46.70257568359375},"width":93,"sublayerTransform":[1,0,0,0,0,1,0,0,0,0,1,0,0,0,0,1],"contentsRect":{"y":0,"x":0,"width":1,"height":1},"opacity":1,"edgeAntialiasingMask":0,"height":97,"hidden":true,"anchorPoint":{"pointX":0.5,"pointY":0.5}},"texture":"F570C1C7B86C8398274EEDF5C82C710D"}]}]},"effects":[],"duration":1,"type":"buildIn","attributes":{"KNBuildCustomAttributesIncludeEndpoints":true,"KNBuildCustomAttributesScaleAmount":70,"sfx-action-acceleration":3,"KNBuildCustomAttributesShine":true,"direction":0},"name":"com.apple.iWork.Keynote.FromDarkness","objectID":"CF265177-BEE9-4AF7-A7C7-822D5FB1C7BA"},{"beginTime":0.59999999999999998,"baseLayer":{"animations":[],"initialState":{"affineTransform":[1,0,0,1,0,0],"masksToBounds":false,"rotation":0,"scale":1,"position":{"pointX":382.57626348249948,"pointY":289.74097134920805},"width":73,"sublayerTransform":[1,0,0,0,0,1,0,0,0,0,1,0,0,0,0,1],"contentsRect":{"y":0,"x":0,"width":1,"height":1},"opacity":1,"edgeAntialiasingMask":251658240,"height":83,"hidden":false,"anchorPoint":{"pointX":0.5,"pointY":0.5}},"objectID":"F0FD6E3A-220B-44FB-B56C-CABB68756355","layers":[{"animations":[],"initialState":{"affineTransform":[1,0,0,1,0,0],"masksToBounds":false,"rotation":0,"scale":1,"position":{"pointX":165.92373651750052,"pointY":135.75902865079195},"width":73,"sublayerTransform":[1,0,0,0,0,1,0,0,0,0,1,-0.00049229876906403734,0,0,0,1],"contentsRect":{"y":0,"x":0,"width":1,"height":1},"opacity":1,"edgeAntialiasingMask":251658240,"height":83,"hidden":false,"anchorPoint":{"pointX":2.2729278975000069,"pointY":1.635650947599903}},"layers":[{"animations":[{"additive":false,"timeOffset":0,"beginTime":0.59999999999999998,"repeatCount":0,"fillMode":"both","duration":1,"autoreverses":false,"animations":[{"repeatCount":0,"removedOnCompletion":true,"from":{"scalar":0},"timingFunction":"EaseInEaseOut","additive":false,"timeOffset":0,"autoreverses":false,"property":"opacity","fillMode":"both","duration":1,"beginTime":0,"to":{"scalar":1}},{"additive":false,"timeOffset":0,"beginTime":0,"from":{"scalar":false},"repeatCount":0,"fillMode":"forwards","duration":1,"autoreverses":false,"property":"hidden","to":{"scalar":false},"removedOnCompletion":true}],"removedOnCompletion":false}],"layers":[],"texturedRectangle":{"singleTextureOpacity":1,"textXHeight":0,"shapePath":{"lineWidth":1,"flatness":0.59999999999999998,"lineCapStyle":0,"elements":[{"type":"MoveToPoint","points":[[52.083769381527077,17.994242801812504]]},{"type":"AddCurve","points":[[18.270798607009795,33.953093819327364],[3.5110406155624219,53.196086532253048],[7.8007591962814331,75.724822998046875]]}],"windingRule":0,"lineJoinStyle":0,"miterLimit":10},"isBackgroundTexture":true,"textBaseline":0,"isVerticalText":false,"textureType":5},"initialState":{"affineTransform":[1,0,0,1,0,0],"masksToBounds":false,"rotation":0,"scale":1,"position":{"pointX":35.423736517500515,"pointY":40.259028650791947},"width":73,"sublayerTransform":[1,0,0,0,0,1,0,0,0,0,1,0,0,0,0,1],"contentsRect":{"y":0,"x":0,"width":1,"height":1},"opacity":1,"edgeAntialiasingMask":0,"height":83,"hidden":true,"anchorPoint":{"pointX":0.5,"pointY":0.5}},"texture":"4D14636D2522C4096348DD73B9C72E5C"}]}]},"effects":[],"duration":1,"type":"buildIn","attributes":{"KNBuildCustomAttributesIncludeEndpoints":true,"KNBuildCustomAttributesScaleAmount":70,"sfx-action-acceleration":3,"KNBuildCustomAttributesShine":true,"direction":0},"name":"com.apple.iWork.Keynote.FromDarkness","objectID":"F0FD6E3A-220B-44FB-B56C-CABB68756355"}],"duration":1,"type":"buildIn","attributes":{"KNBuildCustomAttributesIncludeEndpoints":true,"KNBuildCustomAttributesScaleAmount":70,"sfx-action-acceleration":3,"KNBuildCustomAttributesShine":true,"direction":0},"name":"com.apple.iWork.Keynote.FromDarkness","objectID":"1DB439C7-150E-4ACF-B397-86CFA3425298"}],"automaticPlay":false,"hyperlinks":[],"accessibility":[{"text":"3","targetRectangle":{"y":373.99902296066284,"x":765.88954126834869,"width":14.718232044198885,"height":36.6817626953125}},{"text":"s1","targetRectangle":{"y":200.52635192871094,"x":218.68096260126191,"width":24.066298342541415,"height":36.602203369140625}},{"text":"g1","targetRectangle":{"y":669.48565626144409,"x":153.81896322965622,"width":23.151381215469598,"height":36.6817626953125}},{"text":"g1","targetRectangle":{"y":618.085693359375,"x":222.64296601034897,"width":26.950276243093924,"height":36.602203369140625}},{"text":"s1","targetRectangle":{"y":146.67864942550659,"x":154.97255450487137,"width":20.844198895027631,"height":36.6817626953125}},{"text":"￼","targetRectangle":{"y":736,"x":502.8373381147394,"width":17.79200000000003,"height":17.535888671875}},{"text":"c","targetRectangle":{"y":509.9813232421875,"x":299.37436795001128,"width":14.784530386740357,"height":36.602203369140625}},{"text":"equation.pdf","targetRectangle":{"y":446.20890924074001,"x":755.16284054517746,"width":21.294284091495797,"height":37.249814792478844}},{"text":"g2","targetRectangle":{"y":200.38572692871094,"x":361.41659379807516,"width":32.883977900552509,"height":36.602203369140625}},{"text":"s2","targetRectangle":{"y":402.60372924804688,"x":864.89038036469333,"width":40,"height":50.4696044921875}},{"text":"考虑 Weight","targetRectangle":{"y":46.274971008300781,"x":617.79769037573374,"width":310.90193370165753,"height":79}},{"text":"a","targetRectangle":{"y":301.2335205078125,"x":298.72795919960475,"width":16.077348066298384,"height":36.602203369140625}},{"text":"￼ij","targetRectangle":{"y":445.22303807735443,"x":755.16284054517746,"width":36.171632157794193,"height":38.235685955864426}},{"text":"s2","targetRectangle":{"y":669.48565626144409,"x":438.07115012407303,"width":25.591160220994482,"height":36.6817626953125}},{"text":"s2","targetRectangle":{"y":618.085693359375,"x":368.26254382916153,"width":30,"height":36.602203369140625}},{"text":"g2","targetRectangle":{"y":146.67864942550659,"x":436.91755884885788,"width":27.898342541436477,"height":36.6817626953125}},{"text":"b","targetRectangle":{"y":409.258544921875,"x":298.37989290126222,"width":16.773480662983445,"height":36.602203369140625}},{"text":"s1","targetRectangle":{"y":402.52560424804688,"x":645.5627342248257,"width":32.088397790055183,"height":50.4696044921875}},{"text":"WDG","targetRectangle":{"y":40.116363525390625,"x":83.012332878323562,"width":164.7646408839779,"height":91.0452880859375}}],"baseLayer":{"animations":[],"initialState":{"affineTransform":[1,0,0,1,0,0],"masksToBounds":false,"rotation":0,"scale":1,"position":{"pointX":512,"pointY":384},"width":1024,"sublayerTransform":[1,0,0,0,0,1,0,0,0,0,1,0,0,0,0,1],"contentsRect":{"y":0,"x":0,"width":1,"height":1},"opacity":1,"edgeAntialiasingMask":251658240,"height":768,"hidden":false,"anchorPoint":{"pointX":0.5,"pointY":0.5}},"layers":[{"animations":[],"initialState":{"affineTransform":[1,0,0,1,0,0],"masksToBounds":false,"rotation":0,"scale":1,"position":{"pointX":512,"pointY":384},"width":1024,"sublayerTransform":[1,0,0,0,0,1,0,0,0,0,1,0,0,0,0,1],"contentsRect":{"y":0,"x":0,"width":1,"height":1},"opacity":1,"edgeAntialiasingMask":251658240,"height":768,"hidden":false,"anchorPoint":{"pointX":0.5,"pointY":0.5}},"layers":[{"animations":[],"initialState":{"affineTransform":[1,0,0,1,0,0],"masksToBounds":false,"rotation":0,"scale":1,"position":{"pointX":512,"pointY":384},"width":1024,"sublayerTransform":[1,0,0,0,0,1,0,0,0,0,1,0,0,0,0,1],"contentsRect":{"y":0,"x":0,"width":1,"height":1},"opacity":1,"edgeAntialiasingMask":251658240,"height":768,"hidden":false,"anchorPoint":{"pointX":0.5,"pointY":0.5}},"layers":[{"animations":[],"layers":[],"texturedRectangle":{"isBackgroundTexture":true,"singleTextureOpacity":1,"textureType":1,"textBaseline":0,"textXHeight":0,"isVerticalText":false},"initialState":{"affineTransform":[1,0,0,1,0,0],"masksToBounds":false,"rotation":0,"scale":1,"position":{"pointX":512,"pointY":384},"width":1024,"sublayerTransform":[1,0,0,0,0,1,0,0,0,0,1,0,0,0,0,1],"contentsRect":{"y":0,"x":0,"width":1,"height":1},"opacity":1,"edgeAntialiasingMask":0,"height":768,"hidden":false,"anchorPoint":{"pointX":0.5,"pointY":0.5}},"texture":"498E23C82CA78A4BCD7BA88E5243B6FC"}]}]},{"animations":[],"initialState":{"affineTransform":[1,0,0,1,0,0],"masksToBounds":false,"rotation":0,"scale":1,"position":{"pointX":512,"pointY":384},"width":1024,"sublayerTransform":[1,0,0,0,0,1,0,0,0,0,1,0,0,0,0,1],"contentsRect":{"y":0,"x":0,"width":1,"height":1},"opacity":1,"edgeAntialiasingMask":251658240,"height":768,"hidden":false,"anchorPoint":{"pointX":0.5,"pointY":0.5}},"layers":[{"animations":[],"initialState":{"affineTransform":[1,0,0,1,0,0],"masksToBounds":false,"rotation":0,"scale":1,"position":{"pointX":161.00731658935547,"pointY":54.616363525390625},"width":165,"sublayerTransform":[1,0,0,0,0,1,0,0,0,0,1,0,0,0,0,1],"contentsRect":{"y":0,"x":0,"width":1,"height":1},"opacity":1,"edgeAntialiasingMask":251658240,"height":55,"hidden":false,"anchorPoint":{"pointX":0.5,"pointY":0.5}},"layers":[{"animations":[],"layers":[],"texturedRectangle":{"singleTextureOpacity":1,"textXHeight":0.65671521848317427,"textBaseline":0.92354902787642046,"isBackgroundTexture":true,"isVerticalText":false,"textColor":[0,0,0,1],"textureType":6},"initialState":{"affineTransform":[1,0,0,1,0,0],"masksToBounds":false,"rotation":0,"scale":1,"position":{"pointX":85.992683410644531,"pointY":60.383636474609375},"width":165,"sublayerTransform":[1,0,0,0,0,1,0,0,0,0,1,0,0,0,0,1],"contentsRect":{"y":0,"x":0,"width":1,"height":1},"opacity":1,"edgeAntialiasingMask":0,"height":55,"hidden":false,"anchorPoint":{"pointX":0.5,"pointY":0.5}},"texture":"9C75776774C7F5E38C121E8638921FC1"}]}]},{"animations":[],"initialState":{"affineTransform":[1,0,0,1,0,0],"masksToBounds":false,"rotation":0,"scale":1,"position":{"pointX":512,"pointY":384},"width":1024,"sublayerTransform":[1,0,0,0,0,1,0,0,0,0,1,0,0,0,0,1],"contentsRect":{"y":0,"x":0,"width":1,"height":1},"opacity":1,"edgeAntialiasingMask":251658240,"height":768,"hidden":false,"anchorPoint":{"pointX":0.5,"pointY":0.5}},"layers":[{"animations":[],"initialState":{"affineTransform":[1,0,0,1,0,0],"masksToBounds":false,"rotation":0,"scale":1,"position":{"pointX":774.84161376953125,"pointY":87.274971008300781},"width":363,"sublayerTransform":[1,0,0,0,0,1,0,0,0,0,1,0,0,0,0,1],"contentsRect":{"y":0,"x":0,"width":1,"height":1},"opacity":1,"edgeAntialiasingMask":251658240,"height":102,"hidden":false,"anchorPoint":{"pointX":0.5,"pointY":0.5}},"layers":[{"animations":[],"layers":[],"texturedRectangle":{"singleTextureOpacity":1,"textXHeight":0,"shapePath":{"lineWidth":1,"flatness":0.59999999999999998,"lineCapStyle":0,"elements":[{"type":"MoveToPoint","points":[[4.34161376953125,4.2749710083007741]]},{"type":"AddLine","points":[[358.15570068359375,4.2749710083007741]]},{"type":"AddLine","points":[[358.15570068359375,97.143501281738281]]},{"type":"AddLine","points":[[4.34161376953125,97.143501281738281]]},{"type":"CloseSubpath"},{"type":"MoveToPoint","points":[[4.34161376953125,4.2749710083007741]]}],"windingRule":0,"lineJoinStyle":0,"miterLimit":10},"isBackgroundTexture":true,"textBaseline":0,"isVerticalText":false,"textureType":5},"initialState":{"affineTransform":[1,0,0,1,0,0],"masksToBounds":false,"rotation":0,"scale":1,"position":{"pointX":180.15838623046875,"pointY":49.725028991699226},"width":363,"sublayerTransform":[1,0,0,0,0,1,0,0,0,0,1,0,0,0,0,1],"contentsRect":{"y":0,"x":0,"width":1,"height":1},"opacity":1,"edgeAntialiasingMask":0,"height":102,"hidden":false,"anchorPoint":{"pointX":0.5,"pointY":0.5}},"texture":"D2FEC7DB77D366D72CE0C7B7EA00CCF9"}]}]},{"animations":[],"initialState":{"affineTransform":[1,0,0,1,0,0],"masksToBounds":false,"rotation":0,"scale":1,"position":{"pointX":512,"pointY":384},"width":1024,"sublayerTransform":[1,0,0,0,0,1,0,0,0,0,1,0,0,0,0,1],"contentsRect":{"y":0,"x":0,"width":1,"height":1},"opacity":1,"edgeAntialiasingMask":251658240,"height":768,"hidden":false,"anchorPoint":{"pointX":0.5,"pointY":0.5}},"layers":[{"animations":[],"initialState":{"affineTransform":[1,0,0,1,0,0],"masksToBounds":false,"rotation":0,"scale":1,"position":{"pointX":663.10693359375,"pointY":429.46310424804688},"width":88,"sublayerTransform":[1,0,0,0,0,1,0,0,0,0,1,0,0,0,0,1],"contentsRect":{"y":0,"x":0,"width":1,"height":1},"opacity":0.82384157180786133,"edgeAntialiasingMask":251658240,"height":88,"hidden":false,"anchorPoint":{"pointX":0.5,"pointY":0.5}},"layers":[{"animations":[],"layers":[],"texturedRectangle":{"singleTextureOpacity":0.82384157180786133,"textXHeight":0,"shapePath":{"lineWidth":1,"flatness":0.59999999999999998,"lineCapStyle":0,"elements":[{"type":"MoveToPoint","points":[[73.658973693847656,13.911066055297852]]},{"type":"AddCurve","points":[[90.256256103515625,30.50834846496582],[90.256256103515625,57.417861938476562],[73.658973693847656,74.015144348144531]]},{"type":"AddCurve","points":[[57.061691284179688,90.6124267578125],[30.152177810668945,90.6124267578125],[13.554895401000977,74.015144348144531]]},{"type":"AddCurve","points":[[-3.0423870086669922,57.417861938476562],[-3.0423870086669922,30.50834846496582],[13.554895401000977,13.911066055297852]]},{"type":"AddCurve","points":[[30.152177810668945,-2.6862163543701172],[57.061691284179688,-2.6862163543701172],[73.658973693847656,13.911066055297852]]},{"type":"CloseSubpath"},{"type":"MoveToPoint","points":[[73.658973693847656,13.911066055297852]]}],"windingRule":0,"lineJoinStyle":0,"miterLimit":10},"isBackgroundTexture":true,"textBaseline":0,"isVerticalText":false,"textureType":5},"initialState":{"affineTransform":[1,0,0,1,0,0],"masksToBounds":false,"rotation":0,"scale":1,"position":{"pointX":42.89306640625,"pointY":42.536895751953125},"width":88,"sublayerTransform":[1,0,0,0,0,1,0,0,0,0,1,0,0,0,0,1],"contentsRect":{"y":0,"x":0,"width":1,"height":1},"opacity":1,"edgeAntialiasingMask":0,"height":88,"hidden":false,"anchorPoint":{"pointX":0.5,"pointY":0.5}},"texture":"B80930A14D311D131E7649514F813BFC"}]}]},{"animations":[],"initialState":{"affineTransform":[1,0,0,1,0,0],"masksToBounds":false,"rotation":0,"scale":1,"position":{"pointX":512,"pointY":384},"width":1024,"sublayerTransform":[1,0,0,0,0,1,0,0,0,0,1,0,0,0,0,1],"contentsRect":{"y":0,"x":0,"width":1,"height":1},"opacity":1,"edgeAntialiasingMask":251658240,"height":768,"hidden":false,"anchorPoint":{"pointX":0.5,"pointY":0.5}},"layers":[{"animations":[],"initialState":{"affineTransform":[1,0,0,1,0,0],"masksToBounds":false,"rotation":0,"scale":1,"position":{"pointX":886.390380859375,"pointY":429.46310424804688},"width":88,"sublayerTransform":[1,0,0,0,0,1,0,0,0,0,1,0,0,0,0,1],"contentsRect":{"y":0,"x":0,"width":1,"height":1},"opacity":0.82384157180786133,"edgeAntialiasingMask":251658240,"height":88,"hidden":false,"anchorPoint":{"pointX":0.5,"pointY":0.5}},"layers":[{"animations":[],"layers":[],"texturedRectangle":{"singleTextureOpacity":0.82384157180786133,"textXHeight":0,"shapePath":{"lineWidth":1,"flatness":0.59999999999999998,"lineCapStyle":0,"elements":[{"type":"MoveToPoint","points":[[73.942420959472656,13.911066055297852]]},{"type":"AddCurve","points":[[90.539703369140625,30.50834846496582],[90.539703369140625,57.417861938476562],[73.942420959472656,74.015144348144531]]},{"type":"AddCurve","points":[[57.345138549804688,90.6124267578125],[30.435625076293945,90.6124267578125],[13.838342666625977,74.015144348144531]]},{"type":"AddCurve","points":[[-2.7589397430419922,57.417861938476562],[-2.7589397430419922,30.50834846496582],[13.838342666625977,13.911066055297852]]},{"type":"AddCurve","points":[[30.435625076293945,-2.6862163543701172],[57.345138549804688,-2.6862163543701172],[73.942420959472656,13.911066055297852]]},{"type":"CloseSubpath"},{"type":"MoveToPoint","points":[[73.942420959472656,13.911066055297852]]}],"windingRule":0,"lineJoinStyle":0,"miterLimit":10},"isBackgroundTexture":true,"textBaseline":0,"isVerticalText":false,"textureType":5},"initialState":{"affineTransform":[1,0,0,1,0,0],"masksToBounds":false,"rotation":0,"scale":1,"position":{"pointX":42.609619140625,"pointY":42.536895751953125},"width":88,"sublayerTransform":[1,0,0,0,0,1,0,0,0,0,1,0,0,0,0,1],"contentsRect":{"y":0,"x":0,"width":1,"height":1},"opacity":1,"edgeAntialiasingMask":0,"height":88,"hidden":false,"anchorPoint":{"pointX":0.5,"pointY":0.5}},"texture":"04A496054A4E05FB8B992DD4E7BEC115"}]}]},{"animations":[],"initialState":{"affineTransform":[1,0,0,1,0,0],"masksToBounds":false,"rotation":0,"scale":1,"position":{"pointX":512,"pointY":384},"width":1024,"sublayerTransform":[1,0,0,0,0,1,0,0,0,0,1,0,0,0,0,1],"contentsRect":{"y":0,"x":0,"width":1,"height":1},"opacity":1,"edgeAntialiasingMask":251658240,"height":768,"hidden":false,"anchorPoint":{"pointX":0.5,"pointY":0.5}},"layers":[{"animations":[],"initialState":{"affineTransform":[1,0,0,1,0,0],"masksToBounds":false,"rotation":0,"scale":1,"position":{"pointX":774.57635853820102,"pointY":429.46310424804688},"width":122,"sublayerTransform":[1,0,0,0,0,1,0,0,0,0,1,0,0,0,0,1],"contentsRect":{"y":0,"x":0,"width":1,"height":1},"opacity":0.82384157180786133,"edgeAntialiasingMask":251658240,"height":5,"hidden":false,"anchorPoint":{"pointX":0.5,"pointY":0.5}},"layers":[{"animations":[],"layers":[],"texturedRectangle":{"singleTextureOpacity":0.82384157180786133,"textXHeight":0,"shapePath":{"lineWidth":1,"flatness":0.59999999999999998,"lineCapStyle":0,"elements":[{"type":"MoveToPoint","points":[[120.92095947265625,2.963104248046875]]},{"type":"AddLine","points":[[1.5763585382010206,2.963104248046875]]}],"windingRule":0,"lineJoinStyle":0,"miterLimit":10},"isBackgroundTexture":true,"textBaseline":0,"isVerticalText":false,"textureType":5},"initialState":{"affineTransform":[1,0,0,1,0,0],"masksToBounds":false,"rotation":0,"scale":1,"position":{"pointX":59.423641461798979,"pointY":0.536895751953125},"width":122,"sublayerTransform":[1,0,0,0,0,1,0,0,0,0,1,0,0,0,0,1],"contentsRect":{"y":0,"x":0,"width":1,"height":1},"opacity":1,"edgeAntialiasingMask":0,"height":5,"hidden":false,"anchorPoint":{"pointX":0.5,"pointY":0.5}},"texture":"D15EC171B32A491E4852AF34CC0CB49F"}]}]},{"animations":[],"initialState":{"affineTransform":[1,0,0,1,0,0],"masksToBounds":false,"rotation":0,"scale":1,"position":{"pointX":512,"pointY":384},"width":1024,"sublayerTransform":[1,0,0,0,0,1,0,0,0,0,1,0,0,0,0,1],"contentsRect":{"y":0,"x":0,"width":1,"height":1},"opacity":1,"edgeAntialiasingMask":251658240,"height":768,"hidden":false,"anchorPoint":{"pointX":0.5,"pointY":0.5}},"layers":[{"animations":[],"initialState":{"affineTransform":[1,0,0,1,0,0],"masksToBounds":false,"rotation":0,"scale":1,"position":{"pointX":162.47255450487137,"pointY":153.67864942550659},"width":24,"sublayerTransform":[1,0,0,0,0,1,0,0,0,0,1,0,0,0,0,1],"contentsRect":{"y":0,"x":0,"width":1,"height":1},"opacity":1,"edgeAntialiasingMask":251658240,"height":22,"hidden":false,"anchorPoint":{"pointX":0.5,"pointY":0.5}},"layers":[{"animations":[],"layers":[],"texturedRectangle":{"singleTextureOpacity":1,"textXHeight":0.57378201908588644,"textBaseline":0.84416335279291321,"isBackgroundTexture":true,"isVerticalText":false,"textColor":[0.33759224414825439,0.75772833824157715,0.99999994039535522,1],"textureType":6},"initialState":{"affineTransform":[1,0,0,1,0,0],"masksToBounds":false,"rotation":0,"scale":1,"position":{"pointX":14.527445495128632,"pointY":26.321350574493408},"width":24,"sublayerTransform":[1,0,0,0,0,1,0,0,0,0,1,0,0,0,0,1],"contentsRect":{"y":0,"x":0,"width":1,"height":1},"opacity":1,"edgeAntialiasingMask":0,"height":22,"hidden":false,"anchorPoint":{"pointX":0.5,"pointY":0.5}},"texture":"407FFC4BEB718BDE3720BEE97DA9B31A"}]}]},{"animations":[],"initialState":{"affineTransform":[1,0,0,1,0,0],"masksToBounds":false,"rotation":0,"scale":1,"position":{"pointX":512,"pointY":384},"width":1024,"sublayerTransform":[1,0,0,0,0,1,0,0,0,0,1,0,0,0,0,1],"contentsRect":{"y":0,"x":0,"width":1,"height":1},"opacity":1,"edgeAntialiasingMask":251658240,"height":768,"hidden":false,"anchorPoint":{"pointX":0.5,"pointY":0.5}},"layers":[{"animations":[],"initialState":{"affineTransform":[1,0,0,1,0,0],"masksToBounds":false,"rotation":0,"scale":1,"position":{"pointX":447.41755884885788,"pointY":156.67864942550659},"width":30,"sublayerTransform":[1,0,0,0,0,1,0,0,0,0,1,0,0,0,0,1],"contentsRect":{"y":0,"x":0,"width":1,"height":1},"opacity":1,"edgeAntialiasingMask":251658240,"height":28,"hidden":false,"anchorPoint":{"pointX":0.5,"pointY":0.5}},"layers":[{"animations":[],"layers":[],"texturedRectangle":{"singleTextureOpacity":1,"textXHeight":0.45082872928176793,"textBaseline":0.66327120576586041,"isBackgroundTexture":true,"isVerticalText":false,"textColor":[0.33759224414825439,0.75772833824157715,0.99999994039535522,1],"textureType":6},"initialState":{"affineTransform":[1,0,0,1,0,0],"masksToBounds":false,"rotation":0,"scale":1,"position":{"pointX":18.58244115114212,"pointY":29.321350574493408},"width":30,"sublayerTransform":[1,0,0,0,0,1,0,0,0,0,1,0,0,0,0,1],"contentsRect":{"y":0,"x":0,"width":1,"height":1},"opacity":1,"edgeAntialiasingMask":0,"height":28,"hidden":false,"anchorPoint":{"pointX":0.5,"pointY":0.5}},"texture":"2600BD81B0273BE62704C3A8BA1D2C6C"}]}]},{"animations":[],"initialState":{"affineTransform":[1,0,0,1,0,0],"masksToBounds":false,"rotation":0,"scale":1,"position":{"pointX":512,"pointY":384},"width":1024,"sublayerTransform":[1,0,0,0,0,1,0,0,0,0,1,0,0,0,0,1],"contentsRect":{"y":0,"x":0,"width":1,"height":1},"opacity":1,"edgeAntialiasingMask":251658240,"height":768,"hidden":false,"anchorPoint":{"pointX":0.5,"pointY":0.5}},"layers":[{"animations":[],"initialState":{"affineTransform":[1,0,0,1,0,0],"masksToBounds":false,"rotation":0,"scale":1,"position":{"pointX":161.81896322965622,"pointY":679.48565626144409},"width":25,"sublayerTransform":[1,0,0,0,0,1,0,0,0,0,1,0,0,0,0,1],"contentsRect":{"y":0,"x":0,"width":1,"height":1},"opacity":1,"edgeAntialiasingMask":251658240,"height":28,"hidden":false,"anchorPoint":{"pointX":0.5,"pointY":0.5}},"layers":[{"animations":[],"layers":[],"texturedRectangle":{"singleTextureOpacity":1,"textXHeight":0.45082872928176793,"textBaseline":0.65637859276362831,"isBackgroundTexture":true,"isVerticalText":false,"textColor":[0.33759224414825439,0.75772833824157715,0.99999994039535522,1],"textureType":6},"initialState":{"affineTransform":[1,0,0,1,0,0],"masksToBounds":false,"rotation":0,"scale":1,"position":{"pointX":16.181036770343781,"pointY":29.514343738555908},"width":25,"sublayerTransform":[1,0,0,0,0,1,0,0,0,0,1,0,0,0,0,1],"contentsRect":{"y":0,"x":0,"width":1,"height":1},"opacity":1,"edgeAntialiasingMask":0,"height":28,"hidden":false,"anchorPoint":{"pointX":0.5,"pointY":0.5}},"texture":"84FF89C80E8B68E86781301E83760B11"}]}]},{"animations":[],"initialState":{"affineTransform":[1,0,0,1,0,0],"masksToBounds":false,"rotation":0,"scale":1,"position":{"pointX":512,"pointY":384},"width":1024,"sublayerTransform":[1,0,0,0,0,1,0,0,0,0,1,0,0,0,0,1],"contentsRect":{"y":0,"x":0,"width":1,"height":1},"opacity":1,"edgeAntialiasingMask":251658240,"height":768,"hidden":false,"anchorPoint":{"pointX":0.5,"pointY":0.5}},"layers":[{"animations":[],"initialState":{"affineTransform":[1,0,0,1,0,0],"masksToBounds":false,"rotation":0,"scale":1,"position":{"pointX":448.07115012407303,"pointY":676.48565626144409},"width":29,"sublayerTransform":[1,0,0,0,0,1,0,0,0,0,1,0,0,0,0,1],"contentsRect":{"y":0,"x":0,"width":1,"height":1},"opacity":1,"edgeAntialiasingMask":251658240,"height":22,"hidden":false,"anchorPoint":{"pointX":0.5,"pointY":0.5}},"layers":[{"animations":[],"layers":[],"texturedRectangle":{"singleTextureOpacity":1,"textXHeight":0.57378201908588644,"textBaseline":0.8353909362446178,"isBackgroundTexture":true,"isVerticalText":false,"textColor":[0.33759224414825439,0.75772833824157715,0.99999994039535522,1],"textureType":6},"initialState":{"affineTransform":[1,0,0,1,0,0],"masksToBounds":false,"rotation":0,"scale":1,"position":{"pointX":16.928849875926971,"pointY":26.514343738555908},"width":29,"sublayerTransform":[1,0,0,0,0,1,0,0,0,0,1,0,0,0,0,1],"contentsRect":{"y":0,"x":0,"width":1,"height":1},"opacity":1,"edgeAntialiasingMask":0,"height":22,"hidden":false,"anchorPoint":{"pointX":0.5,"pointY":0.5}},"texture":"33814F53B622BBE16332D31B77A6079C"}]}]},{"animations":[],"initialState":{"affineTransform":[1,0,0,1,0,0],"masksToBounds":false,"rotation":0,"scale":1,"position":{"pointX":512,"pointY":384},"width":1024,"sublayerTransform":[1,0,0,0,0,1,0,0,0,0,1,0,0,0,0,1],"contentsRect":{"y":0,"x":0,"width":1,"height":1},"opacity":1,"edgeAntialiasingMask":251658240,"height":768,"hidden":false,"anchorPoint":{"pointX":0.5,"pointY":0.5}},"layers":[{"animations":[],"initialState":{"affineTransform":[1,0,0,1,0,0],"masksToBounds":false,"rotation":0,"scale":1,"position":{"pointX":232.182861328125,"pointY":220.40135192871094},"width":75,"sublayerTransform":[1,0,0,0,0,1,0,0,0,0,1,0,0,0,0,1],"contentsRect":{"y":0,"x":0,"width":1,"height":1},"opacity":0.82384157180786133,"edgeAntialiasingMask":251658240,"height":75,"hidden":false,"anchorPoint":{"pointX":0.5,"pointY":0.5}},"layers":[{"animations":[],"layers":[],"texturedRectangle":{"singleTextureOpacity":0.82384157180786133,"textXHeight":0,"shapePath":{"lineWidth":1,"flatness":0.59999999999999998,"lineCapStyle":0,"elements":[{"type":"MoveToPoint","points":[[63.206821953397593,12.457194480313774]]},{"type":"AddCurve","points":[[77.281278688868042,26.531651215784223],[77.281278688868042,49.350855818513082],[63.206821953397593,63.425312553983531]]},{"type":"AddCurve","points":[[49.132365217927145,77.49976928945398],[26.313160615198285,77.49976928945398],[12.238703879727836,63.425312553983531]]},{"type":"AddCurve","points":[[-1.8357528557426122,49.350855818513082],[-1.8357528557426122,26.531651215784223],[12.238703879727836,12.457194480313774]]},{"type":"AddCurve","points":[[26.313160615198285,-1.6172622551566747],[49.132365217927145,-1.6172622551566747],[63.206821953397593,12.457194480313774]]},{"type":"CloseSubpath"},{"type":"MoveToPoint","points":[[63.206821953397593,12.457194480313774]]}],"windingRule":0,"lineJoinStyle":0,"miterLimit":10},"isBackgroundTexture":true,"textBaseline":0,"isVerticalText":false,"textureType":5},"initialState":{"affineTransform":[1,0,0,1,0,0],"masksToBounds":false,"rotation":0,"scale":1,"position":{"pointX":35.817138671875,"pointY":35.598648071289062},"width":75,"sublayerTransform":[1,0,0,0,0,1,0,0,0,0,1,0,0,0,0,1],"contentsRect":{"y":0,"x":0,"width":1,"height":1},"opacity":1,"edgeAntialiasingMask":0,"height":75,"hidden":false,"anchorPoint":{"pointX":0.5,"pointY":0.5}},"texture":"D60B9CB8117CFA20FE673051F436A8CC"}]}]},{"animations":[],"initialState":{"affineTransform":[1,0,0,1,0,0],"masksToBounds":false,"rotation":0,"scale":1,"position":{"pointX":512,"pointY":384},"width":1024,"sublayerTransform":[1,0,0,0,0,1,0,0,0,0,1,0,0,0,0,1],"contentsRect":{"y":0,"x":0,"width":1,"height":1},"opacity":1,"edgeAntialiasingMask":251658240,"height":768,"hidden":false,"anchorPoint":{"pointX":0.5,"pointY":0.5}},"layers":[{"animations":[],"initialState":{"affineTransform":[1,0,0,1,0,0],"masksToBounds":false,"rotation":0,"scale":1,"position":{"pointX":379.32733154296875,"pointY":220.40135192871094},"width":75,"sublayerTransform":[1,0,0,0,0,1,0,0,0,0,1,0,0,0,0,1],"contentsRect":{"y":0,"x":0,"width":1,"height":1},"opacity":0.82384157180786133,"edgeAntialiasingMask":251658240,"height":75,"hidden":false,"anchorPoint":{"pointX":0.5,"pointY":0.5}},"layers":[{"animations":[],"layers":[],"texturedRectangle":{"singleTextureOpacity":0.82384157180786133,"textXHeight":0,"shapePath":{"lineWidth":1,"flatness":0.59999999999999998,"lineCapStyle":0,"elements":[{"type":"MoveToPoint","points":[[63.351285698532593,12.457194480313774]]},{"type":"AddCurve","points":[[77.425748903711792,26.531651215784223],[77.425748903711792,49.350852583658707],[63.351285698532593,63.42530608427478]]},{"type":"AddCurve","points":[[49.276832197916519,77.49976928945398],[26.457630830042035,77.49976928945398],[12.383174094571586,63.42530608427478]]},{"type":"AddCurve","points":[[-1.6912826408988622,49.350852583658707],[-1.6912826408988622,26.531651215784223],[12.383174094571586,12.457194480313774]]},{"type":"AddCurve","points":[[26.457630830042035,-1.6172622551566747],[49.276832197916519,-1.6172622551566747],[63.351285698532593,12.457194480313774]]},{"type":"CloseSubpath"},{"type":"MoveToPoint","points":[[63.351285698532593,12.457194480313774]]}],"windingRule":0,"lineJoinStyle":0,"miterLimit":10},"isBackgroundTexture":true,"textBaseline":0,"isVerticalText":false,"textureType":5},"initialState":{"affineTransform":[1,0,0,1,0,0],"masksToBounds":false,"rotation":0,"scale":1,"position":{"pointX":35.67266845703125,"pointY":35.598648071289062},"width":75,"sublayerTransform":[1,0,0,0,0,1,0,0,0,0,1,0,0,0,0,1],"contentsRect":{"y":0,"x":0,"width":1,"height":1},"opacity":1,"edgeAntialiasingMask":0,"height":75,"hidden":false,"anchorPoint":{"pointX":0.5,"pointY":0.5}},"texture":"352DCD13BB918F239B33974A09CD64B6"}]}]},{"animations":[],"initialState":{"affineTransform":[1,0,0,1,0,0],"masksToBounds":false,"rotation":0,"scale":1,"position":{"pointX":512,"pointY":384},"width":1024,"sublayerTransform":[1,0,0,0,0,1,0,0,0,0,1,0,0,0,0,1],"contentsRect":{"y":0,"x":0,"width":1,"height":1},"opacity":1,"edgeAntialiasingMask":251658240,"height":768,"hidden":false,"anchorPoint":{"pointX":0.5,"pointY":0.5}},"layers":[{"animations":[],"initialState":{"affineTransform":[1,0,0,1,0,0],"masksToBounds":false,"rotation":0,"scale":1,"position":{"pointX":308.23538208007812,"pointY":321.9288330078125},"width":75,"sublayerTransform":[1,0,0,0,0,1,0,0,0,0,1,0,0,0,0,1],"contentsRect":{"y":0,"x":0,"width":1,"height":1},"opacity":0.82384157180786133,"edgeAntialiasingMask":251658240,"height":76,"hidden":false,"anchorPoint":{"pointX":0.5,"pointY":0.5}},"layers":[{"animations":[],"layers":[],"texturedRectangle":{"singleTextureOpacity":0.82384157180786133,"textXHeight":0,"shapePath":{"lineWidth":1,"flatness":0.59999999999999998,"lineCapStyle":0,"elements":[{"type":"MoveToPoint","points":[[63.259336235641968,12.484675559415336]]},{"type":"AddCurve","points":[[77.333799440821167,26.559132294885785],[77.333799440821167,49.378333662760269],[63.259336235641968,63.452787163376343]]},{"type":"AddCurve","points":[[49.184882735025894,77.527250368555542],[26.36568136715141,77.527250368555542],[12.291224631680961,63.452787163376343]]},{"type":"AddCurve","points":[[-1.7832321037894872,49.378333662760269],[-1.7832321037894872,26.559132294885785],[12.291224631680961,12.484675559415336]]},{"type":"AddCurve","points":[[26.36568136715141,-1.5897811760551122],[49.184882735025894,-1.5897811760551122],[63.259336235641968,12.484675559415336]]},{"type":"CloseSubpath"},{"type":"MoveToPoint","points":[[63.259336235641968,12.484675559415336]]}],"windingRule":0,"lineJoinStyle":0,"miterLimit":10},"isBackgroundTexture":true,"textBaseline":0,"isVerticalText":false,"textureType":5},"initialState":{"affineTransform":[1,0,0,1,0,0],"masksToBounds":false,"rotation":0,"scale":1,"position":{"pointX":35.764617919921875,"pointY":36.0711669921875},"width":75,"sublayerTransform":[1,0,0,0,0,1,0,0,0,0,1,0,0,0,0,1],"contentsRect":{"y":0,"x":0,"width":1,"height":1},"opacity":1,"edgeAntialiasingMask":0,"height":76,"hidden":false,"anchorPoint":{"pointX":0.5,"pointY":0.5}},"texture":"D2B844D598E4B3A0EE8466955C179083"}]}]},{"animations":[],"initialState":{"affineTransform":[1,0,0,1,0,0],"masksToBounds":false,"rotation":0,"scale":1,"position":{"pointX":512,"pointY":384},"width":1024,"sublayerTransform":[1,0,0,0,0,1,0,0,0,0,1,0,0,0,0,1],"contentsRect":{"y":0,"x":0,"width":1,"height":1},"opacity":1,"edgeAntialiasingMask":251658240,"height":768,"hidden":false,"anchorPoint":{"pointX":0.5,"pointY":0.5}},"layers":[{"animations":[],"initialState":{"affineTransform":[1,0,0,1,0,0],"masksToBounds":false,"rotation":0,"scale":1,"position":{"pointX":308.23538208007812,"pointY":530.9813232421875},"width":75,"sublayerTransform":[1,0,0,0,0,1,0,0,0,0,1,0,0,0,0,1],"contentsRect":{"y":0,"x":0,"width":1,"height":1},"opacity":0.82384157180786133,"edgeAntialiasingMask":251658240,"height":76,"hidden":false,"anchorPoint":{"pointX":0.5,"pointY":0.5}},"layers":[{"animations":[],"layers":[],"texturedRectangle":{"singleTextureOpacity":0.82384157180786133,"textXHeight":0,"shapePath":{"lineWidth":1,"flatness":0.59999999999999998,"lineCapStyle":0,"elements":[{"type":"MoveToPoint","points":[[63.259336235641968,12.537165793790336]]},{"type":"AddCurve","points":[[77.333799440821167,26.611622529260785],[77.333799440821167,49.430823897135269],[63.259336235641968,63.505277397751343]]},{"type":"AddCurve","points":[[49.184882735025894,77.579740602930542],[26.36568136715141,77.579740602930542],[12.291224631680961,63.505277397751343]]},{"type":"AddCurve","points":[[-1.7832321037894872,49.430823897135269],[-1.7832321037894872,26.611622529260785],[12.291224631680961,12.537165793790336]]},{"type":"AddCurve","points":[[26.36568136715141,-1.5372909416801122],[49.184882735025894,-1.5372909416801122],[63.259336235641968,12.537165793790336]]},{"type":"CloseSubpath"},{"type":"MoveToPoint","points":[[63.259336235641968,12.537165793790336]]}],"windingRule":0,"lineJoinStyle":0,"miterLimit":10},"isBackgroundTexture":true,"textBaseline":0,"isVerticalText":false,"textureType":5},"initialState":{"affineTransform":[1,0,0,1,0,0],"masksToBounds":false,"rotation":0,"scale":1,"position":{"pointX":35.764617919921875,"pointY":36.0186767578125},"width":75,"sublayerTransform":[1,0,0,0,0,1,0,0,0,0,1,0,0,0,0,1],"contentsRect":{"y":0,"x":0,"width":1,"height":1},"opacity":1,"edgeAntialiasingMask":0,"height":76,"hidden":false,"anchorPoint":{"pointX":0.5,"pointY":0.5}},"texture":"0E0C609B979F7F683E22F9A3F4BA95BD"}]}]},{"animations":[],"initialState":{"affineTransform":[1,0,0,1,0,0],"masksToBounds":false,"rotation":0,"scale":1,"position":{"pointX":512,"pointY":384},"width":1024,"sublayerTransform":[1,0,0,0,0,1,0,0,0,0,1,0,0,0,0,1],"contentsRect":{"y":0,"x":0,"width":1,"height":1},"opacity":1,"edgeAntialiasingMask":251658240,"height":768,"hidden":false,"anchorPoint":{"pointX":0.5,"pointY":0.5}},"layers":[{"animations":[],"initialState":{"affineTransform":[1,0,0,1,0,0],"masksToBounds":false,"rotation":0,"scale":1,"position":{"pointX":308.23538208007812,"pointY":429.953857421875},"width":75,"sublayerTransform":[1,0,0,0,0,1,0,0,0,0,1,0,0,0,0,1],"contentsRect":{"y":0,"x":0,"width":1,"height":1},"opacity":0.82384157180786133,"edgeAntialiasingMask":251658240,"height":76,"hidden":false,"anchorPoint":{"pointX":0.5,"pointY":0.5}},"layers":[{"animations":[],"layers":[],"texturedRectangle":{"singleTextureOpacity":0.82384157180786133,"textXHeight":0,"shapePath":{"lineWidth":1,"flatness":0.59999999999999998,"lineCapStyle":0,"elements":[{"type":"MoveToPoint","points":[[63.259336235641968,12.509699973477836]]},{"type":"AddCurve","points":[[77.333799440821167,26.584156708948285],[77.333799440821167,49.403358076822769],[63.259336235641968,63.477811577438843]]},{"type":"AddCurve","points":[[49.184882735025894,77.552274782618042],[26.36568136715141,77.552274782618042],[12.291224631680961,63.477811577438843]]},{"type":"AddCurve","points":[[-1.7832321037894872,49.403358076822769],[-1.7832321037894872,26.584156708948285],[12.291224631680961,12.509699973477836]]},{"type":"AddCurve","points":[[26.36568136715141,-1.5647567619926122],[49.184882735025894,-1.5647567619926122],[63.259336235641968,12.509699973477836]]},{"type":"CloseSubpath"},{"type":"MoveToPoint","points":[[63.259336235641968,12.509699973477836]]}],"windingRule":0,"lineJoinStyle":0,"miterLimit":10},"isBackgroundTexture":true,"textBaseline":0,"isVerticalText":false,"textureType":5},"initialState":{"affineTransform":[1,0,0,1,0,0],"masksToBounds":false,"rotation":0,"scale":1,"position":{"pointX":35.764617919921875,"pointY":36.046142578125},"width":75,"sublayerTransform":[1,0,0,0,0,1,0,0,0,0,1,0,0,0,0,1],"contentsRect":{"y":0,"x":0,"width":1,"height":1},"opacity":1,"edgeAntialiasingMask":0,"height":76,"hidden":false,"anchorPoint":{"pointX":0.5,"pointY":0.5}},"texture":"EC8B9E31988CC50BCF7962C0A05E14F9"}]}]},{"animations":[],"initialState":{"affineTransform":[1,0,0,1,0,0],"masksToBounds":false,"rotation":0,"scale":1,"position":{"pointX":512,"pointY":384},"width":1024,"sublayerTransform":[1,0,0,0,0,1,0,0,0,0,1,0,0,0,0,1],"contentsRect":{"y":0,"x":0,"width":1,"height":1},"opacity":1,"edgeAntialiasingMask":251658240,"height":768,"hidden":false,"anchorPoint":{"pointX":0.5,"pointY":0.5}},"layers":[{"animations":[],"initialState":{"affineTransform":[1,0,0,1,0,0],"masksToBounds":false,"rotation":0,"scale":1,"position":{"pointX":237.58685302734375,"pointY":638.945068359375},"width":75,"sublayerTransform":[1,0,0,0,0,1,0,0,0,0,1,0,0,0,0,1],"contentsRect":{"y":0,"x":0,"width":1,"height":1},"opacity":0.82384157180786133,"edgeAntialiasingMask":251658240,"height":76,"hidden":false,"anchorPoint":{"pointX":0.5,"pointY":0.5}},"layers":[{"animations":[],"layers":[],"texturedRectangle":{"singleTextureOpacity":0.82384157180786133,"textXHeight":0,"shapePath":{"lineWidth":1,"flatness":0.59999999999999998,"lineCapStyle":0,"elements":[{"type":"MoveToPoint","points":[[62.610807182907593,12.500910910977836]]},{"type":"AddCurve","points":[[76.685270388086792,26.575367646448285],[76.685270388086792,49.394569014322769],[62.610807182907593,63.469022514938843]]},{"type":"AddCurve","points":[[48.536353682291519,77.543485720118042],[25.717152314417035,77.543485720118042],[11.642695578946586,63.469022514938843]]},{"type":"AddCurve","points":[[-2.4317611565238622,49.394569014322769],[-2.4317611565238622,26.575367646448285],[11.642695578946586,12.500910910977836]]},{"type":"AddCurve","points":[[25.717152314417035,-1.5735458244926122],[48.536353682291519,-1.5735458244926122],[62.610807182907593,12.500910910977836]]},{"type":"CloseSubpath"},{"type":"MoveToPoint","points":[[62.610807182907593,12.500910910977836]]}],"windingRule":0,"lineJoinStyle":0,"miterLimit":10},"isBackgroundTexture":true,"textBaseline":0,"isVerticalText":false,"textureType":5},"initialState":{"affineTransform":[1,0,0,1,0,0],"masksToBounds":false,"rotation":0,"scale":1,"position":{"pointX":36.41314697265625,"pointY":36.054931640625},"width":75,"sublayerTransform":[1,0,0,0,0,1,0,0,0,0,1,0,0,0,0,1],"contentsRect":{"y":0,"x":0,"width":1,"height":1},"opacity":1,"edgeAntialiasingMask":0,"height":76,"hidden":false,"anchorPoint":{"pointX":0.5,"pointY":0.5}},"texture":"185469832BCF3B8B42DEB0033BF52E38"}]}]},{"animations":[],"initialState":{"affineTransform":[1,0,0,1,0,0],"masksToBounds":false,"rotation":0,"scale":1,"position":{"pointX":512,"pointY":384},"width":1024,"sublayerTransform":[1,0,0,0,0,1,0,0,0,0,1,0,0,0,0,1],"contentsRect":{"y":0,"x":0,"width":1,"height":1},"opacity":1,"edgeAntialiasingMask":251658240,"height":768,"hidden":false,"anchorPoint":{"pointX":0.5,"pointY":0.5}},"layers":[{"animations":[],"initialState":{"affineTransform":[1,0,0,1,0,0],"masksToBounds":false,"rotation":0,"scale":1,"position":{"pointX":384.73129272460938,"pointY":638.945068359375},"width":75,"sublayerTransform":[1,0,0,0,0,1,0,0,0,0,1,0,0,0,0,1],"contentsRect":{"y":0,"x":0,"width":1,"height":1},"opacity":0.82384157180786133,"edgeAntialiasingMask":251658240,"height":76,"hidden":false,"anchorPoint":{"pointX":0.5,"pointY":0.5}},"layers":[{"animations":[],"layers":[],"texturedRectangle":{"singleTextureOpacity":0.82384157180786133,"textXHeight":0,"shapePath":{"lineWidth":1,"flatness":0.59999999999999998,"lineCapStyle":0,"elements":[{"type":"MoveToPoint","points":[[62.755246880173218,12.500910910977836]]},{"type":"AddCurve","points":[[76.829710085352417,26.575367646448285],[76.829710085352417,49.394569014322769],[62.755246880173218,63.469022514938843]]},{"type":"AddCurve","points":[[48.680793379557144,77.543485720118042],[25.86159201168266,77.543485720118042],[11.787135276212211,63.469022514938843]]},{"type":"AddCurve","points":[[-2.2873214592582372,49.394569014322769],[-2.2873214592582372,26.575367646448285],[11.787135276212211,12.500910910977836]]},{"type":"AddCurve","points":[[25.86159201168266,-1.5735458244926122],[48.680793379557144,-1.5735458244926122],[62.755246880173218,12.500910910977836]]},{"type":"CloseSubpath"},{"type":"MoveToPoint","points":[[62.755246880173218,12.500910910977836]]}],"windingRule":0,"lineJoinStyle":0,"miterLimit":10},"isBackgroundTexture":true,"textBaseline":0,"isVerticalText":false,"textureType":5},"initialState":{"affineTransform":[1,0,0,1,0,0],"masksToBounds":false,"rotation":0,"scale":1,"position":{"pointX":36.268707275390625,"pointY":36.054931640625},"width":75,"sublayerTransform":[1,0,0,0,0,1,0,0,0,0,1,0,0,0,0,1],"contentsRect":{"y":0,"x":0,"width":1,"height":1},"opacity":1,"edgeAntialiasingMask":0,"height":76,"hidden":false,"anchorPoint":{"pointX":0.5,"pointY":0.5}},"texture":"442C6F7BDF7B0C3E097A176A073FEF6B"}]}]},{"animations":[],"initialState":{"affineTransform":[1,0,0,1,0,0],"masksToBounds":false,"rotation":0,"scale":1,"position":{"pointX":512,"pointY":384},"width":1024,"sublayerTransform":[1,0,0,0,0,1,0,0,0,0,1,0,0,0,0,1],"contentsRect":{"y":0,"x":0,"width":1,"height":1},"opacity":1,"edgeAntialiasingMask":251658240,"height":768,"hidden":false,"anchorPoint":{"pointX":0.5,"pointY":0.5}},"layers":[{"animations":[],"initialState":{"affineTransform":[1,0,0,1,0,0],"masksToBounds":false,"rotation":0,"scale":1,"position":{"pointX":274.80370575586483,"pointY":265.86582047144105},"width":46,"sublayerTransform":[1,0,0,0,0,1,0,0,0,0,1,0,0,0,0,1],"contentsRect":{"y":0,"x":0,"width":1,"height":1},"opacity":0.82384157180786133,"edgeAntialiasingMask":251658240,"height":46,"hidden":false,"anchorPoint":{"pointX":0.5,"pointY":0.5}},"layers":[{"animations":[],"layers":[],"texturedRectangle":{"singleTextureOpacity":0.82384157180786133,"textXHeight":0,"shapePath":{"lineWidth":1,"flatness":0.59999999999999998,"lineCapStyle":0,"elements":[{"type":"MoveToPoint","points":[[44.202604537658829,44.264719253235]]},{"type":"AddLine","points":[[2.5108125370514074,2.5729272526276077]]}],"windingRule":0,"lineJoinStyle":0,"miterLimit":10},"isBackgroundTexture":true,"textBaseline":0,"isVerticalText":false,"textureType":5},"initialState":{"affineTransform":[1,0,0,1,0,0],"masksToBounds":false,"rotation":0,"scale":1,"position":{"pointX":21.196294244135146,"pointY":21.134179528558946},"width":46,"sublayerTransform":[1,0,0,0,0,1,0,0,0,0,1,0,0,0,0,1],"contentsRect":{"y":0,"x":0,"width":1,"height":1},"opacity":1,"edgeAntialiasingMask":0,"height":46,"hidden":false,"anchorPoint":{"pointX":0.5,"pointY":0.5}},"texture":"797AAE72C1C255CAE359A4A3D72190C5"}]}]},{"animations":[],"initialState":{"affineTransform":[1,0,0,1,0,0],"masksToBounds":false,"rotation":0,"scale":1,"position":{"pointX":512,"pointY":384},"width":1024,"sublayerTransform":[1,0,0,0,0,1,0,0,0,0,1,0,0,0,0,1],"contentsRect":{"y":0,"x":0,"width":1,"height":1},"opacity":1,"edgeAntialiasingMask":251658240,"height":768,"hidden":false,"anchorPoint":{"pointX":0.5,"pointY":0.5}},"layers":[{"animations":[],"initialState":{"affineTransform":[1,0,0,1,0,0],"masksToBounds":false,"rotation":0,"scale":1,"position":{"pointX":341.74727991797124,"pointY":267.58255047595037},"width":43,"sublayerTransform":[1,0,0,0,0,1,0,0,0,0,1,0,0,0,0,1],"contentsRect":{"y":0,"x":0,"width":1,"height":1},"opacity":0.82384157180786133,"edgeAntialiasingMask":251658240,"height":43,"hidden":false,"anchorPoint":{"pointX":0.5,"pointY":0.5}},"layers":[{"animations":[],"layers":[],"texturedRectangle":{"singleTextureOpacity":0.82384157180786133,"textXHeight":0,"shapePath":{"lineWidth":1,"flatness":0.59999999999999998,"lineCapStyle":0,"elements":[{"type":"MoveToPoint","points":[[1.9543866991577943,41.035414707702557]]},{"type":"AddLine","points":[[41.200144149723428,1.7896572571369234]]}],"windingRule":0,"lineJoinStyle":0,"miterLimit":10},"isBackgroundTexture":true,"textBaseline":0,"isVerticalText":false,"textureType":5},"initialState":{"affineTransform":[1,0,0,1,0,0],"masksToBounds":false,"rotation":0,"scale":1,"position":{"pointX":20.252720082028759,"pointY":20.41744952404963},"width":43,"sublayerTransform":[1,0,0,0,0,1,0,0,0,0,1,0,0,0,0,1],"contentsRect":{"y":0,"x":0,"width":1,"height":1},"opacity":1,"edgeAntialiasingMask":0,"height":43,"hidden":false,"anchorPoint":{"pointX":0.5,"pointY":0.5}},"texture":"536733D252940D773E8DB03F575C4293"}]}]},{"animations":[],"initialState":{"affineTransform":[1,0,0,1,0,0],"masksToBounds":false,"rotation":0,"scale":1,"position":{"pointX":512,"pointY":384},"width":1024,"sublayerTransform":[1,0,0,0,0,1,0,0,0,0,1,0,0,0,0,1],"contentsRect":{"y":0,"x":0,"width":1,"height":1},"opacity":1,"edgeAntialiasingMask":251658240,"height":768,"hidden":false,"anchorPoint":{"pointX":0.5,"pointY":0.5}},"layers":[{"animations":[],"initialState":{"affineTransform":[1,0,0,1,0,0],"masksToBounds":false,"rotation":0,"scale":1,"position":{"pointX":308.27530670166016,"pointY":376.73436361748099},"width":5,"sublayerTransform":[1,0,0,0,0,1,0,0,0,0,1,0,0,0,0,1],"contentsRect":{"y":0,"x":0,"width":1,"height":1},"opacity":0.82384157180786133,"edgeAntialiasingMask":251658240,"height":41,"hidden":false,"anchorPoint":{"pointX":0.5,"pointY":0.5}},"layers":[{"animations":[],"layers":[],"texturedRectangle":{"singleTextureOpacity":0.82384157180786133,"textXHeight":0,"shapePath":{"lineWidth":1,"flatness":0.59999999999999998,"lineCapStyle":0,"elements":[{"type":"MoveToPoint","points":[[2.7753067016601562,39.124397277832031]]},{"type":"AddLine","points":[[2.7753067016601562,1.2343636174809944]]}],"windingRule":0,"lineJoinStyle":0,"miterLimit":10},"isBackgroundTexture":true,"textBaseline":0,"isVerticalText":false,"textureType":5},"initialState":{"affineTransform":[1,0,0,1,0,0],"masksToBounds":false,"rotation":0,"scale":1,"position":{"pointX":0.72469329833984375,"pointY":19.265636382519006},"width":5,"sublayerTransform":[1,0,0,0,0,1,0,0,0,0,1,0,0,0,0,1],"contentsRect":{"y":0,"x":0,"width":1,"height":1},"opacity":1,"edgeAntialiasingMask":0,"height":41,"hidden":false,"anchorPoint":{"pointX":0.5,"pointY":0.5}},"texture":"9124B46C5742585C2121A3063434B3E7"}]}]},{"animations":[],"initialState":{"affineTransform":[1,0,0,1,0,0],"masksToBounds":false,"rotation":0,"scale":1,"position":{"pointX":512,"pointY":384},"width":1024,"sublayerTransform":[1,0,0,0,0,1,0,0,0,0,1,0,0,0,0,1],"contentsRect":{"y":0,"x":0,"width":1,"height":1},"opacity":1,"edgeAntialiasingMask":251658240,"height":768,"hidden":false,"anchorPoint":{"pointX":0.5,"pointY":0.5}},"layers":[{"animations":[],"initialState":{"affineTransform":[1,0,0,1,0,0],"masksToBounds":false,"rotation":0,"scale":1,"position":{"pointX":271.33393207289669,"pointY":580.49932403957428},"width":49,"sublayerTransform":[1,0,0,0,0,1,0,0,0,0,1,0,0,0,0,1],"contentsRect":{"y":0,"x":0,"width":1,"height":1},"opacity":0.82384157180786133,"edgeAntialiasingMask":251658240,"height":48,"hidden":false,"anchorPoint":{"pointX":0.5,"pointY":0.5}},"layers":[{"animations":[],"layers":[],"texturedRectangle":{"singleTextureOpacity":0.82384157180786133,"textXHeight":0,"shapePath":{"lineWidth":1,"flatness":0.59999999999999998,"lineCapStyle":0,"elements":[{"type":"MoveToPoint","points":[[2.54103885408324,46.130601542034924]]},{"type":"AddLine","points":[[46.465209575357392,2.2064308207607155]]}],"windingRule":0,"lineJoinStyle":0,"miterLimit":10},"isBackgroundTexture":true,"textBaseline":0,"isVerticalText":false,"textureType":5},"initialState":{"affineTransform":[1,0,0,1,0,0],"masksToBounds":false,"rotation":0,"scale":1,"position":{"pointX":22.666067927103313,"pointY":22.500675960425724},"width":49,"sublayerTransform":[1,0,0,0,0,1,0,0,0,0,1,0,0,0,0,1],"contentsRect":{"y":0,"x":0,"width":1,"height":1},"opacity":1,"edgeAntialiasingMask":0,"height":48,"hidden":false,"anchorPoint":{"pointX":0.5,"pointY":0.5}},"texture":"7947311B27D19FFC7B0F1BD00C06627B"}]}]},{"animations":[],"initialState":{"affineTransform":[1,0,0,1,0,0],"masksToBounds":false,"rotation":0,"scale":1,"position":{"pointX":512,"pointY":384},"width":1024,"sublayerTransform":[1,0,0,0,0,1,0,0,0,0,1,0,0,0,0,1],"contentsRect":{"y":0,"x":0,"width":1,"height":1},"opacity":1,"edgeAntialiasingMask":251658240,"height":768,"hidden":false,"anchorPoint":{"pointX":0.5,"pointY":0.5}},"layers":[{"animations":[],"initialState":{"affineTransform":[1,0,0,1,0,0],"masksToBounds":false,"rotation":0,"scale":1,"position":{"pointX":348.29125683747827,"pointY":580.65904324494898},"width":52,"sublayerTransform":[1,0,0,0,0,1,0,0,0,0,1,0,0,0,0,1],"contentsRect":{"y":0,"x":0,"width":1,"height":1},"opacity":0.82384157180786133,"edgeAntialiasingMask":251658240,"height":52,"hidden":false,"anchorPoint":{"pointX":0.5,"pointY":0.5}},"layers":[{"animations":[],"layers":[],"texturedRectangle":{"singleTextureOpacity":0.82384157180786133,"textXHeight":0,"shapePath":{"lineWidth":1,"flatness":0.59999999999999998,"lineCapStyle":0,"elements":[{"type":"MoveToPoint","points":[[49.603100292253202,49.970886699723906]]},{"type":"AddLine","points":[[1.9983636186648255,2.3661500261355286]]}],"windingRule":0,"lineJoinStyle":0,"miterLimit":10},"isBackgroundTexture":true,"textBaseline":0,"isVerticalText":false,"textureType":5},"initialState":{"affineTransform":[1,0,0,1,0,0],"masksToBounds":false,"rotation":0,"scale":1,"position":{"pointX":24.708743162521728,"pointY":24.340956755051025},"width":52,"sublayerTransform":[1,0,0,0,0,1,0,0,0,0,1,0,0,0,0,1],"contentsRect":{"y":0,"x":0,"width":1,"height":1},"opacity":1,"edgeAntialiasingMask":0,"height":52,"hidden":false,"anchorPoint":{"pointX":0.5,"pointY":0.5}},"texture":"D46EB4D54F3D789B407FCDB02B105253"}]}]},{"animations":[],"initialState":{"affineTransform":[1,0,0,1,0,0],"masksToBounds":false,"rotation":0,"scale":1,"position":{"pointX":512,"pointY":384},"width":1024,"sublayerTransform":[1,0,0,0,0,1,0,0,0,0,1,0,0,0,0,1],"contentsRect":{"y":0,"x":0,"width":1,"height":1},"opacity":1,"edgeAntialiasingMask":251658240,"height":768,"hidden":false,"anchorPoint":{"pointX":0.5,"pointY":0.5}},"layers":[{"animations":[],"initialState":{"affineTransform":[1,0,0,1,0,0],"masksToBounds":false,"rotation":0,"scale":1,"position":{"pointX":308.27528762817383,"pointY":479.75760981729582},"width":5,"sublayerTransform":[1,0,0,0,0,1,0,0,0,0,1,0,0,0,0,1],"contentsRect":{"y":0,"x":0,"width":1,"height":1},"opacity":0.82384157180786133,"edgeAntialiasingMask":251658240,"height":33,"hidden":false,"anchorPoint":{"pointX":0.5,"pointY":0.5}},"layers":[{"animations":[],"layers":[],"texturedRectangle":{"singleTextureOpacity":0.82384157180786133,"textXHeight":0,"shapePath":{"lineWidth":1,"flatness":0.59999999999999998,"lineCapStyle":0,"elements":[{"type":"MoveToPoint","points":[[2.7752876281738281,31.757404327392578]]},{"type":"AddLine","points":[[2.7752876281738281,1.2576098172958154]]}],"windingRule":0,"lineJoinStyle":0,"miterLimit":10},"isBackgroundTexture":true,"textBaseline":0,"isVerticalText":false,"textureType":5},"initialState":{"affineTransform":[1,0,0,1,0,0],"masksToBounds":false,"rotation":0,"scale":1,"position":{"pointX":0.72471237182617188,"pointY":15.242390182704185},"width":5,"sublayerTransform":[1,0,0,0,0,1,0,0,0,0,1,0,0,0,0,1],"contentsRect":{"y":0,"x":0,"width":1,"height":1},"opacity":1,"edgeAntialiasingMask":0,"height":33,"hidden":false,"anchorPoint":{"pointX":0.5,"pointY":0.5}},"texture":"EAB3A547D449203A932D9676DDCB23E6"}]}]},{"animations":[],"initialState":{"affineTransform":[1,0,0,1,0,0],"masksToBounds":false,"rotation":0,"scale":1,"position":{"pointX":512,"pointY":384},"width":1024,"sublayerTransform":[1,0,0,0,0,1,0,0,0,0,1,0,0,0,0,1],"contentsRect":{"y":0,"x":0,"width":1,"height":1},"opacity":1,"edgeAntialiasingMask":251658240,"height":768,"hidden":false,"anchorPoint":{"pointX":0.5,"pointY":0.5}},"layers":[{"animations":[],"initialState":{"affineTransform":[1,0,0,1,0,0],"masksToBounds":false,"rotation":0,"scale":1,"position":{"pointX":769.38954126834869,"pointY":380.49902296066284},"width":16,"sublayerTransform":[1,0,0,0,0,1,0,0,0,0,1,0,0,0,0,1],"contentsRect":{"y":0,"x":0,"width":1,"height":1},"opacity":1,"edgeAntialiasingMask":251658240,"height":21,"hidden":false,"anchorPoint":{"pointX":0.5,"pointY":0.5}},"layers":[{"animations":[],"layers":[],"texturedRectangle":{"singleTextureOpacity":1,"textXHeight":0.6011049723756906,"textBaseline":0.89961749031430194,"isBackgroundTexture":true,"isVerticalText":false,"textColor":[0.33759224414825439,0.75772833824157715,0.99999994039535522,1],"textureType":6},"initialState":{"affineTransform":[1,0,0,1,0,0],"masksToBounds":false,"rotation":0,"scale":1,"position":{"pointX":12.610458731651306,"pointY":25.500977039337158},"width":16,"sublayerTransform":[1,0,0,0,0,1,0,0,0,0,1,0,0,0,0,1],"contentsRect":{"y":0,"x":0,"width":1,"height":1},"opacity":1,"edgeAntialiasingMask":0,"height":21,"hidden":false,"anchorPoint":{"pointX":0.5,"pointY":0.5}},"texture":"3588F9106CB56EFD349622002F6BD47E"}]}]},{"animations":[],"initialState":{"affineTransform":[1,0,0,1,0,0],"masksToBounds":false,"rotation":0,"scale":1,"position":{"pointX":512,"pointY":384},"width":1024,"sublayerTransform":[1,0,0,0,0,1,0,0,0,0,1,0,0,0,0,1],"contentsRect":{"y":0,"x":0,"width":1,"height":1},"opacity":1,"edgeAntialiasingMask":251658240,"height":768,"hidden":false,"anchorPoint":{"pointX":0.5,"pointY":0.5}},"layers":[{"animations":[],"initialState":{"affineTransform":[1,0,0,1,0,0],"masksToBounds":false,"rotation":0,"scale":1,"position":{"pointX":770.16284054517746,"pointY":462.22303807735443},"width":39,"sublayerTransform":[1,0,0,0,0,1,0,0,0,0,1,0,0,0,0,1],"contentsRect":{"y":0,"x":0,"width":1,"height":1},"opacity":1,"edgeAntialiasingMask":251658240,"height":42,"hidden":false,"anchorPoint":{"pointX":0.5,"pointY":0.5}},"layers":[{"animations":[],"layers":[],"texturedRectangle":{"singleTextureOpacity":1,"textXHeight":0.3005524861878453,"textBaseline":0.74085672412599834,"isBackgroundTexture":true,"isVerticalText":false,"textColor":[0.33759224414825439,0.75772833824157715,0.99999994039535522,1],"textureType":6},"initialState":{"affineTransform":[1,0,0,1,0,0],"masksToBounds":false,"rotation":0,"scale":1,"position":{"pointX":21.83715945482254,"pointY":23.776961922645569},"width":39,"sublayerTransform":[1,0,0,0,0,1,0,0,0,0,1,0,0,0,0,1],"contentsRect":{"y":0,"x":0,"width":1,"height":1},"opacity":1,"edgeAntialiasingMask":0,"height":42,"hidden":false,"anchorPoint":{"pointX":0.5,"pointY":0.5}},"texture":"7C27259012B84B1DBA90FD7022340D39"}]}]},{"animations":[],"initialState":{"affineTransform":[1,0,0,1,0,0],"masksToBounds":false,"rotation":0,"scale":1,"position":{"pointX":512,"pointY":384},"width":1024,"sublayerTransform":[1,0,0,0,0,1,0,0,0,0,1,0,0,0,0,1],"contentsRect":{"y":0,"x":0,"width":1,"height":1},"opacity":1,"edgeAntialiasingMask":251658240,"height":768,"hidden":false,"anchorPoint":{"pointX":0.5,"pointY":0.5}},"layers":[{"animations":[],"initialState":{"affineTransform":[1,0,0,1,0,0],"masksToBounds":false,"rotation":0,"scale":1,"position":{"pointX":392.54281740993122,"pointY":473.11260986328125},"width":121,"sublayerTransform":[1,0,0,0,0,1,0,0,0,0,1,0,0,0,0,1],"contentsRect":{"y":0,"x":0,"width":1,"height":1},"opacity":1,"edgeAntialiasingMask":251658240,"height":318,"hidden":false,"anchorPoint":{"pointX":0.5,"pointY":0.5}},"objectID":"1DB439C7-150E-4ACF-B397-86CFA3425298","layers":[{"animations":[],"layers":[],"texturedRectangle":{"singleTextureOpacity":1,"textXHeight":0,"shapePath":{"lineWidth":1,"flatness":0.59999999999999998,"lineCapStyle":0,"elements":[{"type":"MoveToPoint","points":[[113.467041015625,310.08078002929688]]},{"type":"AddCurve","points":[[56.17641709930183,291.34726005570906],[27.297678997354865,195.38271670605764],[26.830826709783992,22.187149980342099]]}],"windingRule":0,"lineJoinStyle":0,"miterLimit":10},"isBackgroundTexture":true,"textBaseline":0,"isVerticalText":false,"textureType":5},"initialState":{"affineTransform":[1,0,0,1,0,0],"masksToBounds":false,"rotation":0,"scale":1,"position":{"pointX":59.457182590068783,"pointY":157.88739013671875},"width":121,"sublayerTransform":[1,0,0,0,0,1,0,0,0,0,1,0,0,0,0,1],"contentsRect":{"y":0,"x":0,"width":1,"height":1},"opacity":1,"edgeAntialiasingMask":0,"height":318,"hidden":true,"anchorPoint":{"pointX":0.5,"pointY":0.5}},"texture":"2BED4F3E2A6AAC7CCAE680CF3166562D"}]}]},{"animations":[],"initialState":{"affineTransform":[1,0,0,1,0,0],"masksToBounds":false,"rotation":0,"scale":1,"position":{"pointX":512,"pointY":384},"width":1024,"sublayerTransform":[1,0,0,0,0,1,0,0,0,0,1,0,0,0,0,1],"contentsRect":{"y":0,"x":0,"width":1,"height":1},"opacity":1,"edgeAntialiasingMask":251658240,"height":768,"hidden":false,"anchorPoint":{"pointX":0.5,"pointY":0.5}},"layers":[{"animations":[],"initialState":{"affineTransform":[1,0,0,1,0,0],"masksToBounds":false,"rotation":0,"scale":1,"position":{"pointX":223.17738342285156,"pointY":296.29742431640625},"width":93,"sublayerTransform":[1,0,0,0,0,1,0,0,0,0,1,0,0,0,0,1],"contentsRect":{"y":0,"x":0,"width":1,"height":1},"opacity":1,"edgeAntialiasingMask":251658240,"height":97,"hidden":false,"anchorPoint":{"pointX":0.5,"pointY":0.5}},"objectID":"CF265177-BEE9-4AF7-A7C7-822D5FB1C7BA","layers":[{"animations":[],"layers":[],"texturedRectangle":{"singleTextureOpacity":1,"textXHeight":0,"shapePath":{"lineWidth":1,"flatness":0.59999999999999998,"lineCapStyle":0,"elements":[{"type":"MoveToPoint","points":[[69.674198168283226,74.989380002113762]]},{"type":"AddCurve","points":[[60.337452640382082,38.356802630307357],[39.67195975192908,15.960030325785453],[7.6773834228515625,7.79742431640625]]}],"windingRule":0,"lineJoinStyle":0,"miterLimit":10},"isBackgroundTexture":true,"textBaseline":0,"isVerticalText":false,"textureType":5},"initialState":{"affineTransform":[1,0,0,1,0,0],"masksToBounds":false,"rotation":0,"scale":1,"position":{"pointX":44.822616577148438,"pointY":46.70257568359375},"width":93,"sublayerTransform":[1,0,0,0,0,1,0,0,0,0,1,0,0,0,0,1],"contentsRect":{"y":0,"x":0,"width":1,"height":1},"opacity":1,"edgeAntialiasingMask":0,"height":97,"hidden":true,"anchorPoint":{"pointX":0.5,"pointY":0.5}},"texture":"F570C1C7B86C8398274EEDF5C82C710D"}]}]},{"animations":[],"initialState":{"affineTransform":[1,0,0,1,0,0],"masksToBounds":false,"rotation":0,"scale":1,"position":{"pointX":512,"pointY":384},"width":1024,"sublayerTransform":[1,0,0,0,0,1,0,0,0,0,1,0,0,0,0,1],"contentsRect":{"y":0,"x":0,"width":1,"height":1},"opacity":1,"edgeAntialiasingMask":251658240,"height":768,"hidden":false,"anchorPoint":{"pointX":0.5,"pointY":0.5}},"layers":[{"animations":[],"initialState":{"affineTransform":[1,0,0,1,0,0],"masksToBounds":false,"rotation":0,"scale":1,"position":{"pointX":382.57626348249948,"pointY":289.74097134920805},"width":73,"sublayerTransform":[1,0,0,0,0,1,0,0,0,0,1,0,0,0,0,1],"contentsRect":{"y":0,"x":0,"width":1,"height":1},"opacity":1,"edgeAntialiasingMask":251658240,"height":83,"hidden":false,"anchorPoint":{"pointX":0.5,"pointY":0.5}},"objectID":"F0FD6E3A-220B-44FB-B56C-CABB68756355","layers":[{"animations":[],"layers":[],"texturedRectangle":{"singleTextureOpacity":1,"textXHeight":0,"shapePath":{"lineWidth":1,"flatness":0.59999999999999998,"lineCapStyle":0,"elements":[{"type":"MoveToPoint","points":[[52.083769381527077,17.994242801812504]]},{"type":"AddCurve","points":[[18.270798607009795,33.953093819327364],[3.5110406155624219,53.196086532253048],[7.8007591962814331,75.724822998046875]]}],"windingRule":0,"lineJoinStyle":0,"miterLimit":10},"isBackgroundTexture":true,"textBaseline":0,"isVerticalText":false,"textureType":5},"initialState":{"affineTransform":[1,0,0,1,0,0],"masksToBounds":false,"rotation":0,"scale":1,"position":{"pointX":35.423736517500515,"pointY":40.259028650791947},"width":73,"sublayerTransform":[1,0,0,0,0,1,0,0,0,0,1,0,0,0,0,1],"contentsRect":{"y":0,"x":0,"width":1,"height":1},"opacity":1,"edgeAntialiasingMask":0,"height":83,"hidden":true,"anchorPoint":{"pointX":0.5,"pointY":0.5}},"texture":"4D14636D2522C4096348DD73B9C72E5C"}]}]},{"animations":[],"initialState":{"affineTransform":[1,0,0,1,0,0],"masksToBounds":false,"rotation":0,"scale":1,"position":{"pointX":512,"pointY":384},"width":1024,"sublayerTransform":[1,0,0,0,0,1,0,0,0,0,1,0,0,0,0,1],"contentsRect":{"y":0,"x":0,"width":1,"height":1},"opacity":1,"edgeAntialiasingMask":251658240,"height":768,"hidden":false,"anchorPoint":{"pointX":0.5,"pointY":0.5}},"layers":[{"animations":[],"initialState":{"affineTransform":[1,0,0,1,0,0],"masksToBounds":false,"rotation":0,"scale":1,"position":{"pointX":508.8373381147394,"pointY":739},"width":21,"sublayerTransform":[1,0,0,0,0,1,0,0,0,0,1,0,0,0,0,1],"contentsRect":{"y":0,"x":0,"width":1,"height":1},"opacity":1,"edgeAntialiasingMask":251658240,"height":14,"hidden":false,"anchorPoint":{"pointX":0.5,"pointY":0.5}},"layers":[{"animations":[],"layers":[],"texturedRectangle":{"singleTextureOpacity":1,"textXHeight":0.58742857142857141,"textBaseline":0.8662806919642857,"isBackgroundTexture":true,"isVerticalText":false,"textColor":[0,0,0,1],"textureType":6},"initialState":{"affineTransform":[1,0,0,1,0,0],"masksToBounds":false,"rotation":0,"scale":1,"position":{"pointX":13.162661885260604,"pointY":13},"width":21,"sublayerTransform":[1,0,0,0,0,1,0,0,0,0,1,0,0,0,0,1],"contentsRect":{"y":0,"x":0,"width":1,"height":1},"opacity":1,"edgeAntialiasingMask":0,"height":14,"hidden":false,"anchorPoint":{"pointX":0.5,"pointY":0.5}},"texture":"77AA0544AC4AEB80AE008B0CD2CC03A6"}]}]}]}},{"effects":[{"beginTime":0,"baseLayer":{"animations":[],"initialState":{"affineTransform":[1,0,0,1,0,0],"masksToBounds":false,"rotation":0,"scale":1,"position":{"pointX":512,"pointY":384},"width":1024,"sublayerTransform":[1,0,0,0,0,1,0,0,0,0,1,0,0,0,0,1],"contentsRect":{"y":0,"x":0,"width":1,"height":1},"opacity":1,"edgeAntialiasingMask":251658240,"height":768,"hidden":false,"anchorPoint":{"pointX":0.5,"pointY":0.5}},"objectID":"0","layers":[{"animations":[],"initialState":{"affineTransform":[1,0,0,1,0,0],"masksToBounds":false,"rotation":0,"scale":1,"position":{"pointX":512,"pointY":384},"width":1024,"sublayerTransform":[1,0,0,0,0,1,0,0,0,0,1,-0.00049229876906403734,0,0,0,1],"contentsRect":{"y":0,"x":0,"width":1,"height":1},"opacity":1,"edgeAntialiasingMask":251658240,"height":768,"hidden":false,"anchorPoint":{"pointX":0.5,"pointY":0.5}},"layers":[{"animations":[{"additive":false,"timeOffset":0,"beginTime":0,"repeatCount":0,"fillMode":"both","duration":0.69999998807907104,"autoreverses":false,"animations":[{"repeatCount":0,"timingControlPoint2y":1,"removedOnCompletion":true,"from":{"scalar":1024},"timingFunction":"custom","additive":false,"timeOffset":0,"autoreverses":false,"timingControlPoint1x":0.55318903923034668,"fillMode":"removed","property":"transform.translation.x","duration":0.69999998807907104,"beginTime":0,"timingControlPoint2x":0.60189545154571533,"timingControlPoint1y":0.80181479454040527,"to":{"scalar":0}},{"repeatCount":0,"timingControlPoint2y":1,"removedOnCompletion":true,"from":{"scalar":0},"timingFunction":"custom","additive":false,"timeOffset":0,"autoreverses":false,"timingControlPoint1x":0.55318903923034668,"fillMode":"removed","property":"transform.translation.y","duration":0.69999998807907104,"beginTime":0,"timingControlPoint2x":0.60189545154571533,"timingControlPoint1y":0.80181479454040527,"to":{"scalar":0}},{"repeatCount":0,"timingControlPoint2y":1,"removedOnCompletion":true,"from":{"scalar":1},"timingFunction":"custom","additive":false,"timeOffset":0,"autoreverses":false,"timingControlPoint1x":0.55318903923034668,"fillMode":"removed","property":"transform.translation.z","duration":0.69999998807907104,"beginTime":0,"timingControlPoint2x":0.60189545154571533,"timingControlPoint1y":0.80181479454040527,"to":{"scalar":1}}],"removedOnCompletion":false}],"layers":[],"texturedRectangle":{"isBackgroundTexture":false,"singleTextureOpacity":1,"textureType":0,"textBaseline":0,"textXHeight":0,"isVerticalText":false},"initialState":{"affineTransform":[1,0,0,1,0,0],"masksToBounds":false,"rotation":0,"scale":1,"position":{"pointX":512,"pointY":384},"width":1024,"sublayerTransform":[1,0,0,0,0,1,0,0,0,0,1,0,0,0,0,1],"contentsRect":{"y":0,"x":0,"width":1,"height":1},"opacity":1,"edgeAntialiasingMask":0,"height":768,"hidden":false,"anchorPoint":{"pointX":0.5,"pointY":0.5}},"texture":"B74BB4400565B101ADC49DFA518188BF"},{"animations":[],"layers":[],"texturedRectangle":{"isBackgroundTexture":false,"singleTextureOpacity":1,"textureType":0,"textBaseline":0,"textXHeight":0,"isVerticalText":false},"initialState":{"affineTransform":[1,0,0,1,0,0],"masksToBounds":false,"rotation":0,"scale":1,"position":{"pointX":512,"pointY":384},"width":1024,"sublayerTransform":[1,0,0,0,0,1,0,0,0,0,1,0,0,0,0,1],"contentsRect":{"y":0,"x":0,"width":1,"height":1},"opacity":1,"edgeAntialiasingMask":0,"height":768,"hidden":false,"anchorPoint":{"pointX":0.5,"pointY":0.5}},"texture":"EE28C9C4403E7F0BD50AEE5212B420F0"}]}]},"effects":[],"duration":0.69999998807907104,"type":"transition","attributes":{"direction":12},"name":"apple:slide","objectID":"0"}],"automaticPlay":false,"hyperlinks":[],"accessibility":[{"text":"3","targetRectangle":{"y":373.99902296066284,"x":765.88954126834869,"width":14.718232044198885,"height":36.6817626953125}},{"text":"s1","targetRectangle":{"y":200.52635192871094,"x":218.68096260126191,"width":24.066298342541415,"height":36.602203369140625}},{"text":"g1","targetRectangle":{"y":669.48565626144409,"x":153.81896322965622,"width":23.151381215469598,"height":36.6817626953125}},{"text":"g1","targetRectangle":{"y":618.085693359375,"x":222.64296601034897,"width":26.950276243093924,"height":36.602203369140625}},{"text":"s1","targetRectangle":{"y":146.67864942550659,"x":154.97255450487137,"width":20.844198895027631,"height":36.6817626953125}},{"text":"￼","targetRectangle":{"y":736,"x":502.8373381147394,"width":17.79200000000003,"height":17.535888671875}},{"text":"c","targetRectangle":{"y":509.9813232421875,"x":299.37436795001128,"width":14.784530386740357,"height":36.602203369140625}},{"text":"equation.pdf","targetRectangle":{"y":446.20890924074001,"x":755.16284054517746,"width":21.294284091495797,"height":37.249814792478844}},{"text":"g2","targetRectangle":{"y":200.38572692871094,"x":361.41659379807516,"width":32.883977900552509,"height":36.602203369140625}},{"text":"s2","targetRectangle":{"y":402.60372924804688,"x":864.89038036469333,"width":40,"height":50.4696044921875}},{"text":"考虑 Weight","targetRectangle":{"y":46.274971008300781,"x":617.79769037573374,"width":310.90193370165753,"height":79}},{"text":"a","targetRectangle":{"y":301.2335205078125,"x":298.72795919960475,"width":16.077348066298384,"height":36.602203369140625}},{"text":"￼ij","targetRectangle":{"y":445.22303807735443,"x":755.16284054517746,"width":36.171632157794193,"height":38.235685955864426}},{"text":"s2","targetRectangle":{"y":669.48565626144409,"x":438.07115012407303,"width":25.591160220994482,"height":36.6817626953125}},{"text":"s2","targetRectangle":{"y":618.085693359375,"x":368.26254382916153,"width":30,"height":36.602203369140625}},{"text":"g2","targetRectangle":{"y":146.67864942550659,"x":436.91755884885788,"width":27.898342541436477,"height":36.6817626953125}},{"text":"b","targetRectangle":{"y":409.258544921875,"x":298.37989290126222,"width":16.773480662983445,"height":36.602203369140625}},{"text":"s1","targetRectangle":{"y":402.52560424804688,"x":645.5627342248257,"width":32.088397790055183,"height":50.4696044921875}},{"text":"WDG","targetRectangle":{"y":40.116363525390625,"x":83.012332878323562,"width":164.7646408839779,"height":91.0452880859375}}],"baseLayer":{"animations":[],"initialState":{"affineTransform":[1,0,0,1,0,0],"masksToBounds":false,"rotation":0,"scale":1,"position":{"pointX":512,"pointY":384},"width":1024,"sublayerTransform":[1,0,0,0,0,1,0,0,0,0,1,0,0,0,0,1],"contentsRect":{"y":0,"x":0,"width":1,"height":1},"opacity":1,"edgeAntialiasingMask":251658240,"height":768,"hidden":false,"anchorPoint":{"pointX":0.5,"pointY":0.5}},"objectID":"0","layers":[{"animations":[],"initialState":{"affineTransform":[1,0,0,1,0,0],"masksToBounds":false,"rotation":0,"scale":1,"position":{"pointX":512,"pointY":384},"width":1024,"sublayerTransform":[1,0,0,0,0,1,0,0,0,0,1,-0.00049229876906403734,0,0,0,1],"contentsRect":{"y":0,"x":0,"width":1,"height":1},"opacity":1,"edgeAntialiasingMask":251658240,"height":768,"hidden":false,"anchorPoint":{"pointX":0.5,"pointY":0.5}},"layers":[{"animations":[],"layers":[],"texturedRectangle":{"isBackgroundTexture":false,"singleTextureOpacity":1,"textureType":0,"textBaseline":0,"textXHeight":0,"isVerticalText":false},"initialState":{"affineTransform":[1,0,0,1,0,0],"masksToBounds":false,"rotation":0,"scale":1,"position":{"pointX":512,"pointY":384},"width":1024,"sublayerTransform":[1,0,0,0,0,1,0,0,0,0,1,0,0,0,0,1],"contentsRect":{"y":0,"x":0,"width":1,"height":1},"opacity":1,"edgeAntialiasingMask":0,"height":768,"hidden":false,"anchorPoint":{"pointX":0.5,"pointY":0.5}},"texture":"EE28C9C4403E7F0BD50AEE5212B420F0"}]}]}}]}