{"assets":{"D6A8B520A2B7DDBE422F638B4E91B90D":{"type":"texture","index":0,"assetRequest":{"type":"slide","state":"contents","slide":"none"},"url":{"native":"assets\/7E816062-845A-43EF-BCAC-B1DACEFAC0C7.pdf"},"width":1024,"height":768},"F42A0AFBA9A66AB35A82A4B88B42E89B":{"type":"texture","index":1,"assetRequest":{"type":"slide","state":"contents","slide":"none"},"url":{"native":"assets\/7E816062-845A-43EF-BCAC-B1DACEFAC0C7.pdf"},"width":1024,"height":768}},"events":[{"effects":[{"beginTime":0,"baseLayer":{"animations":[],"initialState":{"affineTransform":[1,0,0,1,0,0],"masksToBounds":false,"rotation":0,"scale":1,"position":{"pointX":512,"pointY":384},"width":1024,"sublayerTransform":[1,0,0,0,0,1,0,0,0,0,1,0,0,0,0,1],"contentsRect":{"y":0,"x":0,"width":1,"height":1},"opacity":1,"edgeAntialiasingMask":251658240,"height":768,"hidden":false,"anchorPoint":{"pointX":0.5,"pointY":0.5}},"objectID":"0","layers":[{"animations":[],"initialState":{"affineTransform":[1,0,0,1,0,0],"masksToBounds":false,"rotation":0,"scale":1,"position":{"pointX":512,"pointY":384},"width":1024,"sublayerTransform":[1,0,0,0,0,1,0,0,0,0,1,-0.00049229876906403734,0,0,0,1],"contentsRect":{"y":0,"x":0,"width":1,"height":1},"opacity":1,"edgeAntialiasingMask":251658240,"height":768,"hidden":false,"anchorPoint":{"pointX":0.5,"pointY":0.5}},"layers":[{"animations":[{"additive":false,"timeOffset":0,"beginTime":0,"repeatCount":0,"fillMode":"both","duration":0.5,"autoreverses":false,"animations":[{"repeatCount":0,"timingControlPoint2y":1,"removedOnCompletion":true,"from":{"scalar":0},"timingFunction":"custom","additive":false,"timeOffset":0,"autoreverses":false,"timingControlPoint1x":0.55318903923034668,"fillMode":"removed","property":"transform.translation.x","duration":0.5,"beginTime":0,"timingControlPoint2x":0.60189545154571533,"timingControlPoint1y":0.80181479454040527,"to":{"scalar":0}},{"repeatCount":0,"timingControlPoint2y":1,"removedOnCompletion":true,"from":{"scalar":-768},"timingFunction":"custom","additive":false,"timeOffset":0,"autoreverses":false,"timingControlPoint1x":0.55318903923034668,"fillMode":"removed","property":"transform.translation.y","duration":0.5,"beginTime":0,"timingControlPoint2x":0.60189545154571533,"timingControlPoint1y":0.80181479454040527,"to":{"scalar":0}},{"repeatCount":0,"timingControlPoint2y":1,"removedOnCompletion":true,"from":{"scalar":1},"timingFunction":"custom","additive":false,"timeOffset":0,"autoreverses":false,"timingControlPoint1x":0.55318903923034668,"fillMode":"removed","property":"transform.translation.z","duration":0.5,"beginTime":0,"timingControlPoint2x":0.60189545154571533,"timingControlPoint1y":0.80181479454040527,"to":{"scalar":1}}],"removedOnCompletion":false}],"layers":[],"texturedRectangle":{"isBackgroundTexture":false,"singleTextureOpacity":1,"textureType":0,"textBaseline":0,"textXHeight":0,"isVerticalText":false},"initialState":{"affineTransform":[1,0,0,1,0,0],"masksToBounds":false,"rotation":0,"scale":1,"position":{"pointX":512,"pointY":384},"width":1024,"sublayerTransform":[1,0,0,0,0,1,0,0,0,0,1,0,0,0,0,1],"contentsRect":{"y":0,"x":0,"width":1,"height":1},"opacity":1,"edgeAntialiasingMask":0,"height":768,"hidden":false,"anchorPoint":{"pointX":0.5,"pointY":0.5}},"texture":"F42A0AFBA9A66AB35A82A4B88B42E89B"},{"animations":[],"layers":[],"texturedRectangle":{"isBackgroundTexture":false,"singleTextureOpacity":1,"textureType":0,"textBaseline":0,"textXHeight":0,"isVerticalText":false},"initialState":{"affineTransform":[1,0,0,1,0,0],"masksToBounds":false,"rotation":0,"scale":1,"position":{"pointX":512,"pointY":384},"width":1024,"sublayerTransform":[1,0,0,0,0,1,0,0,0,0,1,0,0,0,0,1],"contentsRect":{"y":0,"x":0,"width":1,"height":1},"opacity":1,"edgeAntialiasingMask":0,"height":768,"hidden":false,"anchorPoint":{"pointX":0.5,"pointY":0.5}},"texture":"D6A8B520A2B7DDBE422F638B4E91B90D"}]}]},"effects":[],"duration":0.5,"type":"transition","attributes":{"direction":13},"name":"apple:slide","objectID":"0"}],"automaticPlay":false,"hyperlinks":[],"accessibility":[{"text":"CBSH - Adding h to CBS","targetRectangle":{"y":54.9053955078125,"x":77.038674033149164,"width":869.92265193370167,"height":100.939208984375}},{"text":"1是一个可采纳的h值","targetRectangle":{"y":605.44372451305389,"x":320.89749145507812,"width":389.20499999999993,"height":75.600003004074097}},{"text":"￼","targetRectangle":{"y":736,"x":502.8373381147394,"width":17.79200000000003,"height":17.535888671875}},{"text":"存在主要冲突","targetRectangle":{"y":224.47302138805389,"x":380.5,"width":270,"height":75.600003004074097}},{"text":"每个分支的cost都会至少加1","targetRectangle":{"y":420.49999892711639,"x":253.80250549316406,"width":523.39499999999998,"height":75.600003004074097}},{"text":"CG","targetRectangle":{"y":201.75635027885437,"x":798.9844970703125,"width":125.08287292817681,"height":152.13480823869759}}],"baseLayer":{"animations":[],"initialState":{"affineTransform":[1,0,0,1,0,0],"masksToBounds":false,"rotation":0,"scale":1,"position":{"pointX":512,"pointY":384},"width":1024,"sublayerTransform":[1,0,0,0,0,1,0,0,0,0,1,0,0,0,0,1],"contentsRect":{"y":0,"x":0,"width":1,"height":1},"opacity":1,"edgeAntialiasingMask":251658240,"height":768,"hidden":false,"anchorPoint":{"pointX":0.5,"pointY":0.5}},"objectID":"0","layers":[{"animations":[],"initialState":{"affineTransform":[1,0,0,1,0,0],"masksToBounds":false,"rotation":0,"scale":1,"position":{"pointX":512,"pointY":384},"width":1024,"sublayerTransform":[1,0,0,0,0,1,0,0,0,0,1,-0.00049229876906403734,0,0,0,1],"contentsRect":{"y":0,"x":0,"width":1,"height":1},"opacity":1,"edgeAntialiasingMask":251658240,"height":768,"hidden":false,"anchorPoint":{"pointX":0.5,"pointY":0.5}},"layers":[{"animations":[],"layers":[],"texturedRectangle":{"isBackgroundTexture":false,"singleTextureOpacity":1,"textureType":0,"textBaseline":0,"textXHeight":0,"isVerticalText":false},"initialState":{"affineTransform":[1,0,0,1,0,0],"masksToBounds":false,"rotation":0,"scale":1,"position":{"pointX":512,"pointY":384},"width":1024,"sublayerTransform":[1,0,0,0,0,1,0,0,0,0,1,0,0,0,0,1],"contentsRect":{"y":0,"x":0,"width":1,"height":1},"opacity":1,"edgeAntialiasingMask":0,"height":768,"hidden":false,"anchorPoint":{"pointX":0.5,"pointY":0.5}},"texture":"D6A8B520A2B7DDBE422F638B4E91B90D"}]}]}}]}