{"assets":{"C778AD63C44D08098EDA52C733DA44F6":{"type":"texture","index":22,"assetRequest":{"type":"slide","state":"contents","slide":"none"},"url":{"native":"assets\/5E828865-B1FB-472C-8A2B-C6FBB5F6D33B.pdf"},"width":159,"height":94},"841682CEB307CC912BF6AECD9C97C205":{"type":"texture","index":5,"assetRequest":{"type":"slide","state":"contents","slide":"none"},"url":{"native":"assets\/5E828865-B1FB-472C-8A2B-C6FBB5F6D33B.pdf"},"width":166,"height":28},"8C1D5FE196AED55C4E96DEBC85D0ECFB":{"type":"texture","index":15,"assetRequest":{"type":"slide","state":"contents","slide":"none"},"url":{"native":"assets\/5E828865-B1FB-472C-8A2B-C6FBB5F6D33B.pdf"},"width":232,"height":123},"24B428D9E7837DD5DB7BF90E3B8C49C4":{"type":"texture","index":23,"assetRequest":{"type":"slide","state":"contents","slide":"none"},"url":{"native":"assets\/5E828865-B1FB-472C-8A2B-C6FBB5F6D33B.pdf"},"width":159,"height":94},"4D2418C56525E937E6578CEF20EF787F":{"type":"texture","index":10,"assetRequest":{"type":"slide","state":"contents","slide":"none"},"url":{"native":"assets\/5E828865-B1FB-472C-8A2B-C6FBB5F6D33B.pdf"},"width":351,"height":57},"D4542754D744C8B7F4C70AED85D34D37":{"type":"texture","index":8,"assetRequest":{"type":"slide","state":"contents","slide":"none"},"url":{"native":"assets\/5E828865-B1FB-472C-8A2B-C6FBB5F6D33B.pdf"},"width":247,"height":57},"49CA2E9587DF043611C3C3F4D94810A0":{"type":"texture","index":4,"assetRequest":{"type":"slide","state":"contents","slide":"none"},"url":{"native":"assets\/5E828865-B1FB-472C-8A2B-C6FBB5F6D33B.pdf"},"width":247,"height":56},"D0AC5E858B08044B36CEA0BFCE8BEE80":{"type":"texture","index":18,"assetRequest":{"type":"slide","state":"contents","slide":"none"},"url":{"native":"assets\/5E828865-B1FB-472C-8A2B-C6FBB5F6D33B.pdf"},"width":21,"height":15},"116D34A4C79176D8D6E198C7287239AB":{"type":"texture","index":6,"assetRequest":{"type":"slide","state":"contents","slide":"none"},"url":{"native":"assets\/5E828865-B1FB-472C-8A2B-C6FBB5F6D33B.pdf"},"width":92,"height":38},"00F8A8C611DF709EAA83DBFE10D3DDCE":{"type":"texture","index":2,"assetRequest":{"type":"slide","state":"contents","slide":"none"},"url":{"native":"assets\/5E828865-B1FB-472C-8A2B-C6FBB5F6D33B.pdf"},"width":916,"height":75},"94F5330B7010ED16BFB3D43D6769CA83":{"type":"texture","index":19,"assetRequest":{"type":"slide","state":"contents","slide":"none"},"url":{"native":"assets\/5E828865-B1FB-472C-8A2B-C6FBB5F6D33B.pdf"},"width":582,"height":228},"EBFB8707A4C7BF643CB9C6BF072A1F14":{"type":"texture","index":9,"assetRequest":{"type":"slide","state":"contents","slide":"none"},"url":{"native":"assets\/5E828865-B1FB-472C-8A2B-C6FBB5F6D33B.pdf"},"width":181,"height":23},"27E72EC1BBAF0AEBFCDAF6616720324C":{"type":"texture","index":11,"assetRequest":{"type":"slide","state":"contents","slide":"none"},"url":{"native":"assets\/5E828865-B1FB-472C-8A2B-C6FBB5F6D33B.pdf"},"width":313,"height":29},"8EEC7B5E60C87E6C3B9F46410273E5C9":{"type":"texture","index":21,"assetRequest":{"type":"slide","state":"contents","slide":"none"},"url":{"native":"assets\/5E828865-B1FB-472C-8A2B-C6FBB5F6D33B.pdf"},"width":89,"height":38},"7FE40940697F9C468BF5DEAFF288626B":{"type":"texture","index":16,"assetRequest":{"type":"slide","state":"contents","slide":"none"},"url":{"native":"assets\/5E828865-B1FB-472C-8A2B-C6FBB5F6D33B.pdf"},"width":178,"height":81},"252E57AB2557500425A7BCF9DB6CB171":{"type":"texture","index":14,"assetRequest":{"type":"slide","state":"contents","slide":"none"},"url":{"native":"assets\/5E828865-B1FB-472C-8A2B-C6FBB5F6D33B.pdf"},"width":232,"height":123},"3B192F992DF30FF5FA9491A3055ECA77":{"type":"texture","index":20,"assetRequest":{"type":"slide","state":"contents","slide":"none"},"url":{"native":"assets\/5E828865-B1FB-472C-8A2B-C6FBB5F6D33B.pdf"},"width":916,"height":75},"3F6DA8407267FC6B9F151C6A82DE061C":{"type":"texture","index":3,"assetRequest":{"type":"slide","state":"contents","slide":"none"},"url":{"native":"assets\/5E828865-B1FB-472C-8A2B-C6FBB5F6D33B.pdf"},"width":936,"height":274},"492C72977A00CF43B6D8FF222591DABD":{"type":"texture","index":24,"assetRequest":{"type":"slide","state":"contents","slide":"none"},"url":{"native":"assets\/5E828865-B1FB-472C-8A2B-C6FBB5F6D33B.pdf"},"width":18,"height":15},"71CF92DA98E560B67A121F1C48F21E46":{"type":"texture","index":1,"assetRequest":{"type":"slide","state":"contents","slide":"none"},"url":{"native":"assets\/5E828865-B1FB-472C-8A2B-C6FBB5F6D33B.pdf"},"width":874,"height":342},"C9BBD29396D853B379DA775BEB1EF00B":{"type":"texture","index":7,"assetRequest":{"type":"slide","state":"contents","slide":"none"},"url":{"native":"assets\/5E828865-B1FB-472C-8A2B-C6FBB5F6D33B.pdf"},"width":94,"height":37},"D1DFF62678F00C94CD1383607CBAE507":{"type":"texture","index":12,"assetRequest":{"type":"slide","state":"contents","slide":"none"},"url":{"native":"assets\/5E828865-B1FB-472C-8A2B-C6FBB5F6D33B.pdf"},"width":526,"height":56},"18F177632C89E29E8F32A1E1126EC027":{"type":"texture","index":17,"assetRequest":{"type":"slide","state":"contents","slide":"none"},"url":{"native":"assets\/5E828865-B1FB-472C-8A2B-C6FBB5F6D33B.pdf"},"width":178,"height":81},"498E23C82CA78A4BCD7BA88E5243B6FC":{"type":"texture","index":0,"assetRequest":{"type":"slide","state":"contents","slide":"none"},"url":{"native":"assets\/5E828865-B1FB-472C-8A2B-C6FBB5F6D33B.pdf"},"width":1024,"height":768},"C1DCFA1322C59767424CF7CCC8953ABC":{"type":"texture","index":13,"assetRequest":{"type":"slide","state":"contents","slide":"none"},"url":{"native":"assets\/5E828865-B1FB-472C-8A2B-C6FBB5F6D33B.pdf"},"width":441,"height":29}},"events":[{"effects":[{"beginTime":0,"baseLayer":{"animations":[],"initialState":{"affineTransform":[1,0,0,1,0,0],"masksToBounds":false,"rotation":0,"scale":1,"position":{"pointX":512,"pointY":384},"width":1024,"sublayerTransform":[1,0,0,0,0,1,0,0,0,0,1,0,0,0,0,1],"contentsRect":{"y":0,"x":0,"width":1,"height":1},"opacity":1,"edgeAntialiasingMask":251658240,"height":768,"hidden":false,"anchorPoint":{"pointX":0.5,"pointY":0.5}},"objectID":"0","layers":[{"animations":[],"initialState":{"affineTransform":[1,0,0,1,0,0],"masksToBounds":false,"rotation":0,"scale":1,"position":{"pointX":512,"pointY":384},"width":1024,"sublayerTransform":[1,0,0,0,0,1,0,0,0,0,1,-0.00049229876906403734,0,0,0,1],"contentsRect":{"y":0,"x":0,"width":1,"height":1},"opacity":1,"edgeAntialiasingMask":251658240,"height":768,"hidden":false,"anchorPoint":{"pointX":0.5,"pointY":0.5}},"layers":[{"animations":[{"additive":false,"timeOffset":0,"beginTime":0,"repeatCount":0,"fillMode":"both","duration":1,"autoreverses":false,"animations":[{"repeatCount":0,"removedOnCompletion":true,"from":{"scalar":0},"timingFunction":"EaseInEaseOut","additive":false,"timeOffset":0,"autoreverses":false,"property":"zPosition","fillMode":"both","duration":1,"beginTime":0,"to":{"scalar":0}}],"removedOnCompletion":false}],"initialState":{"affineTransform":[1,0,0,1,0,0],"masksToBounds":false,"rotation":0,"scale":1,"position":{"pointX":512,"pointY":384},"width":1024,"sublayerTransform":[1,0,0,0,0,1,0,0,0,0,1,0,0,0,0,1],"contentsRect":{"y":0,"x":0,"width":1,"height":1},"opacity":1,"edgeAntialiasingMask":251658240,"height":768,"hidden":false,"anchorPoint":{"pointX":0.5,"pointY":0.5}},"layers":[{"animations":[],"layers":[],"texturedRectangle":{"isBackgroundTexture":true,"singleTextureOpacity":1,"textureType":1,"textBaseline":0,"textXHeight":0,"isVerticalText":false},"initialState":{"affineTransform":[1,0,0,1,0,0],"masksToBounds":false,"rotation":0,"scale":1,"position":{"pointX":512,"pointY":384},"width":1024,"sublayerTransform":[1,0,0,0,0,1,0,0,0,0,1,0,0,0,0,1],"contentsRect":{"y":0,"x":0,"width":1,"height":1},"opacity":1,"edgeAntialiasingMask":0,"height":768,"hidden":false,"anchorPoint":{"pointX":0.5,"pointY":0.5}},"texture":"498E23C82CA78A4BCD7BA88E5243B6FC"}]}]},{"animations":[{"additive":false,"timeOffset":0,"beginTime":0,"repeatCount":0,"fillMode":"both","duration":1,"autoreverses":false,"animations":[{"repeatCount":0,"removedOnCompletion":true,"from":{"scalar":0.001},"timingFunction":"EaseInEaseOut","additive":false,"timeOffset":0,"autoreverses":false,"property":"zPosition","fillMode":"both","duration":1,"beginTime":0,"to":{"scalar":0.013000000000000001}}],"removedOnCompletion":false}],"initialState":{"affineTransform":[1,0,0,1,0,0],"masksToBounds":false,"rotation":0,"scale":1,"position":{"pointX":512,"pointY":538.00238037109375},"width":871.0382080078125,"sublayerTransform":[1,0,0,0,0,1,0,0,0,0,1,0,0,0,0,1],"contentsRect":{"y":0,"x":0,"width":1,"height":1},"opacity":1,"edgeAntialiasingMask":251658240,"height":338.82037353515625,"hidden":false,"anchorPoint":{"pointX":0.5,"pointY":0.5}},"layers":[{"animations":[{"additive":false,"timeOffset":0,"beginTime":0,"repeatCount":0,"fillMode":"both","duration":1,"autoreverses":false,"animations":[{"repeatCount":0,"removedOnCompletion":true,"from":{"scalar":1},"timingFunction":"EaseInEaseOut","additive":false,"timeOffset":0,"autoreverses":false,"property":"transform.scale.x","fillMode":"both","duration":1,"beginTime":0,"to":{"scalar":0.66590389016018303}},{"repeatCount":0,"removedOnCompletion":true,"from":{"scalar":1},"timingFunction":"EaseInEaseOut","additive":false,"timeOffset":0,"autoreverses":false,"property":"transform.scale.y","fillMode":"both","duration":1,"beginTime":0,"to":{"scalar":0.66666666666666663}},{"repeatCount":0,"removedOnCompletion":true,"from":{"texture":"71CF92DA98E560B67A121F1C48F21E46"},"timingFunction":"EaseInEaseOut","additive":false,"timeOffset":0,"autoreverses":false,"property":"contents","fillMode":"both","duration":0.66669999999999996,"beginTime":0.33330000000000004,"to":{"texture":"94F5330B7010ED16BFB3D43D6769CA83"}},{"repeatCount":0,"removedOnCompletion":true,"from":{"pointX":0,"pointY":0},"timingFunction":"EaseInEaseOut","additive":false,"timeOffset":0,"autoreverses":false,"property":"transform.translation","fillMode":"both","duration":1,"beginTime":0,"to":{"pointX":0,"pointY":118.99920654296875}}],"removedOnCompletion":false}],"layers":[],"texturedRectangle":{"isBackgroundTexture":true,"singleTextureOpacity":1,"textureType":5,"textBaseline":0,"textXHeight":0,"isVerticalText":false},"initialState":{"affineTransform":[1,0,0,1,0,0],"masksToBounds":false,"rotation":0,"scale":1,"position":{"pointX":435.51910400390625,"pointY":169.41018676757812},"width":874,"sublayerTransform":[1,0,0,0,0,1,0,0,0,0,1,0,0,0,0,1],"contentsRect":{"y":0,"x":0,"width":1,"height":1},"opacity":1,"edgeAntialiasingMask":0,"height":342,"hidden":false,"anchorPoint":{"pointX":0.5,"pointY":0.50000696014939694}},"texture":"71CF92DA98E560B67A121F1C48F21E46"}]},{"animations":[{"additive":false,"timeOffset":0,"beginTime":0,"repeatCount":0,"fillMode":"both","duration":1,"autoreverses":false,"animations":[{"repeatCount":0,"removedOnCompletion":true,"from":{"scalar":0.002},"timingFunction":"EaseInEaseOut","additive":false,"timeOffset":0,"autoreverses":false,"property":"zPosition","fillMode":"both","duration":1,"beginTime":0,"to":{"scalar":0.001}}],"removedOnCompletion":false}],"initialState":{"affineTransform":[1,0,0,1,0,0],"masksToBounds":false,"rotation":0,"scale":1,"position":{"pointX":512,"pointY":138.28050231933594},"width":932.4232177734375,"sublayerTransform":[1,0,0,0,0,1,0,0,0,0,1,0,0,0,0,1],"contentsRect":{"y":0,"x":0,"width":1,"height":1},"opacity":1,"edgeAntialiasingMask":251658240,"height":176.189208984375,"hidden":false,"anchorPoint":{"pointX":0.5,"pointY":0.5}},"layers":[{"animations":[{"additive":false,"timeOffset":0,"beginTime":0,"repeatCount":0,"fillMode":"both","duration":1,"autoreverses":false,"animations":[{"repeatCount":0,"removedOnCompletion":true,"from":{"texture":"00F8A8C611DF709EAA83DBFE10D3DDCE"},"timingFunction":"EaseInEaseOut","additive":false,"timeOffset":0,"autoreverses":false,"property":"contents","fillMode":"both","duration":1,"beginTime":0,"to":{"texture":"3B192F992DF30FF5FA9491A3055ECA77"}},{"repeatCount":0,"removedOnCompletion":true,"from":{"pointX":0,"pointY":0},"timingFunction":"EaseInEaseOut","additive":false,"timeOffset":0,"autoreverses":false,"property":"transform.translation","fillMode":"both","duration":1,"beginTime":0,"to":{"pointX":0,"pointY":-56}}],"removedOnCompletion":false}],"layers":[],"texturedRectangle":{"singleTextureOpacity":1,"textXHeight":0.48159116022099446,"textBaseline":0.70486307779947921,"isBackgroundTexture":true,"isVerticalText":false,"textColor":[0,0,0,1],"textureType":6},"initialState":{"affineTransform":[1,0,0,1,0,0],"masksToBounds":false,"rotation":0,"scale":1,"position":{"pointX":466.21160888671875,"pointY":88.0946044921875},"width":916,"sublayerTransform":[1,0,0,0,0,1,0,0,0,0,1,0,0,0,0,1],"contentsRect":{"y":0,"x":0,"width":1,"height":1},"opacity":1,"edgeAntialiasingMask":0,"height":75,"hidden":false,"anchorPoint":{"pointX":0.49890829694323147,"pointY":0.37707336425781252}},"texture":"00F8A8C611DF709EAA83DBFE10D3DDCE"}]},{"animations":[{"additive":false,"timeOffset":0,"beginTime":0,"repeatCount":0,"fillMode":"both","duration":1,"autoreverses":false,"animations":[{"repeatCount":0,"removedOnCompletion":true,"from":{"scalar":0.0030000000000000001},"timingFunction":"EaseInEaseOut","additive":false,"timeOffset":0,"autoreverses":false,"property":"zPosition","fillMode":"both","duration":1,"beginTime":0,"to":{"scalar":0.002}}],"removedOnCompletion":false}],"initialState":{"affineTransform":[1,0,0,1,0,0],"masksToBounds":false,"rotation":0,"scale":1,"position":{"pointX":512,"pointY":384.00457763671875},"width":932.4375,"sublayerTransform":[1,0,0,0,0,1,0,0,0,0,1,0,0,0,0,1],"contentsRect":{"y":0,"x":0,"width":1,"height":1},"opacity":1,"edgeAntialiasingMask":251658240,"height":271.0091552734375,"hidden":false,"anchorPoint":{"pointX":0.5,"pointY":0.5}},"layers":[{"animations":[{"additive":false,"timeOffset":0,"beginTime":0,"repeatCount":0,"fillMode":"both","duration":1,"autoreverses":false,"animations":[{"repeatCount":0,"removedOnCompletion":true,"from":{"scalar":0},"timingFunction":"EaseInEaseOut","additive":false,"timeOffset":0,"autoreverses":false,"property":"opacity","fillMode":"both","duration":0.33329999999999999,"beginTime":0.66670000000000007,"to":{"scalar":1}},{"additive":false,"timeOffset":0,"beginTime":0.66670000000000007,"from":{"scalar":false},"repeatCount":0,"fillMode":"forwards","duration":0.33329999999999993,"autoreverses":false,"property":"hidden","to":{"scalar":false},"removedOnCompletion":true}],"removedOnCompletion":false}],"layers":[],"texturedRectangle":{"isBackgroundTexture":true,"singleTextureOpacity":1,"textureType":5,"textBaseline":0,"textXHeight":0,"isVerticalText":false},"initialState":{"affineTransform":[1,0,0,1,0,0],"masksToBounds":false,"rotation":0,"scale":1,"position":{"pointX":466.21160888671875,"pointY":135.50457763671875},"width":936,"sublayerTransform":[1,0,0,0,0,1,0,0,0,0,1,0,0,0,0,1],"contentsRect":{"y":0,"x":0,"width":1,"height":1},"opacity":1,"edgeAntialiasingMask":0,"height":274,"hidden":true,"anchorPoint":{"pointX":0.49999237060546875,"pointY":0.50001670670335308}},"texture":"3F6DA8407267FC6B9F151C6A82DE061C"}]},{"animations":[{"additive":false,"timeOffset":0,"beginTime":0,"repeatCount":0,"fillMode":"both","duration":1,"autoreverses":false,"animations":[{"repeatCount":0,"removedOnCompletion":true,"from":{"scalar":0.0040000000000000001},"timingFunction":"EaseInEaseOut","additive":false,"timeOffset":0,"autoreverses":false,"property":"zPosition","fillMode":"both","duration":1,"beginTime":0,"to":{"scalar":0.0030000000000000001}}],"removedOnCompletion":false}],"initialState":{"affineTransform":[1,0,0,1,0,0],"masksToBounds":false,"rotation":0,"scale":1,"position":{"pointX":177.51375961303711,"pointY":197.10453224182129},"width":244.22392272949224,"sublayerTransform":[1,0,0,0,0,1,0,0,0,0,1,0,0,0,0,1],"contentsRect":{"y":0,"x":0,"width":1,"height":1},"opacity":1,"edgeAntialiasingMask":251658240,"height":53.556232452392578,"hidden":false,"anchorPoint":{"pointX":0.5,"pointY":0.5}},"layers":[{"animations":[{"additive":false,"timeOffset":0,"beginTime":0,"repeatCount":0,"fillMode":"both","duration":1,"autoreverses":false,"animations":[{"repeatCount":0,"removedOnCompletion":true,"from":{"scalar":0},"timingFunction":"EaseInEaseOut","additive":false,"timeOffset":0,"autoreverses":false,"property":"opacity","fillMode":"both","duration":0.33329999999999999,"beginTime":0.66670000000000007,"to":{"scalar":1}},{"additive":false,"timeOffset":0,"beginTime":0.66670000000000007,"from":{"scalar":false},"repeatCount":0,"fillMode":"forwards","duration":0.33329999999999993,"autoreverses":false,"property":"hidden","to":{"scalar":false},"removedOnCompletion":true}],"removedOnCompletion":false}],"layers":[],"texturedRectangle":{"singleTextureOpacity":1,"textXHeight":0,"shapePath":{"lineWidth":1,"flatness":0.59999999999999998,"lineCapStyle":0,"elements":[{"type":"MoveToPoint","points":[[4.401798248290973,4.326416015625]]},{"type":"AddLine","points":[[242.6257209777832,4.326416015625]]},{"type":"AddLine","points":[[242.6257209777832,51.882648468017578]]},{"type":"AddLine","points":[[4.401798248290973,51.882648468017578]]},{"type":"CloseSubpath"},{"type":"MoveToPoint","points":[[4.401798248290973,4.326416015625]]}],"windingRule":0,"lineJoinStyle":0,"miterLimit":10},"isBackgroundTexture":true,"textBaseline":0,"isVerticalText":false,"textureType":5},"initialState":{"affineTransform":[1,0,0,1,0,0],"masksToBounds":false,"rotation":0,"scale":1,"position":{"pointX":122.11196136474614,"pointY":26.778116226196289},"width":247,"sublayerTransform":[1,0,0,0,0,1,0,0,0,0,1,0,0,0,0,1],"contentsRect":{"y":0,"x":0,"width":1,"height":1},"opacity":1,"edgeAntialiasingMask":0,"height":56,"hidden":true,"anchorPoint":{"pointX":0.50005570693537293,"pointY":0.50186664717538021}},"texture":"49CA2E9587DF043611C3C3F4D94810A0"}]},{"animations":[{"additive":false,"timeOffset":0,"beginTime":0,"repeatCount":0,"fillMode":"both","duration":1,"autoreverses":false,"animations":[{"repeatCount":0,"removedOnCompletion":true,"from":{"scalar":0.0050000000000000001},"timingFunction":"EaseInEaseOut","additive":false,"timeOffset":0,"autoreverses":false,"property":"zPosition","fillMode":"both","duration":1,"beginTime":0,"to":{"scalar":0.0040000000000000001}}],"removedOnCompletion":false}],"initialState":{"affineTransform":[1,0,0,1,0,0],"masksToBounds":false,"rotation":0,"scale":1,"position":{"pointX":177.51375961303711,"pointY":197.10453224182129},"width":244.22392272949224,"sublayerTransform":[1,0,0,0,0,1,0,0,0,0,1,0,0,0,0,1],"contentsRect":{"y":0,"x":0,"width":1,"height":1},"opacity":1,"edgeAntialiasingMask":251658240,"height":53.556232452392578,"hidden":false,"anchorPoint":{"pointX":0.5,"pointY":0.5}},"layers":[{"animations":[{"additive":false,"timeOffset":0,"beginTime":0,"repeatCount":0,"fillMode":"both","duration":1,"autoreverses":false,"animations":[{"repeatCount":0,"removedOnCompletion":true,"from":{"scalar":0},"timingFunction":"EaseInEaseOut","additive":false,"timeOffset":0,"autoreverses":false,"property":"opacity","fillMode":"both","duration":0.33329999999999999,"beginTime":0.66670000000000007,"to":{"scalar":1}},{"additive":false,"timeOffset":0,"beginTime":0.66670000000000007,"from":{"scalar":false},"repeatCount":0,"fillMode":"forwards","duration":0.33329999999999993,"autoreverses":false,"property":"hidden","to":{"scalar":false},"removedOnCompletion":true}],"removedOnCompletion":false}],"layers":[],"texturedRectangle":{"singleTextureOpacity":1,"textXHeight":0.44790844514601419,"textBaseline":0.67582975115094868,"isBackgroundTexture":true,"isVerticalText":false,"textColor":[0.99999994039535522,0.39067721366882324,0.3055555522441864,1],"textureType":6},"initialState":{"affineTransform":[1,0,0,1,0,0],"masksToBounds":false,"rotation":0,"scale":1,"position":{"pointX":122.11196136474614,"pointY":26.778116226196289},"width":166,"sublayerTransform":[1,0,0,0,0,1,0,0,0,0,1,0,0,0,0,1],"contentsRect":{"y":0,"x":0,"width":1,"height":1},"opacity":1,"edgeAntialiasingMask":0,"height":28,"hidden":true,"anchorPoint":{"pointX":0.49707084104239224,"pointY":0.39659043720790316}},"texture":"841682CEB307CC912BF6AECD9C97C205"}]},{"animations":[{"additive":false,"timeOffset":0,"beginTime":0,"repeatCount":0,"fillMode":"both","duration":1,"autoreverses":false,"animations":[{"repeatCount":0,"removedOnCompletion":true,"from":{"scalar":0.0060000000000000001},"timingFunction":"EaseInEaseOut","additive":false,"timeOffset":0,"autoreverses":false,"property":"zPosition","fillMode":"both","duration":1,"beginTime":0,"to":{"scalar":0.0050000000000000001}}],"removedOnCompletion":false}],"initialState":{"affineTransform":[1,0,0,1,0,0],"masksToBounds":false,"rotation":0,"scale":1,"position":{"pointX":215.66381232131789,"pointY":343.87868272422372},"width":89.222186410213908,"sublayerTransform":[1,0,0,0,0,1,0,0,0,0,1,0,0,0,0,1],"contentsRect":{"y":0,"x":0,"width":1,"height":1},"opacity":1,"edgeAntialiasingMask":251658240,"height":34.427242597910549,"hidden":false,"anchorPoint":{"pointX":0.5,"pointY":0.5}},"layers":[{"animations":[{"additive":false,"timeOffset":0,"beginTime":0,"repeatCount":0,"fillMode":"both","duration":1,"autoreverses":false,"animations":[{"repeatCount":0,"removedOnCompletion":true,"from":{"scalar":1},"timingFunction":"EaseInEaseOut","additive":false,"timeOffset":0,"autoreverses":false,"property":"transform.scale.x","fillMode":"both","duration":1,"beginTime":0,"to":{"scalar":0.96739130434782605}},{"repeatCount":0,"removedOnCompletion":true,"from":{"scalar":1},"timingFunction":"EaseInEaseOut","additive":false,"timeOffset":0,"autoreverses":false,"property":"transform.scale.y","fillMode":"both","duration":1,"beginTime":0,"to":{"scalar":1}},{"repeatCount":0,"removedOnCompletion":true,"from":{"texture":"116D34A4C79176D8D6E198C7287239AB"},"timingFunction":"EaseInEaseOut","additive":false,"timeOffset":0,"autoreverses":false,"property":"contents","fillMode":"both","duration":1,"beginTime":0,"to":{"texture":"8EEC7B5E60C87E6C3B9F46410273E5C9"}},{"repeatCount":0,"removedOnCompletion":true,"from":{"scalar":1.2541736374275942},"timingFunction":"EaseInEaseOut","additive":false,"timeOffset":0,"autoreverses":false,"property":"transform.rotation.z","fillMode":"both","duration":1,"beginTime":0,"to":{"scalar":2.2204460492503131e-16}},{"repeatCount":0,"removedOnCompletion":true,"from":{"pointX":0,"pointY":0},"timingFunction":"EaseInEaseOut","additive":false,"timeOffset":0,"autoreverses":false,"property":"transform.translation","fillMode":"both","duration":1,"beginTime":0,"to":{"pointX":158.5109626935876,"pointY":-149.00000000000003}}],"removedOnCompletion":false}],"layers":[],"texturedRectangle":{"singleTextureOpacity":1,"textXHeight":0,"shapePath":{"lineWidth":1,"flatness":0.59999999999999998,"lineCapStyle":0,"elements":[{"type":"MoveToPoint","points":[[33.019185517987182,-19.306644767905027]]},{"type":"AddLine","points":[[55.097025545446598,48.076695600369533]]}],"windingRule":0,"lineJoinStyle":0,"miterLimit":10},"isBackgroundTexture":true,"textBaseline":0,"isVerticalText":false,"textureType":5},"initialState":{"affineTransform":[0.31135890983304743,0.95029239146042643,-0.95029239146042643,0.31135890983304743,0,0],"masksToBounds":false,"rotation":1.2541736374275942,"scale":1,"position":{"pointX":44.611091613769524,"pointY":17.620705176294052},"width":92,"sublayerTransform":[1,0,0,0,0,1,0,0,0,0,1,0,0,0,0,1],"contentsRect":{"y":0,"x":0,"width":1,"height":1},"opacity":1,"edgeAntialiasingMask":0,"height":38,"hidden":false,"anchorPoint":{"pointX":0.49634576880413556,"pointY":0.50752017372532898}},"texture":"116D34A4C79176D8D6E198C7287239AB"}]},{"animations":[{"additive":false,"timeOffset":0,"beginTime":0,"repeatCount":0,"fillMode":"both","duration":1,"autoreverses":false,"animations":[{"repeatCount":0,"removedOnCompletion":true,"from":{"scalar":0.0070000000000000001},"timingFunction":"EaseInEaseOut","additive":false,"timeOffset":0,"autoreverses":false,"property":"zPosition","fillMode":"both","duration":1,"beginTime":0,"to":{"scalar":0.0060000000000000001}}],"removedOnCompletion":false}],"initialState":{"affineTransform":[1,0,0,1,0,0],"masksToBounds":false,"rotation":0,"scale":1,"position":{"pointX":543.83245474870819,"pointY":343.73051988242685},"width":91.128471509135125,"sublayerTransform":[1,0,0,0,0,1,0,0,0,0,1,0,0,0,0,1],"contentsRect":{"y":0,"x":0,"width":1,"height":1},"opacity":1,"edgeAntialiasingMask":251658240,"height":34.427242597910549,"hidden":false,"anchorPoint":{"pointX":0.5,"pointY":0.5}},"layers":[{"animations":[{"additive":false,"timeOffset":0,"beginTime":0,"repeatCount":0,"fillMode":"both","duration":1,"autoreverses":false,"animations":[{"repeatCount":0,"removedOnCompletion":true,"from":{"scalar":1},"timingFunction":"EaseInEaseOut","additive":false,"timeOffset":0,"autoreverses":false,"property":"opacity","fillMode":"forwards","duration":0.33329999999999999,"beginTime":0,"to":{"scalar":0}},{"additive":false,"timeOffset":0,"beginTime":0.33329999999999999,"from":{"scalar":true},"repeatCount":0,"fillMode":"forwards","duration":0.66670000000000007,"autoreverses":false,"property":"hidden","to":{"scalar":true},"removedOnCompletion":true},{"additive":false,"timeOffset":0,"beginTime":0,"from":{"scalar":1.9414407062422392},"repeatCount":0,"fillMode":"forwards","duration":1,"autoreverses":false,"property":"transform.rotation.z","to":{"scalar":1.9414407062422392},"removedOnCompletion":true}],"removedOnCompletion":false}],"layers":[],"texturedRectangle":{"singleTextureOpacity":1,"textXHeight":0,"shapePath":{"lineWidth":1,"flatness":0.59999999999999998,"lineCapStyle":0,"elements":[{"type":"MoveToPoint","points":[[61.88769125463557,-19.604176529601034]]},{"type":"AddLine","points":[[35.513179890054175,48.265598850898414]]}],"windingRule":0,"lineJoinStyle":0,"miterLimit":10},"isBackgroundTexture":true,"textBaseline":0,"isVerticalText":false,"textureType":5},"initialState":{"affineTransform":[-0.36221612942723186,0.93209413450721534,-0.93209413450721534,-0.36221612942723186,0,0],"masksToBounds":false,"rotation":1.9414407062422392,"scale":1,"position":{"pointX":45.564235687255859,"pointY":17.620705176294052},"width":94,"sublayerTransform":[1,0,0,0,0,1,0,0,0,0,1,0,0,0,0,1],"contentsRect":{"y":0,"x":0,"width":1,"height":1},"opacity":1,"edgeAntialiasingMask":0,"height":37,"hidden":false,"anchorPoint":{"pointX":0.49821760299357964,"pointY":0.51723253404771963}},"texture":"C9BBD29396D853B379DA775BEB1EF00B"}]},{"animations":[{"additive":false,"timeOffset":0,"beginTime":0,"repeatCount":0,"fillMode":"both","duration":1,"autoreverses":false,"animations":[{"repeatCount":0,"removedOnCompletion":true,"from":{"scalar":0.0080000000000000002},"timingFunction":"EaseInEaseOut","additive":false,"timeOffset":0,"autoreverses":false,"property":"zPosition","fillMode":"both","duration":1,"beginTime":0,"to":{"scalar":0.0070000000000000001}}],"removedOnCompletion":false}],"initialState":{"affineTransform":[1,0,0,1,0,0],"masksToBounds":false,"rotation":0,"scale":1,"position":{"pointX":213.36609649658203,"pointY":281.77588844299316},"width":244.22392272949224,"sublayerTransform":[1,0,0,0,0,1,0,0,0,0,1,0,0,0,0,1],"contentsRect":{"y":0,"x":0,"width":1,"height":1},"opacity":1,"edgeAntialiasingMask":251658240,"height":53.556232452392578,"hidden":false,"anchorPoint":{"pointX":0.5,"pointY":0.5}},"layers":[{"animations":[{"additive":false,"timeOffset":0,"beginTime":0,"repeatCount":0,"fillMode":"both","duration":1,"autoreverses":false,"animations":[{"repeatCount":0,"removedOnCompletion":true,"from":{"scalar":1},"timingFunction":"EaseInEaseOut","additive":false,"timeOffset":0,"autoreverses":false,"property":"opacity","fillMode":"forwards","duration":0.33329999999999999,"beginTime":0,"to":{"scalar":0}},{"additive":false,"timeOffset":0,"beginTime":0.33329999999999999,"from":{"scalar":true},"repeatCount":0,"fillMode":"forwards","duration":0.66670000000000007,"autoreverses":false,"property":"hidden","to":{"scalar":true},"removedOnCompletion":true}],"removedOnCompletion":false}],"layers":[],"texturedRectangle":{"singleTextureOpacity":1,"textXHeight":0,"shapePath":{"lineWidth":1,"flatness":0.59999999999999998,"lineCapStyle":0,"elements":[{"type":"MoveToPoint","points":[[4.2541351318358949,4.997772216796875]]},{"type":"AddLine","points":[[242.47805786132812,4.997772216796875]]},{"type":"AddLine","points":[[242.47805786132812,52.554004669189453]]},{"type":"AddLine","points":[[4.2541351318358949,52.554004669189453]]},{"type":"CloseSubpath"},{"type":"MoveToPoint","points":[[4.2541351318358949,4.997772216796875]]}],"windingRule":0,"lineJoinStyle":0,"miterLimit":10},"isBackgroundTexture":true,"textBaseline":0,"isVerticalText":false,"textureType":5},"initialState":{"affineTransform":[1,0,0,1,0,0],"masksToBounds":false,"rotation":0,"scale":1,"position":{"pointX":122.11196136474614,"pointY":26.778116226196289},"width":247,"sublayerTransform":[1,0,0,0,0,1,0,0,0,0,1,0,0,0,0,1],"contentsRect":{"y":0,"x":0,"width":1,"height":1},"opacity":1,"edgeAntialiasingMask":0,"height":57,"hidden":false,"anchorPoint":{"pointX":0.4994578805529637,"pointY":0.50484014812268707}},"texture":"D4542754D744C8B7F4C70AED85D34D37"}]},{"animations":[{"additive":false,"timeOffset":0,"beginTime":0,"repeatCount":0,"fillMode":"both","duration":1,"autoreverses":false,"animations":[{"repeatCount":0,"removedOnCompletion":true,"from":{"scalar":0.0090000000000000011},"timingFunction":"EaseInEaseOut","additive":false,"timeOffset":0,"autoreverses":false,"property":"zPosition","fillMode":"both","duration":1,"beginTime":0,"to":{"scalar":0.0080000000000000002}}],"removedOnCompletion":false}],"initialState":{"affineTransform":[1,0,0,1,0,0],"masksToBounds":false,"rotation":0,"scale":1,"position":{"pointX":213.36609649658203,"pointY":281.77588844299316},"width":244.22392272949224,"sublayerTransform":[1,0,0,0,0,1,0,0,0,0,1,0,0,0,0,1],"contentsRect":{"y":0,"x":0,"width":1,"height":1},"opacity":1,"edgeAntialiasingMask":251658240,"height":53.556232452392578,"hidden":false,"anchorPoint":{"pointX":0.5,"pointY":0.5}},"layers":[{"animations":[{"additive":false,"timeOffset":0,"beginTime":0,"repeatCount":0,"fillMode":"both","duration":1,"autoreverses":false,"animations":[{"repeatCount":0,"removedOnCompletion":true,"from":{"scalar":1},"timingFunction":"EaseInEaseOut","additive":false,"timeOffset":0,"autoreverses":false,"property":"opacity","fillMode":"forwards","duration":0.33329999999999999,"beginTime":0,"to":{"scalar":0}},{"additive":false,"timeOffset":0,"beginTime":0.33329999999999999,"from":{"scalar":true},"repeatCount":0,"fillMode":"forwards","duration":0.66670000000000007,"autoreverses":false,"property":"hidden","to":{"scalar":true},"removedOnCompletion":true}],"removedOnCompletion":false}],"layers":[],"texturedRectangle":{"singleTextureOpacity":1,"textXHeight":0.54527984626471293,"textBaseline":0.89541692319123645,"isBackgroundTexture":true,"isVerticalText":false,"textColor":[0,0,0,1],"textureType":6},"initialState":{"affineTransform":[1,0,0,1,0,0],"masksToBounds":false,"rotation":0,"scale":1,"position":{"pointX":122.11196136474614,"pointY":26.778116226196289},"width":181,"sublayerTransform":[1,0,0,0,0,1,0,0,0,0,1,0,0,0,0,1],"contentsRect":{"y":0,"x":0,"width":1,"height":1},"opacity":1,"edgeAntialiasingMask":0,"height":23,"hidden":false,"anchorPoint":{"pointX":0.49373533976012174,"pointY":0.55547341056492017}},"texture":"EBFB8707A4C7BF643CB9C6BF072A1F14"}]},{"animations":[{"additive":false,"timeOffset":0,"beginTime":0,"repeatCount":0,"fillMode":"both","duration":1,"autoreverses":false,"animations":[{"repeatCount":0,"removedOnCompletion":true,"from":{"scalar":0.01},"timingFunction":"EaseInEaseOut","additive":false,"timeOffset":0,"autoreverses":false,"property":"zPosition","fillMode":"both","duration":1,"beginTime":0,"to":{"scalar":0.0090000000000000011}}],"removedOnCompletion":false}],"initialState":{"affineTransform":[1,0,0,1,0,0],"masksToBounds":false,"rotation":0,"scale":1,"position":{"pointX":561.55395507812489,"pointY":281.77588844299316},"width":348.57946777343767,"sublayerTransform":[1,0,0,0,0,1,0,0,0,0,1,0,0,0,0,1],"contentsRect":{"y":0,"x":0,"width":1,"height":1},"opacity":1,"edgeAntialiasingMask":251658240,"height":53.556232452392578,"hidden":false,"anchorPoint":{"pointX":0.5,"pointY":0.5}},"layers":[{"animations":[{"additive":false,"timeOffset":0,"beginTime":0,"repeatCount":0,"fillMode":"both","duration":1,"autoreverses":false,"animations":[{"repeatCount":0,"removedOnCompletion":true,"from":{"scalar":1},"timingFunction":"EaseInEaseOut","additive":false,"timeOffset":0,"autoreverses":false,"property":"opacity","fillMode":"forwards","duration":0.33329999999999999,"beginTime":0,"to":{"scalar":0}},{"additive":false,"timeOffset":0,"beginTime":0.33329999999999999,"from":{"scalar":true},"repeatCount":0,"fillMode":"forwards","duration":0.66670000000000007,"autoreverses":false,"property":"hidden","to":{"scalar":true},"removedOnCompletion":true}],"removedOnCompletion":false}],"layers":[],"texturedRectangle":{"singleTextureOpacity":1,"textXHeight":0,"shapePath":{"lineWidth":1,"flatness":0.59999999999999998,"lineCapStyle":0,"elements":[{"type":"MoveToPoint","points":[[4.2642211914060795,4.997772216796875]]},{"type":"AddLine","points":[[346.84368896484375,4.997772216796875]]},{"type":"AddLine","points":[[346.84368896484375,52.554004669189453]]},{"type":"AddLine","points":[[4.2642211914060795,52.554004669189453]]},{"type":"CloseSubpath"},{"type":"MoveToPoint","points":[[4.2642211914060795,4.997772216796875]]}],"windingRule":0,"lineJoinStyle":0,"miterLimit":10},"isBackgroundTexture":true,"textBaseline":0,"isVerticalText":false,"textureType":5},"initialState":{"affineTransform":[1,0,0,1,0,0],"masksToBounds":false,"rotation":0,"scale":1,"position":{"pointX":174.28973388671892,"pointY":26.778116226196289},"width":351,"sublayerTransform":[1,0,0,0,0,1,0,0,0,0,1,0,0,0,0,1],"contentsRect":{"y":0,"x":0,"width":1,"height":1},"opacity":1,"edgeAntialiasingMask":0,"height":57,"hidden":false,"anchorPoint":{"pointX":0.50015371817129628,"pointY":0.50484014812268707}},"texture":"4D2418C56525E937E6578CEF20EF787F"}]},{"animations":[{"additive":false,"timeOffset":0,"beginTime":0,"repeatCount":0,"fillMode":"both","duration":1,"autoreverses":false,"animations":[{"repeatCount":0,"removedOnCompletion":true,"from":{"scalar":0.010999999999999999},"timingFunction":"EaseInEaseOut","additive":false,"timeOffset":0,"autoreverses":false,"property":"zPosition","fillMode":"both","duration":1,"beginTime":0,"to":{"scalar":0.01}}],"removedOnCompletion":false}],"initialState":{"affineTransform":[1,0,0,1,0,0],"masksToBounds":false,"rotation":0,"scale":1,"position":{"pointX":561.55395507812489,"pointY":281.77588844299316},"width":348.57946777343767,"sublayerTransform":[1,0,0,0,0,1,0,0,0,0,1,0,0,0,0,1],"contentsRect":{"y":0,"x":0,"width":1,"height":1},"opacity":1,"edgeAntialiasingMask":251658240,"height":53.556232452392578,"hidden":false,"anchorPoint":{"pointX":0.5,"pointY":0.5}},"layers":[{"animations":[{"additive":false,"timeOffset":0,"beginTime":0,"repeatCount":0,"fillMode":"both","duration":1,"autoreverses":false,"animations":[{"repeatCount":0,"removedOnCompletion":true,"from":{"scalar":1},"timingFunction":"EaseInEaseOut","additive":false,"timeOffset":0,"autoreverses":false,"property":"opacity","fillMode":"forwards","duration":0.33329999999999999,"beginTime":0,"to":{"scalar":0}},{"additive":false,"timeOffset":0,"beginTime":0.33329999999999999,"from":{"scalar":true},"repeatCount":0,"fillMode":"forwards","duration":0.66670000000000007,"autoreverses":false,"property":"hidden","to":{"scalar":true},"removedOnCompletion":true}],"removedOnCompletion":false}],"layers":[],"texturedRectangle":{"singleTextureOpacity":1,"textXHeight":0.43246332634787576,"textBaseline":0.74464100804822198,"isBackgroundTexture":true,"isVerticalText":false,"textColor":[0,0,0,1],"textureType":6},"initialState":{"affineTransform":[1,0,0,1,0,0],"masksToBounds":false,"rotation":0,"scale":1,"position":{"pointX":174.28973388671892,"pointY":26.778116226196289},"width":313,"sublayerTransform":[1,0,0,0,0,1,0,0,0,0,1,0,0,0,0,1],"contentsRect":{"y":0,"x":0,"width":1,"height":1},"opacity":1,"edgeAntialiasingMask":0,"height":29,"hidden":false,"anchorPoint":{"pointX":0.49697749226238019,"pointY":0.4750306359652815}},"texture":"27E72EC1BBAF0AEBFCDAF6616720324C"}]},{"animations":[{"additive":false,"timeOffset":0,"beginTime":0,"repeatCount":0,"fillMode":"both","duration":1,"autoreverses":false,"animations":[{"repeatCount":0,"removedOnCompletion":true,"from":{"scalar":0.012},"timingFunction":"EaseInEaseOut","additive":false,"timeOffset":0,"autoreverses":false,"property":"zPosition","fillMode":"both","duration":1,"beginTime":0,"to":{"scalar":0.010999999999999999}}],"removedOnCompletion":false}],"initialState":{"affineTransform":[1,0,0,1,0,0],"masksToBounds":false,"rotation":0,"scale":1,"position":{"pointX":707.26062011718739,"pointY":197.10453224182129},"width":522.67517089843773,"sublayerTransform":[1,0,0,0,0,1,0,0,0,0,1,0,0,0,0,1],"contentsRect":{"y":0,"x":0,"width":1,"height":1},"opacity":1,"edgeAntialiasingMask":251658240,"height":53.556232452392578,"hidden":false,"anchorPoint":{"pointX":0.5,"pointY":0.5}},"layers":[{"animations":[{"additive":false,"timeOffset":0,"beginTime":0,"repeatCount":0,"fillMode":"both","duration":1,"autoreverses":false,"animations":[{"repeatCount":0,"removedOnCompletion":true,"from":{"scalar":0},"timingFunction":"EaseInEaseOut","additive":false,"timeOffset":0,"autoreverses":false,"property":"opacity","fillMode":"both","duration":0.33329999999999999,"beginTime":0.66670000000000007,"to":{"scalar":1}},{"additive":false,"timeOffset":0,"beginTime":0.66670000000000007,"from":{"scalar":false},"repeatCount":0,"fillMode":"forwards","duration":0.33329999999999993,"autoreverses":false,"property":"hidden","to":{"scalar":false},"removedOnCompletion":true}],"removedOnCompletion":false}],"layers":[],"texturedRectangle":{"singleTextureOpacity":1,"textXHeight":0,"shapePath":{"lineWidth":1,"flatness":0.59999999999999998,"lineCapStyle":0,"elements":[{"type":"MoveToPoint","points":[[4.9230346679685226,4.326416015625]]},{"type":"AddLine","points":[[521.59820556640625,4.326416015625]]},{"type":"AddLine","points":[[521.59820556640625,51.882648468017578]]},{"type":"AddLine","points":[[4.9230346679685226,51.882648468017578]]},{"type":"CloseSubpath"},{"type":"MoveToPoint","points":[[4.9230346679685226,4.326416015625]]}],"windingRule":0,"lineJoinStyle":0,"miterLimit":10},"isBackgroundTexture":true,"textBaseline":0,"isVerticalText":false,"textureType":5},"initialState":{"affineTransform":[1,0,0,1,0,0],"masksToBounds":false,"rotation":0,"scale":1,"position":{"pointX":261.33758544921898,"pointY":26.778116226196289},"width":526,"sublayerTransform":[1,0,0,0,0,1,0,0,0,0,1,0,0,0,0,1],"contentsRect":{"y":0,"x":0,"width":1,"height":1},"opacity":1,"edgeAntialiasingMask":0,"height":56,"hidden":true,"anchorPoint":{"pointX":0.50049547550796103,"pointY":0.50186664717538021}},"texture":"D1DFF62678F00C94CD1383607CBAE507"}]},{"animations":[{"additive":false,"timeOffset":0,"beginTime":0,"repeatCount":0,"fillMode":"both","duration":1,"autoreverses":false,"animations":[{"repeatCount":0,"removedOnCompletion":true,"from":{"scalar":0.013000000000000001},"timingFunction":"EaseInEaseOut","additive":false,"timeOffset":0,"autoreverses":false,"property":"zPosition","fillMode":"both","duration":1,"beginTime":0,"to":{"scalar":0.012}}],"removedOnCompletion":false}],"initialState":{"affineTransform":[1,0,0,1,0,0],"masksToBounds":false,"rotation":0,"scale":1,"position":{"pointX":707.26062011718739,"pointY":197.10453224182129},"width":522.67517089843773,"sublayerTransform":[1,0,0,0,0,1,0,0,0,0,1,0,0,0,0,1],"contentsRect":{"y":0,"x":0,"width":1,"height":1},"opacity":1,"edgeAntialiasingMask":251658240,"height":53.556232452392578,"hidden":false,"anchorPoint":{"pointX":0.5,"pointY":0.5}},"layers":[{"animations":[{"additive":false,"timeOffset":0,"beginTime":0,"repeatCount":0,"fillMode":"both","duration":1,"autoreverses":false,"animations":[{"repeatCount":0,"removedOnCompletion":true,"from":{"scalar":0},"timingFunction":"EaseInEaseOut","additive":false,"timeOffset":0,"autoreverses":false,"property":"opacity","fillMode":"both","duration":0.33329999999999999,"beginTime":0.66670000000000007,"to":{"scalar":1}},{"additive":false,"timeOffset":0,"beginTime":0.66670000000000007,"from":{"scalar":false},"repeatCount":0,"fillMode":"forwards","duration":0.33329999999999993,"autoreverses":false,"property":"hidden","to":{"scalar":false},"removedOnCompletion":true}],"removedOnCompletion":false}],"layers":[],"texturedRectangle":{"singleTextureOpacity":1,"textXHeight":0.43246332634787576,"textBaseline":0.68700803559401935,"isBackgroundTexture":true,"isVerticalText":false,"textColor":[0.99999994039535522,0.39067721366882324,0.3055555522441864,1],"textureType":6},"initialState":{"affineTransform":[1,0,0,1,0,0],"masksToBounds":false,"rotation":0,"scale":1,"position":{"pointX":261.33758544921898,"pointY":26.778116226196289},"width":441,"sublayerTransform":[1,0,0,0,0,1,0,0,0,0,1,0,0,0,0,1],"contentsRect":{"y":0,"x":0,"width":1,"height":1},"opacity":1,"edgeAntialiasingMask":0,"height":29,"hidden":true,"anchorPoint":{"pointX":0.49945718847434806,"pointY":0.41739766351107893}},"texture":"C1DCFA1322C59767424CF7CCC8953ABC"}]},{"animations":[{"additive":false,"timeOffset":0,"beginTime":0,"repeatCount":0,"fillMode":"both","duration":1,"autoreverses":false,"animations":[{"repeatCount":0,"removedOnCompletion":true,"from":{"scalar":0.014},"timingFunction":"EaseInEaseOut","additive":false,"timeOffset":0,"autoreverses":false,"property":"zPosition","fillMode":"both","duration":1,"beginTime":0,"to":{"scalar":0.014}}],"removedOnCompletion":false}],"initialState":{"affineTransform":[1,0,0,1,0,0],"masksToBounds":false,"rotation":0,"scale":1,"position":{"pointX":261.95783233642578,"pointY":506.32778930664062},"width":228.94398498535156,"sublayerTransform":[1,0,0,0,0,1,0,0,0,0,1,0,0,0,0,1],"contentsRect":{"y":0,"x":0,"width":1,"height":1},"opacity":1,"edgeAntialiasingMask":251658240,"height":119.4388427734375,"hidden":false,"anchorPoint":{"pointX":0.5,"pointY":0.5}},"layers":[{"animations":[{"additive":false,"timeOffset":0,"beginTime":0,"repeatCount":0,"fillMode":"both","duration":1,"autoreverses":false,"animations":[{"repeatCount":0,"removedOnCompletion":true,"from":{"scalar":1},"timingFunction":"EaseInEaseOut","additive":false,"timeOffset":0,"autoreverses":false,"property":"transform.scale.x","fillMode":"both","duration":1,"beginTime":0,"to":{"scalar":0.68534482758620685}},{"repeatCount":0,"removedOnCompletion":true,"from":{"scalar":1},"timingFunction":"EaseInEaseOut","additive":false,"timeOffset":0,"autoreverses":false,"property":"transform.scale.y","fillMode":"both","duration":1,"beginTime":0,"to":{"scalar":0.76422764227642281}},{"repeatCount":0,"removedOnCompletion":true,"from":{"texture":"252E57AB2557500425A7BCF9DB6CB171"},"timingFunction":"EaseInEaseOut","additive":false,"timeOffset":0,"autoreverses":false,"property":"contents","fillMode":"both","duration":1,"beginTime":0,"to":{"texture":"C778AD63C44D08098EDA52C733DA44F6"}},{"repeatCount":0,"removedOnCompletion":true,"from":{"pointX":0,"pointY":0},"timingFunction":"EaseInEaseOut","additive":false,"timeOffset":0,"autoreverses":false,"property":"transform.translation","fillMode":"both","duration":1,"beginTime":0,"to":{"pointX":85.51326827345224,"pointY":128.54060252119859}}],"removedOnCompletion":false}],"layers":[],"texturedRectangle":{"singleTextureOpacity":1,"textXHeight":0,"shapePath":{"lineWidth":1,"flatness":0.59999999999999998,"lineCapStyle":0,"elements":[{"type":"MoveToPoint","points":[[30.230614362983715,8.108367919921875]]},{"type":"AddLine","points":[[201.68505030986785,8.108367919921875]]},{"type":"AddCurve","points":[[208.21276279384023,8.108367919921875],[212.12939028422363,8.108367919921875],[214.74047527781261,9.1984608647984487]]},{"type":"AddCurve","points":[[218.50457995289412,10.568482925190381],[221.46970982383306,13.533612796129319],[222.83973188422499,17.297717471210831]]},{"type":"AddCurve","points":[[223.92982482910156,19.908802464799749],[223.92982482910156,23.82542995518321],[223.92982482910156,30.35314243915559]]},{"type":"AddLine","points":[[223.92982482910156,92.30243617412566]]},{"type":"AddCurve","points":[[223.92982482910156,98.830148658098096],[223.92982482910156,102.74677614848144],[222.83973188422499,105.35786114207042]]},{"type":"AddCurve","points":[[221.46970982383306,109.12196581715193],[218.50457995289412,112.08709568809081],[214.74047527781261,113.4571177484828]]},{"type":"AddCurve","points":[[212.12939028422363,114.54721069335938],[208.21276279384023,114.54721069335938],[201.68505030986785,114.54721069335938]]},{"type":"AddLine","points":[[30.230614362983715,114.54721069335938]]},{"type":"AddCurve","points":[[23.702901879011335,114.54721069335938],[19.786274388627902,114.54721069335938],[17.175189395038956,113.4571177484828]]},{"type":"AddCurve","points":[[13.411084719957415,112.08709568809081],[10.445954849018506,109.12196581715193],[9.0759327886265737,105.35786114207042]]},{"type":"AddCurve","points":[[7.98583984375,102.74677614848144],[7.98583984375,98.830148658098096],[7.98583984375,92.30243617412566]]},{"type":"AddLine","points":[[7.98583984375,30.35314243915559]]},{"type":"AddCurve","points":[[7.98583984375,23.82542995518321],[7.98583984375,19.908802464799749],[9.0759327886265737,17.297717471210831]]},{"type":"AddCurve","points":[[10.445954849018506,13.533612796129319],[13.411084719957415,10.568482925190381],[17.175189395038956,9.1984608647984487]]},{"type":"AddCurve","points":[[19.786274388627902,8.108367919921875],[23.702901879011335,8.108367919921875],[30.230614362983715,8.108367919921875]]},{"type":"CloseSubpath"},{"type":"MoveToPoint","points":[[30.230614362983715,8.108367919921875]]}],"windingRule":0,"lineJoinStyle":0,"miterLimit":10},"isBackgroundTexture":true,"textBaseline":0,"isVerticalText":false,"textureType":5},"initialState":{"affineTransform":[1,0,0,1,0,0],"masksToBounds":false,"rotation":0,"scale":1,"position":{"pointX":114.47199249267578,"pointY":59.71942138671875},"width":232,"sublayerTransform":[1,0,0,0,0,1,0,0,0,0,1,0,0,0,0,1],"contentsRect":{"y":0,"x":0,"width":1,"height":1},"opacity":1,"edgeAntialiasingMask":0,"height":123,"hidden":false,"anchorPoint":{"pointX":0.49981824282942144,"pointY":0.49859991306211893}},"texture":"252E57AB2557500425A7BCF9DB6CB171"}]},{"animations":[{"additive":false,"timeOffset":0,"beginTime":0,"repeatCount":0,"fillMode":"both","duration":1,"autoreverses":false,"animations":[{"repeatCount":0,"removedOnCompletion":true,"from":{"scalar":0.014999999999999999},"timingFunction":"EaseInEaseOut","additive":false,"timeOffset":0,"autoreverses":false,"property":"zPosition","fillMode":"both","duration":1,"beginTime":0,"to":{"scalar":0.014999999999999999}}],"removedOnCompletion":false}],"initialState":{"affineTransform":[1,0,0,1,0,0],"masksToBounds":false,"rotation":0,"scale":1,"position":{"pointX":533.88840484619141,"pointY":506.32778930664062},"width":228.94398498535156,"sublayerTransform":[1,0,0,0,0,1,0,0,0,0,1,0,0,0,0,1],"contentsRect":{"y":0,"x":0,"width":1,"height":1},"opacity":1,"edgeAntialiasingMask":251658240,"height":119.4388427734375,"hidden":false,"anchorPoint":{"pointX":0.5,"pointY":0.5}},"layers":[{"animations":[{"additive":false,"timeOffset":0,"beginTime":0,"repeatCount":0,"fillMode":"both","duration":1,"autoreverses":false,"animations":[{"repeatCount":0,"removedOnCompletion":true,"from":{"scalar":1},"timingFunction":"EaseInEaseOut","additive":false,"timeOffset":0,"autoreverses":false,"property":"transform.scale.x","fillMode":"both","duration":1,"beginTime":0,"to":{"scalar":0.68534482758620685}},{"repeatCount":0,"removedOnCompletion":true,"from":{"scalar":1},"timingFunction":"EaseInEaseOut","additive":false,"timeOffset":0,"autoreverses":false,"property":"transform.scale.y","fillMode":"both","duration":1,"beginTime":0,"to":{"scalar":0.76422764227642281}},{"repeatCount":0,"removedOnCompletion":true,"from":{"texture":"8C1D5FE196AED55C4E96DEBC85D0ECFB"},"timingFunction":"EaseInEaseOut","additive":false,"timeOffset":0,"autoreverses":false,"property":"contents","fillMode":"both","duration":1,"beginTime":0,"to":{"texture":"24B428D9E7837DD5DB7BF90E3B8C49C4"}},{"repeatCount":0,"removedOnCompletion":true,"from":{"pointX":0,"pointY":0},"timingFunction":"EaseInEaseOut","additive":false,"timeOffset":0,"autoreverses":false,"property":"transform.translation","fillMode":"both","duration":1,"beginTime":0,"to":{"pointX":-6.4648860076378014,"pointY":128.54060252119859}}],"removedOnCompletion":false}],"layers":[],"texturedRectangle":{"singleTextureOpacity":1,"textXHeight":0,"shapePath":{"lineWidth":1,"flatness":0.59999999999999998,"lineCapStyle":0,"elements":[{"type":"MoveToPoint","points":[[30.16118687274934,8.108367919921875]]},{"type":"AddLine","points":[[201.61562281963347,8.108367919921875]]},{"type":"AddCurve","points":[[208.14333530360591,8.108367919921875],[212.05996279398926,8.108367919921875],[214.67104778757823,9.1984608647984487]]},{"type":"AddCurve","points":[[218.43515246265974,10.568482925190381],[221.40028233359862,13.533612796129319],[222.77030439399061,17.297717471210831]]},{"type":"AddCurve","points":[[223.86039733886719,19.908802464799749],[223.86039733886719,23.82542995518321],[223.86039733886719,30.35314243915559]]},{"type":"AddLine","points":[[223.86039733886719,92.30243617412566]]},{"type":"AddCurve","points":[[223.86039733886719,98.830148658098096],[223.86039733886719,102.74677614848144],[222.77030439399061,105.35786114207042]]},{"type":"AddCurve","points":[[221.40028233359862,109.12196581715193],[218.43515246265974,112.08709568809081],[214.67104778757823,113.4571177484828]]},{"type":"AddCurve","points":[[212.05996279398926,114.54721069335938],[208.14333530360591,114.54721069335938],[201.61562281963347,114.54721069335938]]},{"type":"AddLine","points":[[30.16118687274934,114.54721069335938]]},{"type":"AddCurve","points":[[23.63347438877696,114.54721069335938],[19.716846898393499,114.54721069335938],[17.105761904804581,113.4571177484828]]},{"type":"AddCurve","points":[[13.341657229723069,112.08709568809081],[10.376527358784131,109.12196581715193],[9.0065052983921987,105.35786114207042]]},{"type":"AddCurve","points":[[7.916412353515625,102.74677614848144],[7.916412353515625,98.830148658098096],[7.916412353515625,92.30243617412566]]},{"type":"AddLine","points":[[7.916412353515625,30.35314243915559]]},{"type":"AddCurve","points":[[7.916412353515625,23.82542995518321],[7.916412353515625,19.908802464799749],[9.0065052983921987,17.297717471210831]]},{"type":"AddCurve","points":[[10.376527358784131,13.533612796129319],[13.341657229723069,10.568482925190381],[17.105761904804581,9.1984608647984487]]},{"type":"AddCurve","points":[[19.716846898393499,8.108367919921875],[23.63347438877696,8.108367919921875],[30.16118687274934,8.108367919921875]]},{"type":"CloseSubpath"},{"type":"MoveToPoint","points":[[30.16118687274934,8.108367919921875]]}],"windingRule":0,"lineJoinStyle":0,"miterLimit":10},"isBackgroundTexture":true,"textBaseline":0,"isVerticalText":false,"textureType":5},"initialState":{"affineTransform":[1,0,0,1,0,0],"masksToBounds":false,"rotation":0,"scale":1,"position":{"pointX":114.47199249267578,"pointY":59.71942138671875},"width":232,"sublayerTransform":[1,0,0,0,0,1,0,0,0,0,1,0,0,0,0,1],"contentsRect":{"y":0,"x":0,"width":1,"height":1},"opacity":1,"edgeAntialiasingMask":0,"height":123,"hidden":false,"anchorPoint":{"pointX":0.49951898640599746,"pointY":0.49859991306211893}},"texture":"8C1D5FE196AED55C4E96DEBC85D0ECFB"}]},{"animations":[{"additive":false,"timeOffset":0,"beginTime":0,"repeatCount":0,"fillMode":"both","duration":1,"autoreverses":false,"animations":[{"repeatCount":0,"removedOnCompletion":true,"from":{"scalar":0.016},"timingFunction":"EaseInEaseOut","additive":false,"timeOffset":0,"autoreverses":false,"property":"zPosition","fillMode":"both","duration":1,"beginTime":0,"to":{"scalar":0.016}}],"removedOnCompletion":false}],"initialState":{"affineTransform":[1,0,0,1,0,0],"masksToBounds":false,"rotation":0,"scale":1,"position":{"pointX":383.06846618652344,"pointY":334.42360687255859},"width":174.89541625976562,"sublayerTransform":[1,0,0,0,0,1,0,0,0,0,1,0,0,0,0,1],"contentsRect":{"y":0,"x":0,"width":1,"height":1},"opacity":1,"edgeAntialiasingMask":251658240,"height":78.471115112304688,"hidden":false,"anchorPoint":{"pointX":0.5,"pointY":0.5}},"layers":[{"animations":[{"additive":false,"timeOffset":0,"beginTime":0,"repeatCount":0,"fillMode":"both","duration":1,"autoreverses":false,"animations":[{"repeatCount":0,"removedOnCompletion":true,"from":{"scalar":0},"timingFunction":"EaseInEaseOut","additive":false,"timeOffset":0,"autoreverses":false,"property":"opacity","fillMode":"both","duration":0.33329999999999999,"beginTime":0.66670000000000007,"to":{"scalar":1}},{"additive":false,"timeOffset":0,"beginTime":0.66670000000000007,"from":{"scalar":false},"repeatCount":0,"fillMode":"forwards","duration":0.33329999999999993,"autoreverses":false,"property":"hidden","to":{"scalar":false},"removedOnCompletion":true}],"removedOnCompletion":false}],"layers":[],"texturedRectangle":{"singleTextureOpacity":1,"textXHeight":0,"shapePath":{"lineWidth":1,"flatness":0.59999999999999998,"lineCapStyle":0,"elements":[{"type":"MoveToPoint","points":[[25.181067420978536,7.68804931640625]]},{"type":"AddLine","points":[[152.95586495206834,7.68804931640625]]},{"type":"AddCurve","points":[[157.96220000490194,7.68804931640625],[160.96600103660211,7.68804931640625],[162.96853505773555,8.5240803968470118]]},{"type":"AddCurve","points":[[165.85536091344909,9.5747990798367937],[168.12942455297571,11.84886271936341],[169.18014323596549,14.735688575076949]]},{"type":"AddCurve","points":[[170.01617431640625,16.738222596210392],[170.01617431640625,19.742023627910555],[170.01617431640625,24.748358680744161]]},{"type":"AddLine","points":[[170.01617431640625,56.098855064373026]]},{"type":"AddCurve","points":[[170.01617431640625,61.105190117206632],[170.01617431640625,64.108991148906796],[169.18014323596549,66.111525170040238]]},{"type":"AddCurve","points":[[168.12942455297571,68.998351025753777],[165.85536091344909,71.272414665280394],[162.96853505773555,72.323133348270176]]},{"type":"AddCurve","points":[[160.96600103660211,73.159164428710938],[157.96220000490194,73.159164428710938],[152.95586495206834,73.159164428710938]]},{"type":"AddLine","points":[[25.181067420978536,73.159164428710938]]},{"type":"AddCurve","points":[[20.17473236814493,73.159164428710938],[17.170931336444767,73.159164428710938],[15.168397315311324,72.323133348270176]]},{"type":"AddCurve","points":[[12.281571459597785,71.272414665280394],[10.007507820071169,68.998351025753777],[8.9567891370813868,66.111525170040238]]},{"type":"AddCurve","points":[[8.120758056640625,64.108991148906796],[8.120758056640625,61.105190117206632],[8.120758056640625,56.098855064373026]]},{"type":"AddLine","points":[[8.120758056640625,24.748358680744161]]},{"type":"AddCurve","points":[[8.120758056640625,19.742023627910555],[8.120758056640625,16.738222596210392],[8.9567891370813868,14.735688575076949]]},{"type":"AddCurve","points":[[10.007507820071169,11.84886271936341],[12.281571459597785,9.5747990798367937],[15.168397315311324,8.5240803968470118]]},{"type":"AddCurve","points":[[17.170931336444767,7.68804931640625],[20.17473236814493,7.68804931640625],[25.181067420978536,7.68804931640625]]},{"type":"CloseSubpath"},{"type":"MoveToPoint","points":[[25.181067420978536,7.68804931640625]]}],"windingRule":0,"lineJoinStyle":0,"miterLimit":10},"isBackgroundTexture":true,"textBaseline":0,"isVerticalText":false,"textureType":5},"initialState":{"affineTransform":[1,0,0,1,0,0],"masksToBounds":false,"rotation":0,"scale":1,"position":{"pointX":87.447708129882812,"pointY":39.235557556152344},"width":178,"sublayerTransform":[1,0,0,0,0,1,0,0,0,0,1,0,0,0,0,1],"contentsRect":{"y":0,"x":0,"width":1,"height":1},"opacity":1,"edgeAntialiasingMask":0,"height":81,"hidden":true,"anchorPoint":{"pointX":0.50038464149732265,"pointY":0.49905687496985918}},"texture":"7FE40940697F9C468BF5DEAFF288626B"}]},{"animations":[{"additive":false,"timeOffset":0,"beginTime":0,"repeatCount":0,"fillMode":"both","duration":1,"autoreverses":false,"animations":[{"repeatCount":0,"removedOnCompletion":true,"from":{"scalar":0.017000000000000001},"timingFunction":"EaseInEaseOut","additive":false,"timeOffset":0,"autoreverses":false,"property":"zPosition","fillMode":"both","duration":1,"beginTime":0,"to":{"scalar":0.017000000000000001}}],"removedOnCompletion":false}],"initialState":{"affineTransform":[1,0,0,1,0,0],"masksToBounds":false,"rotation":0,"scale":1,"position":{"pointX":858.61659240722656,"pointY":334.42360687255859},"width":174.89541625976562,"sublayerTransform":[1,0,0,0,0,1,0,0,0,0,1,0,0,0,0,1],"contentsRect":{"y":0,"x":0,"width":1,"height":1},"opacity":1,"edgeAntialiasingMask":251658240,"height":78.471115112304688,"hidden":false,"anchorPoint":{"pointX":0.5,"pointY":0.5}},"layers":[{"animations":[{"additive":false,"timeOffset":0,"beginTime":0,"repeatCount":0,"fillMode":"both","duration":1,"autoreverses":false,"animations":[{"repeatCount":0,"removedOnCompletion":true,"from":{"scalar":0},"timingFunction":"EaseInEaseOut","additive":false,"timeOffset":0,"autoreverses":false,"property":"opacity","fillMode":"both","duration":0.33329999999999999,"beginTime":0.66670000000000007,"to":{"scalar":1}},{"additive":false,"timeOffset":0,"beginTime":0.66670000000000007,"from":{"scalar":false},"repeatCount":0,"fillMode":"forwards","duration":0.33329999999999993,"autoreverses":false,"property":"hidden","to":{"scalar":false},"removedOnCompletion":true}],"removedOnCompletion":false}],"layers":[],"texturedRectangle":{"singleTextureOpacity":1,"textXHeight":0,"shapePath":{"lineWidth":1,"flatness":0.59999999999999998,"lineCapStyle":0,"elements":[{"type":"MoveToPoint","points":[[24.729193641681718,7.68804931640625]]},{"type":"AddLine","points":[[152.50399117277152,7.68804931640625]]},{"type":"AddCurve","points":[[157.51032622560501,7.68804931640625],[160.51412725730529,7.68804931640625],[162.51666127843873,8.5240803968470118]]},{"type":"AddCurve","points":[[165.40348713415221,9.5747990798367937],[167.67755077367883,11.84886271936341],[168.72826945666861,14.735688575076949]]},{"type":"AddCurve","points":[[169.56430053710938,16.738222596210392],[169.56430053710938,19.742023627910555],[169.56430053710938,24.748358680744161]]},{"type":"AddLine","points":[[169.56430053710938,56.098855064373026]]},{"type":"AddCurve","points":[[169.56430053710938,61.105190117206632],[169.56430053710938,64.108991148906796],[168.72826945666861,66.111525170040238]]},{"type":"AddCurve","points":[[167.67755077367883,68.998351025753777],[165.40348713415221,71.272414665280394],[162.51666127843873,72.323133348270176]]},{"type":"AddCurve","points":[[160.51412725730529,73.159164428710938],[157.51032622560501,73.159164428710938],[152.50399117277152,73.159164428710938]]},{"type":"AddLine","points":[[24.729193641681718,73.159164428710938]]},{"type":"AddCurve","points":[[19.722858588848112,73.159164428710938],[16.719057557147949,73.159164428710938],[14.716523536014506,72.323133348270176]]},{"type":"AddCurve","points":[[11.82969768030091,71.272414665280394],[9.5556340407742937,68.998351025753777],[8.5049153577845118,66.111525170040238]]},{"type":"AddCurve","points":[[7.66888427734375,64.108991148906796],[7.66888427734375,61.105190117206632],[7.66888427734375,56.098855064373026]]},{"type":"AddLine","points":[[7.66888427734375,24.748358680744161]]},{"type":"AddCurve","points":[[7.66888427734375,19.742023627910555],[7.66888427734375,16.738222596210392],[8.5049153577845118,14.735688575076949]]},{"type":"AddCurve","points":[[9.5556340407742937,11.84886271936341],[11.82969768030091,9.5747990798367937],[14.716523536014506,8.5240803968470118]]},{"type":"AddCurve","points":[[16.719057557147949,7.68804931640625],[19.722858588848112,7.68804931640625],[24.729193641681718,7.68804931640625]]},{"type":"CloseSubpath"},{"type":"MoveToPoint","points":[[24.729193641681718,7.68804931640625]]}],"windingRule":0,"lineJoinStyle":0,"miterLimit":10},"isBackgroundTexture":true,"textBaseline":0,"isVerticalText":false,"textureType":5},"initialState":{"affineTransform":[1,0,0,1,0,0],"masksToBounds":false,"rotation":0,"scale":1,"position":{"pointX":87.447708129882812,"pointY":39.235557556152344},"width":178,"sublayerTransform":[1,0,0,0,0,1,0,0,0,0,1,0,0,0,0,1],"contentsRect":{"y":0,"x":0,"width":1,"height":1},"opacity":1,"edgeAntialiasingMask":0,"height":81,"hidden":true,"anchorPoint":{"pointX":0.4978460247596998,"pointY":0.49905687496985918}},"texture":"18F177632C89E29E8F32A1E1126EC027"}]},{"animations":[{"additive":false,"timeOffset":0,"beginTime":0,"repeatCount":0,"fillMode":"both","duration":1,"autoreverses":false,"animations":[{"repeatCount":0,"removedOnCompletion":true,"from":{"scalar":0.018000000000000002},"timingFunction":"EaseInEaseOut","additive":false,"timeOffset":0,"autoreverses":false,"property":"zPosition","fillMode":"both","duration":1,"beginTime":0,"to":{"scalar":0.018000000000000002}}],"removedOnCompletion":false}],"initialState":{"affineTransform":[1,0,0,1,0,0],"masksToBounds":false,"rotation":0,"scale":1,"position":{"pointX":511.73333740234375,"pointY":744.76794403791428},"width":26.791998575208709,"sublayerTransform":[1,0,0,0,0,1,0,0,0,0,1,0,0,0,0,1],"contentsRect":{"y":0,"x":0,"width":1,"height":1},"opacity":1,"edgeAntialiasingMask":251658240,"height":25.535888075828552,"hidden":false,"anchorPoint":{"pointX":0.5,"pointY":0.5}},"layers":[{"animations":[{"additive":false,"timeOffset":0,"beginTime":0,"repeatCount":0,"fillMode":"both","duration":1,"autoreverses":false,"animations":[{"repeatCount":0,"removedOnCompletion":true,"from":{"scalar":1},"timingFunction":"EaseInEaseOut","additive":false,"timeOffset":0,"autoreverses":false,"property":"transform.scale.x","fillMode":"both","duration":1,"beginTime":0,"to":{"scalar":0.8571428571428571}},{"repeatCount":0,"removedOnCompletion":true,"from":{"scalar":1},"timingFunction":"EaseInEaseOut","additive":false,"timeOffset":0,"autoreverses":false,"property":"transform.scale.y","fillMode":"both","duration":1,"beginTime":0,"to":{"scalar":1}},{"repeatCount":0,"removedOnCompletion":true,"from":{"texture":"D0AC5E858B08044B36CEA0BFCE8BEE80"},"timingFunction":"EaseInEaseOut","additive":false,"timeOffset":0,"autoreverses":false,"property":"contents","fillMode":"both","duration":1,"beginTime":0,"to":{"texture":"492C72977A00CF43B6D8FF222591DABD"}},{"repeatCount":0,"removedOnCompletion":true,"from":{"pointX":0,"pointY":0},"timingFunction":"EaseInEaseOut","additive":false,"timeOffset":0,"autoreverses":false,"property":"transform.translation","fillMode":"both","duration":1,"beginTime":0,"to":{"pointX":-1.5333340163913363,"pointY":0}}],"removedOnCompletion":false}],"layers":[],"texturedRectangle":{"singleTextureOpacity":1,"textXHeight":0.55786666666666673,"textBaseline":0.87519531250000004,"isBackgroundTexture":true,"isVerticalText":false,"textColor":[0,0,0,1],"textureType":6},"initialState":{"affineTransform":[1,0,0,1,0,0],"masksToBounds":false,"rotation":0,"scale":1,"position":{"pointX":13.396000000000015,"pointY":12.7679443359375},"width":21,"sublayerTransform":[1,0,0,0,0,1,0,0,0,0,1,0,0,0,0,1],"contentsRect":{"y":0,"x":0,"width":1,"height":1},"opacity":1,"edgeAntialiasingMask":0,"height":15,"hidden":false,"anchorPoint":{"pointX":0.51111133879711479,"pointY":0.51786295572916663}},"texture":"D0AC5E858B08044B36CEA0BFCE8BEE80"}]}]},"effects":[],"duration":1,"type":"transition","attributes":{"direction":0},"name":"apple:magic-move-implied-motion-path","objectID":"0"}],"automaticPlay":false,"hyperlinks":[],"accessibility":[{"text":"￼","targetRectangle":{"y":736,"x":502.8373381147394,"width":17.79200000000003,"height":17.535888671875}},{"text":"no blocked cells","targetRectangle":{"y":264.99777221679688,"x":123.65615174520084,"width":179.41988950276235,"height":31.668502807617188}},{"text":"截屏2020-10-27 01.06.11.png","targetRectangle":{"y":368.59219360351562,"x":76.48089599609375,"width":871.0382080078125,"height":338.82037353515625}},{"text":"30% randomly blocked cells","targetRectangle":{"y":264.99777221679688,"x":405.08986668033492,"width":312.92817679558016,"height":31.668502807617188}},{"text":"Small Maps — 20 x 20 grids","targetRectangle":{"y":92.185897827148438,"x":52.114917127071863,"width":919.77016574585627,"height":91.0452880859375}}],"baseLayer":{"animations":[],"initialState":{"affineTransform":[1,0,0,1,0,0],"masksToBounds":false,"rotation":0,"scale":1,"position":{"pointX":512,"pointY":384},"width":1024,"sublayerTransform":[1,0,0,0,0,1,0,0,0,0,1,0,0,0,0,1],"contentsRect":{"y":0,"x":0,"width":1,"height":1},"opacity":1,"edgeAntialiasingMask":251658240,"height":768,"hidden":false,"anchorPoint":{"pointX":0.5,"pointY":0.5}},"objectID":"0","layers":[{"animations":[],"initialState":{"affineTransform":[1,0,0,1,0,0],"masksToBounds":false,"rotation":0,"scale":1,"position":{"pointX":512,"pointY":384},"width":1024,"sublayerTransform":[1,0,0,0,0,1,0,0,0,0,1,-0.00049229876906403734,0,0,0,1],"contentsRect":{"y":0,"x":0,"width":1,"height":1},"opacity":1,"edgeAntialiasingMask":251658240,"height":768,"hidden":false,"anchorPoint":{"pointX":0.5,"pointY":0.5}},"layers":[{"animations":[],"initialState":{"affineTransform":[1,0,0,1,0,0],"masksToBounds":false,"rotation":0,"scale":1,"position":{"pointX":512,"pointY":384},"width":1024,"sublayerTransform":[1,0,0,0,0,1,0,0,0,0,1,0,0,0,0,1],"contentsRect":{"y":0,"x":0,"width":1,"height":1},"opacity":1,"edgeAntialiasingMask":251658240,"height":768,"hidden":false,"anchorPoint":{"pointX":0.5,"pointY":0.5}},"layers":[{"animations":[],"layers":[],"texturedRectangle":{"isBackgroundTexture":true,"singleTextureOpacity":1,"textureType":1,"textBaseline":0,"textXHeight":0,"isVerticalText":false},"initialState":{"affineTransform":[1,0,0,1,0,0],"masksToBounds":false,"rotation":0,"scale":1,"position":{"pointX":512,"pointY":384},"width":1024,"sublayerTransform":[1,0,0,0,0,1,0,0,0,0,1,0,0,0,0,1],"contentsRect":{"y":0,"x":0,"width":1,"height":1},"opacity":1,"edgeAntialiasingMask":0,"height":768,"hidden":false,"anchorPoint":{"pointX":0.5,"pointY":0.5}},"texture":"498E23C82CA78A4BCD7BA88E5243B6FC"}]}]},{"animations":[],"initialState":{"affineTransform":[1,0,0,1,0,0],"masksToBounds":false,"rotation":0,"scale":1,"position":{"pointX":512,"pointY":538.00238037109375},"width":871.0382080078125,"sublayerTransform":[1,0,0,0,0,1,0,0,0,0,1,0,0,0,0,1],"contentsRect":{"y":0,"x":0,"width":1,"height":1},"opacity":1,"edgeAntialiasingMask":251658240,"height":338.82037353515625,"hidden":false,"anchorPoint":{"pointX":0.5,"pointY":0.5}},"layers":[{"animations":[],"layers":[],"texturedRectangle":{"isBackgroundTexture":true,"singleTextureOpacity":1,"textureType":5,"textBaseline":0,"textXHeight":0,"isVerticalText":false},"initialState":{"affineTransform":[1,0,0,1,0,0],"masksToBounds":false,"rotation":0,"scale":1,"position":{"pointX":435.51910400390625,"pointY":169.41018676757812},"width":874,"sublayerTransform":[1,0,0,0,0,1,0,0,0,0,1,0,0,0,0,1],"contentsRect":{"y":0,"x":0,"width":1,"height":1},"opacity":1,"edgeAntialiasingMask":0,"height":342,"hidden":false,"anchorPoint":{"pointX":0.5,"pointY":0.50000696014939694}},"texture":"71CF92DA98E560B67A121F1C48F21E46"}]},{"animations":[],"initialState":{"affineTransform":[1,0,0,1,0,0],"masksToBounds":false,"rotation":0,"scale":1,"position":{"pointX":512,"pointY":138.28050231933594},"width":932.4232177734375,"sublayerTransform":[1,0,0,0,0,1,0,0,0,0,1,0,0,0,0,1],"contentsRect":{"y":0,"x":0,"width":1,"height":1},"opacity":1,"edgeAntialiasingMask":251658240,"height":176.189208984375,"hidden":false,"anchorPoint":{"pointX":0.5,"pointY":0.5}},"layers":[{"animations":[],"layers":[],"texturedRectangle":{"singleTextureOpacity":1,"textXHeight":0.48159116022099446,"textBaseline":0.70486307779947921,"isBackgroundTexture":true,"isVerticalText":false,"textColor":[0,0,0,1],"textureType":6},"initialState":{"affineTransform":[1,0,0,1,0,0],"masksToBounds":false,"rotation":0,"scale":1,"position":{"pointX":466.21160888671875,"pointY":88.0946044921875},"width":916,"sublayerTransform":[1,0,0,0,0,1,0,0,0,0,1,0,0,0,0,1],"contentsRect":{"y":0,"x":0,"width":1,"height":1},"opacity":1,"edgeAntialiasingMask":0,"height":75,"hidden":false,"anchorPoint":{"pointX":0.49890829694323147,"pointY":0.37707336425781252}},"texture":"00F8A8C611DF709EAA83DBFE10D3DDCE"}]},{"animations":[],"initialState":{"affineTransform":[1,0,0,1,0,0],"masksToBounds":false,"rotation":0,"scale":1,"position":{"pointX":512,"pointY":384.00457763671875},"width":932.4375,"sublayerTransform":[1,0,0,0,0,1,0,0,0,0,1,0,0,0,0,1],"contentsRect":{"y":0,"x":0,"width":1,"height":1},"opacity":1,"edgeAntialiasingMask":251658240,"height":271.0091552734375,"hidden":false,"anchorPoint":{"pointX":0.5,"pointY":0.5}},"layers":[{"animations":[],"layers":[],"texturedRectangle":{"isBackgroundTexture":true,"singleTextureOpacity":1,"textureType":5,"textBaseline":0,"textXHeight":0,"isVerticalText":false},"initialState":{"affineTransform":[1,0,0,1,0,0],"masksToBounds":false,"rotation":0,"scale":1,"position":{"pointX":466.21160888671875,"pointY":135.50457763671875},"width":936,"sublayerTransform":[1,0,0,0,0,1,0,0,0,0,1,0,0,0,0,1],"contentsRect":{"y":0,"x":0,"width":1,"height":1},"opacity":1,"edgeAntialiasingMask":0,"height":274,"hidden":true,"anchorPoint":{"pointX":0.49999237060546875,"pointY":0.50001670670335308}},"texture":"3F6DA8407267FC6B9F151C6A82DE061C"}]},{"animations":[],"initialState":{"affineTransform":[1,0,0,1,0,0],"masksToBounds":false,"rotation":0,"scale":1,"position":{"pointX":177.51375961303711,"pointY":197.10453224182129},"width":244.22392272949224,"sublayerTransform":[1,0,0,0,0,1,0,0,0,0,1,0,0,0,0,1],"contentsRect":{"y":0,"x":0,"width":1,"height":1},"opacity":1,"edgeAntialiasingMask":251658240,"height":53.556232452392578,"hidden":false,"anchorPoint":{"pointX":0.5,"pointY":0.5}},"layers":[{"animations":[],"layers":[],"texturedRectangle":{"singleTextureOpacity":1,"textXHeight":0,"shapePath":{"lineWidth":1,"flatness":0.59999999999999998,"lineCapStyle":0,"elements":[{"type":"MoveToPoint","points":[[4.401798248290973,4.326416015625]]},{"type":"AddLine","points":[[242.6257209777832,4.326416015625]]},{"type":"AddLine","points":[[242.6257209777832,51.882648468017578]]},{"type":"AddLine","points":[[4.401798248290973,51.882648468017578]]},{"type":"CloseSubpath"},{"type":"MoveToPoint","points":[[4.401798248290973,4.326416015625]]}],"windingRule":0,"lineJoinStyle":0,"miterLimit":10},"isBackgroundTexture":true,"textBaseline":0,"isVerticalText":false,"textureType":5},"initialState":{"affineTransform":[1,0,0,1,0,0],"masksToBounds":false,"rotation":0,"scale":1,"position":{"pointX":122.11196136474614,"pointY":26.778116226196289},"width":247,"sublayerTransform":[1,0,0,0,0,1,0,0,0,0,1,0,0,0,0,1],"contentsRect":{"y":0,"x":0,"width":1,"height":1},"opacity":1,"edgeAntialiasingMask":0,"height":56,"hidden":true,"anchorPoint":{"pointX":0.50005570693537293,"pointY":0.50186664717538021}},"texture":"49CA2E9587DF043611C3C3F4D94810A0"}]},{"animations":[],"initialState":{"affineTransform":[1,0,0,1,0,0],"masksToBounds":false,"rotation":0,"scale":1,"position":{"pointX":177.51375961303711,"pointY":197.10453224182129},"width":244.22392272949224,"sublayerTransform":[1,0,0,0,0,1,0,0,0,0,1,0,0,0,0,1],"contentsRect":{"y":0,"x":0,"width":1,"height":1},"opacity":1,"edgeAntialiasingMask":251658240,"height":53.556232452392578,"hidden":false,"anchorPoint":{"pointX":0.5,"pointY":0.5}},"layers":[{"animations":[],"layers":[],"texturedRectangle":{"singleTextureOpacity":1,"textXHeight":0.44790844514601419,"textBaseline":0.67582975115094868,"isBackgroundTexture":true,"isVerticalText":false,"textColor":[0.99999994039535522,0.39067721366882324,0.3055555522441864,1],"textureType":6},"initialState":{"affineTransform":[1,0,0,1,0,0],"masksToBounds":false,"rotation":0,"scale":1,"position":{"pointX":122.11196136474614,"pointY":26.778116226196289},"width":166,"sublayerTransform":[1,0,0,0,0,1,0,0,0,0,1,0,0,0,0,1],"contentsRect":{"y":0,"x":0,"width":1,"height":1},"opacity":1,"edgeAntialiasingMask":0,"height":28,"hidden":true,"anchorPoint":{"pointX":0.49707084104239224,"pointY":0.39659043720790316}},"texture":"841682CEB307CC912BF6AECD9C97C205"}]},{"animations":[],"initialState":{"affineTransform":[1,0,0,1,0,0],"masksToBounds":false,"rotation":0,"scale":1,"position":{"pointX":215.66381232131789,"pointY":343.87868272422372},"width":89.222186410213908,"sublayerTransform":[1,0,0,0,0,1,0,0,0,0,1,0,0,0,0,1],"contentsRect":{"y":0,"x":0,"width":1,"height":1},"opacity":1,"edgeAntialiasingMask":251658240,"height":34.427242597910549,"hidden":false,"anchorPoint":{"pointX":0.5,"pointY":0.5}},"layers":[{"animations":[],"layers":[],"texturedRectangle":{"singleTextureOpacity":1,"textXHeight":0,"shapePath":{"lineWidth":1,"flatness":0.59999999999999998,"lineCapStyle":0,"elements":[{"type":"MoveToPoint","points":[[33.019185517987182,-19.306644767905027]]},{"type":"AddLine","points":[[55.097025545446598,48.076695600369533]]}],"windingRule":0,"lineJoinStyle":0,"miterLimit":10},"isBackgroundTexture":true,"textBaseline":0,"isVerticalText":false,"textureType":5},"initialState":{"affineTransform":[0.31135890983304743,0.95029239146042643,-0.95029239146042643,0.31135890983304743,0,0],"masksToBounds":false,"rotation":1.2541736374275942,"scale":1,"position":{"pointX":44.611091613769524,"pointY":17.620705176294052},"width":92,"sublayerTransform":[1,0,0,0,0,1,0,0,0,0,1,0,0,0,0,1],"contentsRect":{"y":0,"x":0,"width":1,"height":1},"opacity":1,"edgeAntialiasingMask":0,"height":38,"hidden":false,"anchorPoint":{"pointX":0.49634576880413556,"pointY":0.50752017372532898}},"texture":"116D34A4C79176D8D6E198C7287239AB"}]},{"animations":[],"initialState":{"affineTransform":[1,0,0,1,0,0],"masksToBounds":false,"rotation":0,"scale":1,"position":{"pointX":543.83245474870819,"pointY":343.73051988242685},"width":91.128471509135125,"sublayerTransform":[1,0,0,0,0,1,0,0,0,0,1,0,0,0,0,1],"contentsRect":{"y":0,"x":0,"width":1,"height":1},"opacity":1,"edgeAntialiasingMask":251658240,"height":34.427242597910549,"hidden":false,"anchorPoint":{"pointX":0.5,"pointY":0.5}},"layers":[{"animations":[],"layers":[],"texturedRectangle":{"singleTextureOpacity":1,"textXHeight":0,"shapePath":{"lineWidth":1,"flatness":0.59999999999999998,"lineCapStyle":0,"elements":[{"type":"MoveToPoint","points":[[61.88769125463557,-19.604176529601034]]},{"type":"AddLine","points":[[35.513179890054175,48.265598850898414]]}],"windingRule":0,"lineJoinStyle":0,"miterLimit":10},"isBackgroundTexture":true,"textBaseline":0,"isVerticalText":false,"textureType":5},"initialState":{"affineTransform":[-0.36221612942723186,0.93209413450721534,-0.93209413450721534,-0.36221612942723186,0,0],"masksToBounds":false,"rotation":1.9414407062422392,"scale":1,"position":{"pointX":45.564235687255859,"pointY":17.620705176294052},"width":94,"sublayerTransform":[1,0,0,0,0,1,0,0,0,0,1,0,0,0,0,1],"contentsRect":{"y":0,"x":0,"width":1,"height":1},"opacity":1,"edgeAntialiasingMask":0,"height":37,"hidden":false,"anchorPoint":{"pointX":0.49821760299357964,"pointY":0.51723253404771963}},"texture":"C9BBD29396D853B379DA775BEB1EF00B"}]},{"animations":[],"initialState":{"affineTransform":[1,0,0,1,0,0],"masksToBounds":false,"rotation":0,"scale":1,"position":{"pointX":213.36609649658203,"pointY":281.77588844299316},"width":244.22392272949224,"sublayerTransform":[1,0,0,0,0,1,0,0,0,0,1,0,0,0,0,1],"contentsRect":{"y":0,"x":0,"width":1,"height":1},"opacity":1,"edgeAntialiasingMask":251658240,"height":53.556232452392578,"hidden":false,"anchorPoint":{"pointX":0.5,"pointY":0.5}},"layers":[{"animations":[],"layers":[],"texturedRectangle":{"singleTextureOpacity":1,"textXHeight":0,"shapePath":{"lineWidth":1,"flatness":0.59999999999999998,"lineCapStyle":0,"elements":[{"type":"MoveToPoint","points":[[4.2541351318358949,4.997772216796875]]},{"type":"AddLine","points":[[242.47805786132812,4.997772216796875]]},{"type":"AddLine","points":[[242.47805786132812,52.554004669189453]]},{"type":"AddLine","points":[[4.2541351318358949,52.554004669189453]]},{"type":"CloseSubpath"},{"type":"MoveToPoint","points":[[4.2541351318358949,4.997772216796875]]}],"windingRule":0,"lineJoinStyle":0,"miterLimit":10},"isBackgroundTexture":true,"textBaseline":0,"isVerticalText":false,"textureType":5},"initialState":{"affineTransform":[1,0,0,1,0,0],"masksToBounds":false,"rotation":0,"scale":1,"position":{"pointX":122.11196136474614,"pointY":26.778116226196289},"width":247,"sublayerTransform":[1,0,0,0,0,1,0,0,0,0,1,0,0,0,0,1],"contentsRect":{"y":0,"x":0,"width":1,"height":1},"opacity":1,"edgeAntialiasingMask":0,"height":57,"hidden":false,"anchorPoint":{"pointX":0.4994578805529637,"pointY":0.50484014812268707}},"texture":"D4542754D744C8B7F4C70AED85D34D37"}]},{"animations":[],"initialState":{"affineTransform":[1,0,0,1,0,0],"masksToBounds":false,"rotation":0,"scale":1,"position":{"pointX":213.36609649658203,"pointY":281.77588844299316},"width":244.22392272949224,"sublayerTransform":[1,0,0,0,0,1,0,0,0,0,1,0,0,0,0,1],"contentsRect":{"y":0,"x":0,"width":1,"height":1},"opacity":1,"edgeAntialiasingMask":251658240,"height":53.556232452392578,"hidden":false,"anchorPoint":{"pointX":0.5,"pointY":0.5}},"layers":[{"animations":[],"layers":[],"texturedRectangle":{"singleTextureOpacity":1,"textXHeight":0.54527984626471293,"textBaseline":0.89541692319123645,"isBackgroundTexture":true,"isVerticalText":false,"textColor":[0,0,0,1],"textureType":6},"initialState":{"affineTransform":[1,0,0,1,0,0],"masksToBounds":false,"rotation":0,"scale":1,"position":{"pointX":122.11196136474614,"pointY":26.778116226196289},"width":181,"sublayerTransform":[1,0,0,0,0,1,0,0,0,0,1,0,0,0,0,1],"contentsRect":{"y":0,"x":0,"width":1,"height":1},"opacity":1,"edgeAntialiasingMask":0,"height":23,"hidden":false,"anchorPoint":{"pointX":0.49373533976012174,"pointY":0.55547341056492017}},"texture":"EBFB8707A4C7BF643CB9C6BF072A1F14"}]},{"animations":[],"initialState":{"affineTransform":[1,0,0,1,0,0],"masksToBounds":false,"rotation":0,"scale":1,"position":{"pointX":561.55395507812489,"pointY":281.77588844299316},"width":348.57946777343767,"sublayerTransform":[1,0,0,0,0,1,0,0,0,0,1,0,0,0,0,1],"contentsRect":{"y":0,"x":0,"width":1,"height":1},"opacity":1,"edgeAntialiasingMask":251658240,"height":53.556232452392578,"hidden":false,"anchorPoint":{"pointX":0.5,"pointY":0.5}},"layers":[{"animations":[],"layers":[],"texturedRectangle":{"singleTextureOpacity":1,"textXHeight":0,"shapePath":{"lineWidth":1,"flatness":0.59999999999999998,"lineCapStyle":0,"elements":[{"type":"MoveToPoint","points":[[4.2642211914060795,4.997772216796875]]},{"type":"AddLine","points":[[346.84368896484375,4.997772216796875]]},{"type":"AddLine","points":[[346.84368896484375,52.554004669189453]]},{"type":"AddLine","points":[[4.2642211914060795,52.554004669189453]]},{"type":"CloseSubpath"},{"type":"MoveToPoint","points":[[4.2642211914060795,4.997772216796875]]}],"windingRule":0,"lineJoinStyle":0,"miterLimit":10},"isBackgroundTexture":true,"textBaseline":0,"isVerticalText":false,"textureType":5},"initialState":{"affineTransform":[1,0,0,1,0,0],"masksToBounds":false,"rotation":0,"scale":1,"position":{"pointX":174.28973388671892,"pointY":26.778116226196289},"width":351,"sublayerTransform":[1,0,0,0,0,1,0,0,0,0,1,0,0,0,0,1],"contentsRect":{"y":0,"x":0,"width":1,"height":1},"opacity":1,"edgeAntialiasingMask":0,"height":57,"hidden":false,"anchorPoint":{"pointX":0.50015371817129628,"pointY":0.50484014812268707}},"texture":"4D2418C56525E937E6578CEF20EF787F"}]},{"animations":[],"initialState":{"affineTransform":[1,0,0,1,0,0],"masksToBounds":false,"rotation":0,"scale":1,"position":{"pointX":561.55395507812489,"pointY":281.77588844299316},"width":348.57946777343767,"sublayerTransform":[1,0,0,0,0,1,0,0,0,0,1,0,0,0,0,1],"contentsRect":{"y":0,"x":0,"width":1,"height":1},"opacity":1,"edgeAntialiasingMask":251658240,"height":53.556232452392578,"hidden":false,"anchorPoint":{"pointX":0.5,"pointY":0.5}},"layers":[{"animations":[],"layers":[],"texturedRectangle":{"singleTextureOpacity":1,"textXHeight":0.43246332634787576,"textBaseline":0.74464100804822198,"isBackgroundTexture":true,"isVerticalText":false,"textColor":[0,0,0,1],"textureType":6},"initialState":{"affineTransform":[1,0,0,1,0,0],"masksToBounds":false,"rotation":0,"scale":1,"position":{"pointX":174.28973388671892,"pointY":26.778116226196289},"width":313,"sublayerTransform":[1,0,0,0,0,1,0,0,0,0,1,0,0,0,0,1],"contentsRect":{"y":0,"x":0,"width":1,"height":1},"opacity":1,"edgeAntialiasingMask":0,"height":29,"hidden":false,"anchorPoint":{"pointX":0.49697749226238019,"pointY":0.4750306359652815}},"texture":"27E72EC1BBAF0AEBFCDAF6616720324C"}]},{"animations":[],"initialState":{"affineTransform":[1,0,0,1,0,0],"masksToBounds":false,"rotation":0,"scale":1,"position":{"pointX":707.26062011718739,"pointY":197.10453224182129},"width":522.67517089843773,"sublayerTransform":[1,0,0,0,0,1,0,0,0,0,1,0,0,0,0,1],"contentsRect":{"y":0,"x":0,"width":1,"height":1},"opacity":1,"edgeAntialiasingMask":251658240,"height":53.556232452392578,"hidden":false,"anchorPoint":{"pointX":0.5,"pointY":0.5}},"layers":[{"animations":[],"layers":[],"texturedRectangle":{"singleTextureOpacity":1,"textXHeight":0,"shapePath":{"lineWidth":1,"flatness":0.59999999999999998,"lineCapStyle":0,"elements":[{"type":"MoveToPoint","points":[[4.9230346679685226,4.326416015625]]},{"type":"AddLine","points":[[521.59820556640625,4.326416015625]]},{"type":"AddLine","points":[[521.59820556640625,51.882648468017578]]},{"type":"AddLine","points":[[4.9230346679685226,51.882648468017578]]},{"type":"CloseSubpath"},{"type":"MoveToPoint","points":[[4.9230346679685226,4.326416015625]]}],"windingRule":0,"lineJoinStyle":0,"miterLimit":10},"isBackgroundTexture":true,"textBaseline":0,"isVerticalText":false,"textureType":5},"initialState":{"affineTransform":[1,0,0,1,0,0],"masksToBounds":false,"rotation":0,"scale":1,"position":{"pointX":261.33758544921898,"pointY":26.778116226196289},"width":526,"sublayerTransform":[1,0,0,0,0,1,0,0,0,0,1,0,0,0,0,1],"contentsRect":{"y":0,"x":0,"width":1,"height":1},"opacity":1,"edgeAntialiasingMask":0,"height":56,"hidden":true,"anchorPoint":{"pointX":0.50049547550796103,"pointY":0.50186664717538021}},"texture":"D1DFF62678F00C94CD1383607CBAE507"}]},{"animations":[],"initialState":{"affineTransform":[1,0,0,1,0,0],"masksToBounds":false,"rotation":0,"scale":1,"position":{"pointX":707.26062011718739,"pointY":197.10453224182129},"width":522.67517089843773,"sublayerTransform":[1,0,0,0,0,1,0,0,0,0,1,0,0,0,0,1],"contentsRect":{"y":0,"x":0,"width":1,"height":1},"opacity":1,"edgeAntialiasingMask":251658240,"height":53.556232452392578,"hidden":false,"anchorPoint":{"pointX":0.5,"pointY":0.5}},"layers":[{"animations":[],"layers":[],"texturedRectangle":{"singleTextureOpacity":1,"textXHeight":0.43246332634787576,"textBaseline":0.68700803559401935,"isBackgroundTexture":true,"isVerticalText":false,"textColor":[0.99999994039535522,0.39067721366882324,0.3055555522441864,1],"textureType":6},"initialState":{"affineTransform":[1,0,0,1,0,0],"masksToBounds":false,"rotation":0,"scale":1,"position":{"pointX":261.33758544921898,"pointY":26.778116226196289},"width":441,"sublayerTransform":[1,0,0,0,0,1,0,0,0,0,1,0,0,0,0,1],"contentsRect":{"y":0,"x":0,"width":1,"height":1},"opacity":1,"edgeAntialiasingMask":0,"height":29,"hidden":true,"anchorPoint":{"pointX":0.49945718847434806,"pointY":0.41739766351107893}},"texture":"C1DCFA1322C59767424CF7CCC8953ABC"}]},{"animations":[],"initialState":{"affineTransform":[1,0,0,1,0,0],"masksToBounds":false,"rotation":0,"scale":1,"position":{"pointX":261.95783233642578,"pointY":506.32778930664062},"width":228.94398498535156,"sublayerTransform":[1,0,0,0,0,1,0,0,0,0,1,0,0,0,0,1],"contentsRect":{"y":0,"x":0,"width":1,"height":1},"opacity":1,"edgeAntialiasingMask":251658240,"height":119.4388427734375,"hidden":false,"anchorPoint":{"pointX":0.5,"pointY":0.5}},"layers":[{"animations":[],"layers":[],"texturedRectangle":{"singleTextureOpacity":1,"textXHeight":0,"shapePath":{"lineWidth":1,"flatness":0.59999999999999998,"lineCapStyle":0,"elements":[{"type":"MoveToPoint","points":[[30.230614362983715,8.108367919921875]]},{"type":"AddLine","points":[[201.68505030986785,8.108367919921875]]},{"type":"AddCurve","points":[[208.21276279384023,8.108367919921875],[212.12939028422363,8.108367919921875],[214.74047527781261,9.1984608647984487]]},{"type":"AddCurve","points":[[218.50457995289412,10.568482925190381],[221.46970982383306,13.533612796129319],[222.83973188422499,17.297717471210831]]},{"type":"AddCurve","points":[[223.92982482910156,19.908802464799749],[223.92982482910156,23.82542995518321],[223.92982482910156,30.35314243915559]]},{"type":"AddLine","points":[[223.92982482910156,92.30243617412566]]},{"type":"AddCurve","points":[[223.92982482910156,98.830148658098096],[223.92982482910156,102.74677614848144],[222.83973188422499,105.35786114207042]]},{"type":"AddCurve","points":[[221.46970982383306,109.12196581715193],[218.50457995289412,112.08709568809081],[214.74047527781261,113.4571177484828]]},{"type":"AddCurve","points":[[212.12939028422363,114.54721069335938],[208.21276279384023,114.54721069335938],[201.68505030986785,114.54721069335938]]},{"type":"AddLine","points":[[30.230614362983715,114.54721069335938]]},{"type":"AddCurve","points":[[23.702901879011335,114.54721069335938],[19.786274388627902,114.54721069335938],[17.175189395038956,113.4571177484828]]},{"type":"AddCurve","points":[[13.411084719957415,112.08709568809081],[10.445954849018506,109.12196581715193],[9.0759327886265737,105.35786114207042]]},{"type":"AddCurve","points":[[7.98583984375,102.74677614848144],[7.98583984375,98.830148658098096],[7.98583984375,92.30243617412566]]},{"type":"AddLine","points":[[7.98583984375,30.35314243915559]]},{"type":"AddCurve","points":[[7.98583984375,23.82542995518321],[7.98583984375,19.908802464799749],[9.0759327886265737,17.297717471210831]]},{"type":"AddCurve","points":[[10.445954849018506,13.533612796129319],[13.411084719957415,10.568482925190381],[17.175189395038956,9.1984608647984487]]},{"type":"AddCurve","points":[[19.786274388627902,8.108367919921875],[23.702901879011335,8.108367919921875],[30.230614362983715,8.108367919921875]]},{"type":"CloseSubpath"},{"type":"MoveToPoint","points":[[30.230614362983715,8.108367919921875]]}],"windingRule":0,"lineJoinStyle":0,"miterLimit":10},"isBackgroundTexture":true,"textBaseline":0,"isVerticalText":false,"textureType":5},"initialState":{"affineTransform":[1,0,0,1,0,0],"masksToBounds":false,"rotation":0,"scale":1,"position":{"pointX":114.47199249267578,"pointY":59.71942138671875},"width":232,"sublayerTransform":[1,0,0,0,0,1,0,0,0,0,1,0,0,0,0,1],"contentsRect":{"y":0,"x":0,"width":1,"height":1},"opacity":1,"edgeAntialiasingMask":0,"height":123,"hidden":false,"anchorPoint":{"pointX":0.49981824282942144,"pointY":0.49859991306211893}},"texture":"252E57AB2557500425A7BCF9DB6CB171"}]},{"animations":[],"initialState":{"affineTransform":[1,0,0,1,0,0],"masksToBounds":false,"rotation":0,"scale":1,"position":{"pointX":533.88840484619141,"pointY":506.32778930664062},"width":228.94398498535156,"sublayerTransform":[1,0,0,0,0,1,0,0,0,0,1,0,0,0,0,1],"contentsRect":{"y":0,"x":0,"width":1,"height":1},"opacity":1,"edgeAntialiasingMask":251658240,"height":119.4388427734375,"hidden":false,"anchorPoint":{"pointX":0.5,"pointY":0.5}},"layers":[{"animations":[],"layers":[],"texturedRectangle":{"singleTextureOpacity":1,"textXHeight":0,"shapePath":{"lineWidth":1,"flatness":0.59999999999999998,"lineCapStyle":0,"elements":[{"type":"MoveToPoint","points":[[30.16118687274934,8.108367919921875]]},{"type":"AddLine","points":[[201.61562281963347,8.108367919921875]]},{"type":"AddCurve","points":[[208.14333530360591,8.108367919921875],[212.05996279398926,8.108367919921875],[214.67104778757823,9.1984608647984487]]},{"type":"AddCurve","points":[[218.43515246265974,10.568482925190381],[221.40028233359862,13.533612796129319],[222.77030439399061,17.297717471210831]]},{"type":"AddCurve","points":[[223.86039733886719,19.908802464799749],[223.86039733886719,23.82542995518321],[223.86039733886719,30.35314243915559]]},{"type":"AddLine","points":[[223.86039733886719,92.30243617412566]]},{"type":"AddCurve","points":[[223.86039733886719,98.830148658098096],[223.86039733886719,102.74677614848144],[222.77030439399061,105.35786114207042]]},{"type":"AddCurve","points":[[221.40028233359862,109.12196581715193],[218.43515246265974,112.08709568809081],[214.67104778757823,113.4571177484828]]},{"type":"AddCurve","points":[[212.05996279398926,114.54721069335938],[208.14333530360591,114.54721069335938],[201.61562281963347,114.54721069335938]]},{"type":"AddLine","points":[[30.16118687274934,114.54721069335938]]},{"type":"AddCurve","points":[[23.63347438877696,114.54721069335938],[19.716846898393499,114.54721069335938],[17.105761904804581,113.4571177484828]]},{"type":"AddCurve","points":[[13.341657229723069,112.08709568809081],[10.376527358784131,109.12196581715193],[9.0065052983921987,105.35786114207042]]},{"type":"AddCurve","points":[[7.916412353515625,102.74677614848144],[7.916412353515625,98.830148658098096],[7.916412353515625,92.30243617412566]]},{"type":"AddLine","points":[[7.916412353515625,30.35314243915559]]},{"type":"AddCurve","points":[[7.916412353515625,23.82542995518321],[7.916412353515625,19.908802464799749],[9.0065052983921987,17.297717471210831]]},{"type":"AddCurve","points":[[10.376527358784131,13.533612796129319],[13.341657229723069,10.568482925190381],[17.105761904804581,9.1984608647984487]]},{"type":"AddCurve","points":[[19.716846898393499,8.108367919921875],[23.63347438877696,8.108367919921875],[30.16118687274934,8.108367919921875]]},{"type":"CloseSubpath"},{"type":"MoveToPoint","points":[[30.16118687274934,8.108367919921875]]}],"windingRule":0,"lineJoinStyle":0,"miterLimit":10},"isBackgroundTexture":true,"textBaseline":0,"isVerticalText":false,"textureType":5},"initialState":{"affineTransform":[1,0,0,1,0,0],"masksToBounds":false,"rotation":0,"scale":1,"position":{"pointX":114.47199249267578,"pointY":59.71942138671875},"width":232,"sublayerTransform":[1,0,0,0,0,1,0,0,0,0,1,0,0,0,0,1],"contentsRect":{"y":0,"x":0,"width":1,"height":1},"opacity":1,"edgeAntialiasingMask":0,"height":123,"hidden":false,"anchorPoint":{"pointX":0.49951898640599746,"pointY":0.49859991306211893}},"texture":"8C1D5FE196AED55C4E96DEBC85D0ECFB"}]},{"animations":[],"initialState":{"affineTransform":[1,0,0,1,0,0],"masksToBounds":false,"rotation":0,"scale":1,"position":{"pointX":383.06846618652344,"pointY":334.42360687255859},"width":174.89541625976562,"sublayerTransform":[1,0,0,0,0,1,0,0,0,0,1,0,0,0,0,1],"contentsRect":{"y":0,"x":0,"width":1,"height":1},"opacity":1,"edgeAntialiasingMask":251658240,"height":78.471115112304688,"hidden":false,"anchorPoint":{"pointX":0.5,"pointY":0.5}},"layers":[{"animations":[],"layers":[],"texturedRectangle":{"singleTextureOpacity":1,"textXHeight":0,"shapePath":{"lineWidth":1,"flatness":0.59999999999999998,"lineCapStyle":0,"elements":[{"type":"MoveToPoint","points":[[25.181067420978536,7.68804931640625]]},{"type":"AddLine","points":[[152.95586495206834,7.68804931640625]]},{"type":"AddCurve","points":[[157.96220000490194,7.68804931640625],[160.96600103660211,7.68804931640625],[162.96853505773555,8.5240803968470118]]},{"type":"AddCurve","points":[[165.85536091344909,9.5747990798367937],[168.12942455297571,11.84886271936341],[169.18014323596549,14.735688575076949]]},{"type":"AddCurve","points":[[170.01617431640625,16.738222596210392],[170.01617431640625,19.742023627910555],[170.01617431640625,24.748358680744161]]},{"type":"AddLine","points":[[170.01617431640625,56.098855064373026]]},{"type":"AddCurve","points":[[170.01617431640625,61.105190117206632],[170.01617431640625,64.108991148906796],[169.18014323596549,66.111525170040238]]},{"type":"AddCurve","points":[[168.12942455297571,68.998351025753777],[165.85536091344909,71.272414665280394],[162.96853505773555,72.323133348270176]]},{"type":"AddCurve","points":[[160.96600103660211,73.159164428710938],[157.96220000490194,73.159164428710938],[152.95586495206834,73.159164428710938]]},{"type":"AddLine","points":[[25.181067420978536,73.159164428710938]]},{"type":"AddCurve","points":[[20.17473236814493,73.159164428710938],[17.170931336444767,73.159164428710938],[15.168397315311324,72.323133348270176]]},{"type":"AddCurve","points":[[12.281571459597785,71.272414665280394],[10.007507820071169,68.998351025753777],[8.9567891370813868,66.111525170040238]]},{"type":"AddCurve","points":[[8.120758056640625,64.108991148906796],[8.120758056640625,61.105190117206632],[8.120758056640625,56.098855064373026]]},{"type":"AddLine","points":[[8.120758056640625,24.748358680744161]]},{"type":"AddCurve","points":[[8.120758056640625,19.742023627910555],[8.120758056640625,16.738222596210392],[8.9567891370813868,14.735688575076949]]},{"type":"AddCurve","points":[[10.007507820071169,11.84886271936341],[12.281571459597785,9.5747990798367937],[15.168397315311324,8.5240803968470118]]},{"type":"AddCurve","points":[[17.170931336444767,7.68804931640625],[20.17473236814493,7.68804931640625],[25.181067420978536,7.68804931640625]]},{"type":"CloseSubpath"},{"type":"MoveToPoint","points":[[25.181067420978536,7.68804931640625]]}],"windingRule":0,"lineJoinStyle":0,"miterLimit":10},"isBackgroundTexture":true,"textBaseline":0,"isVerticalText":false,"textureType":5},"initialState":{"affineTransform":[1,0,0,1,0,0],"masksToBounds":false,"rotation":0,"scale":1,"position":{"pointX":87.447708129882812,"pointY":39.235557556152344},"width":178,"sublayerTransform":[1,0,0,0,0,1,0,0,0,0,1,0,0,0,0,1],"contentsRect":{"y":0,"x":0,"width":1,"height":1},"opacity":1,"edgeAntialiasingMask":0,"height":81,"hidden":true,"anchorPoint":{"pointX":0.50038464149732265,"pointY":0.49905687496985918}},"texture":"7FE40940697F9C468BF5DEAFF288626B"}]},{"animations":[],"initialState":{"affineTransform":[1,0,0,1,0,0],"masksToBounds":false,"rotation":0,"scale":1,"position":{"pointX":858.61659240722656,"pointY":334.42360687255859},"width":174.89541625976562,"sublayerTransform":[1,0,0,0,0,1,0,0,0,0,1,0,0,0,0,1],"contentsRect":{"y":0,"x":0,"width":1,"height":1},"opacity":1,"edgeAntialiasingMask":251658240,"height":78.471115112304688,"hidden":false,"anchorPoint":{"pointX":0.5,"pointY":0.5}},"layers":[{"animations":[],"layers":[],"texturedRectangle":{"singleTextureOpacity":1,"textXHeight":0,"shapePath":{"lineWidth":1,"flatness":0.59999999999999998,"lineCapStyle":0,"elements":[{"type":"MoveToPoint","points":[[24.729193641681718,7.68804931640625]]},{"type":"AddLine","points":[[152.50399117277152,7.68804931640625]]},{"type":"AddCurve","points":[[157.51032622560501,7.68804931640625],[160.51412725730529,7.68804931640625],[162.51666127843873,8.5240803968470118]]},{"type":"AddCurve","points":[[165.40348713415221,9.5747990798367937],[167.67755077367883,11.84886271936341],[168.72826945666861,14.735688575076949]]},{"type":"AddCurve","points":[[169.56430053710938,16.738222596210392],[169.56430053710938,19.742023627910555],[169.56430053710938,24.748358680744161]]},{"type":"AddLine","points":[[169.56430053710938,56.098855064373026]]},{"type":"AddCurve","points":[[169.56430053710938,61.105190117206632],[169.56430053710938,64.108991148906796],[168.72826945666861,66.111525170040238]]},{"type":"AddCurve","points":[[167.67755077367883,68.998351025753777],[165.40348713415221,71.272414665280394],[162.51666127843873,72.323133348270176]]},{"type":"AddCurve","points":[[160.51412725730529,73.159164428710938],[157.51032622560501,73.159164428710938],[152.50399117277152,73.159164428710938]]},{"type":"AddLine","points":[[24.729193641681718,73.159164428710938]]},{"type":"AddCurve","points":[[19.722858588848112,73.159164428710938],[16.719057557147949,73.159164428710938],[14.716523536014506,72.323133348270176]]},{"type":"AddCurve","points":[[11.82969768030091,71.272414665280394],[9.5556340407742937,68.998351025753777],[8.5049153577845118,66.111525170040238]]},{"type":"AddCurve","points":[[7.66888427734375,64.108991148906796],[7.66888427734375,61.105190117206632],[7.66888427734375,56.098855064373026]]},{"type":"AddLine","points":[[7.66888427734375,24.748358680744161]]},{"type":"AddCurve","points":[[7.66888427734375,19.742023627910555],[7.66888427734375,16.738222596210392],[8.5049153577845118,14.735688575076949]]},{"type":"AddCurve","points":[[9.5556340407742937,11.84886271936341],[11.82969768030091,9.5747990798367937],[14.716523536014506,8.5240803968470118]]},{"type":"AddCurve","points":[[16.719057557147949,7.68804931640625],[19.722858588848112,7.68804931640625],[24.729193641681718,7.68804931640625]]},{"type":"CloseSubpath"},{"type":"MoveToPoint","points":[[24.729193641681718,7.68804931640625]]}],"windingRule":0,"lineJoinStyle":0,"miterLimit":10},"isBackgroundTexture":true,"textBaseline":0,"isVerticalText":false,"textureType":5},"initialState":{"affineTransform":[1,0,0,1,0,0],"masksToBounds":false,"rotation":0,"scale":1,"position":{"pointX":87.447708129882812,"pointY":39.235557556152344},"width":178,"sublayerTransform":[1,0,0,0,0,1,0,0,0,0,1,0,0,0,0,1],"contentsRect":{"y":0,"x":0,"width":1,"height":1},"opacity":1,"edgeAntialiasingMask":0,"height":81,"hidden":true,"anchorPoint":{"pointX":0.4978460247596998,"pointY":0.49905687496985918}},"texture":"18F177632C89E29E8F32A1E1126EC027"}]},{"animations":[],"initialState":{"affineTransform":[1,0,0,1,0,0],"masksToBounds":false,"rotation":0,"scale":1,"position":{"pointX":511.73333740234375,"pointY":744.76794403791428},"width":26.791998575208709,"sublayerTransform":[1,0,0,0,0,1,0,0,0,0,1,0,0,0,0,1],"contentsRect":{"y":0,"x":0,"width":1,"height":1},"opacity":1,"edgeAntialiasingMask":251658240,"height":25.535888075828552,"hidden":false,"anchorPoint":{"pointX":0.5,"pointY":0.5}},"layers":[{"animations":[],"layers":[],"texturedRectangle":{"singleTextureOpacity":1,"textXHeight":0.55786666666666673,"textBaseline":0.87519531250000004,"isBackgroundTexture":true,"isVerticalText":false,"textColor":[0,0,0,1],"textureType":6},"initialState":{"affineTransform":[1,0,0,1,0,0],"masksToBounds":false,"rotation":0,"scale":1,"position":{"pointX":13.396000000000015,"pointY":12.7679443359375},"width":21,"sublayerTransform":[1,0,0,0,0,1,0,0,0,0,1,0,0,0,0,1],"contentsRect":{"y":0,"x":0,"width":1,"height":1},"opacity":1,"edgeAntialiasingMask":0,"height":15,"hidden":false,"anchorPoint":{"pointX":0.51111133879711479,"pointY":0.51786295572916663}},"texture":"D0AC5E858B08044B36CEA0BFCE8BEE80"}]}]}}]}