{"assets":{"FB31BE6041C0F8A8E0CD468318FFF709":{"type":"texture","index":5,"assetRequest":{"type":"slide","state":"contents","slide":"none"},"url":{"native":"assets\/9E6372B4-9A2A-44F8-B7FE-75206770050A.pdf"},"width":562,"height":35},"C3A0E66B6887454837F156E20BFCE9A9":{"type":"texture","index":9,"assetRequest":{"type":"slide","state":"contents","slide":"none"},"url":{"native":"assets\/9E6372B4-9A2A-44F8-B7FE-75206770050A.pdf"},"width":21,"height":15},"ED1F7AC26902FB2512DC7346C5158CBC":{"type":"texture","index":7,"assetRequest":{"type":"slide","state":"contents","slide":"none"},"url":{"native":"assets\/9E6372B4-9A2A-44F8-B7FE-75206770050A.pdf"},"width":542,"height":309},"A2897C2E2800A265E571C5CCB099E863":{"type":"texture","index":1,"assetRequest":{"type":"slide","state":"contents","slide":"none"},"url":{"native":"assets\/9E6372B4-9A2A-44F8-B7FE-75206770050A.pdf"},"width":716,"height":407},"30B8D5A2A525384B3079F2922CCD8DD6":{"type":"texture","index":6,"assetRequest":{"type":"slide","state":"contents","slide":"none"},"url":{"native":"assets\/9E6372B4-9A2A-44F8-B7FE-75206770050A.pdf"},"width":414,"height":80},"91FAD4B54E4E577C0BF6EC661D037475":{"type":"texture","index":3,"assetRequest":{"type":"slide","state":"contents","slide":"none"},"url":{"native":"assets\/9E6372B4-9A2A-44F8-B7FE-75206770050A.pdf"},"width":311,"height":67},"C7EA6B22BCA5117552E4AB08D8BED8F4":{"type":"texture","index":2,"assetRequest":{"type":"slide","state":"contents","slide":"none"},"url":{"native":"assets\/9E6372B4-9A2A-44F8-B7FE-75206770050A.pdf"},"width":669,"height":138},"D5091346EA199985F4561EDFC1A6D610":{"type":"texture","index":4,"assetRequest":{"type":"slide","state":"contents","slide":"none"},"url":{"native":"assets\/9E6372B4-9A2A-44F8-B7FE-75206770050A.pdf"},"width":21,"height":15},"498E23C82CA78A4BCD7BA88E5243B6FC":{"type":"texture","index":0,"assetRequest":{"type":"slide","state":"contents","slide":"none"},"url":{"native":"assets\/9E6372B4-9A2A-44F8-B7FE-75206770050A.pdf"},"width":1024,"height":768},"327E678A381A862B344222FDAB69612A":{"type":"texture","index":8,"assetRequest":{"type":"slide","state":"contents","slide":"none"},"url":{"native":"assets\/9E6372B4-9A2A-44F8-B7FE-75206770050A.pdf"},"width":239,"height":68}},"events":[{"effects":[{"beginTime":0,"baseLayer":{"animations":[],"initialState":{"affineTransform":[1,0,0,1,0,0],"masksToBounds":false,"rotation":0,"scale":1,"position":{"pointX":721.24426269528908,"pointY":449.58502197265625},"width":311,"sublayerTransform":[1,0,0,0,0,1,0,0,0,0,1,0,0,0,0,1],"contentsRect":{"y":0,"x":0,"width":1,"height":1},"opacity":1,"edgeAntialiasingMask":251658240,"height":67,"hidden":false,"anchorPoint":{"pointX":0.5,"pointY":0.5}},"objectID":"E716BBA5-4139-4BF1-B802-19AB361968BB","layers":[{"animations":[],"initialState":{"affineTransform":[1,0,0,1,0,0],"masksToBounds":false,"rotation":0,"scale":1,"position":{"pointX":-53.744262695289081,"pointY":-32.08502197265625},"width":311,"sublayerTransform":[1,0,0,0,0,1,0,0,0,0,1,-0.00049229876906403734,0,0,0,1],"contentsRect":{"y":0,"x":0,"width":1,"height":1},"opacity":1,"edgeAntialiasingMask":251658240,"height":67,"hidden":false,"anchorPoint":{"pointX":-0.17281113406845364,"pointY":-0.47888092496501866}},"layers":[{"animations":[{"additive":false,"timeOffset":0,"beginTime":1e-100,"repeatCount":0,"fillMode":"both","duration":1.5,"autoreverses":false,"animations":[{"repeatCount":0,"removedOnCompletion":true,"from":{"scalar":0},"timingFunction":"EaseInEaseOut","additive":false,"timeOffset":0,"autoreverses":false,"property":"opacity","fillMode":"both","duration":1.5,"beginTime":0,"to":{"scalar":1}},{"additive":false,"timeOffset":0,"beginTime":0,"from":{"scalar":false},"repeatCount":0,"fillMode":"forwards","duration":1.5,"autoreverses":false,"property":"hidden","to":{"scalar":false},"removedOnCompletion":true}],"removedOnCompletion":false}],"layers":[],"texturedRectangle":{"singleTextureOpacity":1,"textXHeight":0,"shapePath":{"lineWidth":1,"flatness":0.59999999999999998,"lineCapStyle":0,"elements":[{"type":"MoveToPoint","points":[[35.368027700204834,7.58502197265625]]},{"type":"AddLine","points":[[275.94288538573255,7.58502197265625]]},{"type":"AddCurve","points":[[283.8674127303675,7.58502197265625],[288.62212913714836,7.58502197265625],[291.79194007500223,8.875697074997106]]},{"type":"AddCurve","points":[[296.43198982879562,10.564537070892072],[300.08713529238912,14.219682534485628],[301.77597528828414,18.859732288278963]]},{"type":"AddCurve","points":[[302.98004276559823,21.610136323338281],[303.066650390625,26.853741931295758],[303.066650390625,33.314722061157227]]},{"type":"AddCurve","points":[[303.066650390625,39.775702191018695],[302.98004276559823,45.019307798976172],[301.77597528828414,47.76971183403549]]},{"type":"AddCurve","points":[[300.08713529238912,52.409761587828825],[296.43198982879562,56.064907051422381],[291.79194007500223,57.753747047317347]]},{"type":"AddCurve","points":[[288.62212913714836,59.044422149658203],[283.8674127303675,59.044422149658203],[275.94288538573255,59.044422149658203]]},{"type":"AddLine","points":[[35.368027700204834,59.044422149658203]]},{"type":"AddCurve","points":[[27.443500355569995,59.044422149658203],[22.688783948789137,59.044422149658203],[19.518973010935156,57.753747047317347]]},{"type":"AddCurve","points":[[14.878923257141878,56.064907051422381],[11.223777793548265,52.409761587828825],[9.534937797653356,47.76971183403549]]},{"type":"AddCurve","points":[[8.3308703203392724,45.019307798976172],[8.2442626953125,39.775702191018695],[8.2442626953125,33.314722061157227]]},{"type":"AddCurve","points":[[8.2442626953125,26.853741931295758],[8.3308703203392724,21.610136323338281],[9.534937797653356,18.859732288278963]]},{"type":"AddCurve","points":[[11.223777793548265,14.219682534485628],[14.878923257141878,10.564537070892072],[19.518973010935156,8.875697074997106]]},{"type":"AddCurve","points":[[22.688783948789137,7.58502197265625],[27.443500355569995,7.58502197265625],[35.368027700204834,7.58502197265625]]},{"type":"CloseSubpath"},{"type":"MoveToPoint","points":[[35.368027700204834,7.58502197265625]]}],"windingRule":0,"lineJoinStyle":0,"miterLimit":10},"isBackgroundTexture":true,"textBaseline":0,"isVerticalText":false,"textureType":5},"initialState":{"affineTransform":[1,0,0,1,0,0],"masksToBounds":false,"rotation":0,"scale":1,"position":{"pointX":153.75573730471092,"pointY":32.41497802734375},"width":311,"sublayerTransform":[1,0,0,0,0,1,0,0,0,0,1,0,0,0,0,1],"contentsRect":{"y":0,"x":0,"width":1,"height":1},"opacity":1,"edgeAntialiasingMask":0,"height":67,"hidden":true,"anchorPoint":{"pointX":0.5,"pointY":0.5}},"texture":"91FAD4B54E4E577C0BF6EC661D037475"}]}]},"effects":[],"duration":1.5,"type":"buildIn","attributes":{"KNBuildCustomAttributesScaleAmount":70,"sfx-action-acceleration":3,"KNBuildCustomAttributesShine":true,"direction":0},"name":"com.apple.iWork.Keynote.FromDarkness","objectID":"E716BBA5-4139-4BF1-B802-19AB361968BB"}],"automaticPlay":false,"hyperlinks":[],"accessibility":[{"text":"￼","targetRectangle":{"y":736,"x":502.8373381147394,"width":17.79200000000003,"height":17.535888671875}},{"text":"pasted-image.png","targetRectangle":{"y":272.04525756835938,"x":155.53921508789062,"width":712.92156982421875,"height":404.34359741210938}},{"text":"Large Maps ","targetRectangle":{"y":37.439411163330078,"x":303.69060773480663,"width":447.20441988950262,"height":122.18784661003156}},{"text":"— 192 x 192 grids with 51% blocked cells","targetRectangle":{"y":159.62725777336163,"x":416.24475805798943,"width":557.96685082872932,"height":44.320442419157189}}],"baseLayer":{"animations":[],"initialState":{"affineTransform":[1,0,0,1,0,0],"masksToBounds":false,"rotation":0,"scale":1,"position":{"pointX":512,"pointY":384},"width":1024,"sublayerTransform":[1,0,0,0,0,1,0,0,0,0,1,0,0,0,0,1],"contentsRect":{"y":0,"x":0,"width":1,"height":1},"opacity":1,"edgeAntialiasingMask":251658240,"height":768,"hidden":false,"anchorPoint":{"pointX":0.5,"pointY":0.5}},"layers":[{"animations":[],"initialState":{"affineTransform":[1,0,0,1,0,0],"masksToBounds":false,"rotation":0,"scale":1,"position":{"pointX":512,"pointY":384},"width":1024,"sublayerTransform":[1,0,0,0,0,1,0,0,0,0,1,0,0,0,0,1],"contentsRect":{"y":0,"x":0,"width":1,"height":1},"opacity":1,"edgeAntialiasingMask":251658240,"height":768,"hidden":false,"anchorPoint":{"pointX":0.5,"pointY":0.5}},"layers":[{"animations":[],"initialState":{"affineTransform":[1,0,0,1,0,0],"masksToBounds":false,"rotation":0,"scale":1,"position":{"pointX":512,"pointY":384},"width":1024,"sublayerTransform":[1,0,0,0,0,1,0,0,0,0,1,0,0,0,0,1],"contentsRect":{"y":0,"x":0,"width":1,"height":1},"opacity":1,"edgeAntialiasingMask":251658240,"height":768,"hidden":false,"anchorPoint":{"pointX":0.5,"pointY":0.5}},"layers":[{"animations":[],"layers":[],"texturedRectangle":{"isBackgroundTexture":true,"singleTextureOpacity":1,"textureType":1,"textBaseline":0,"textXHeight":0,"isVerticalText":false},"initialState":{"affineTransform":[1,0,0,1,0,0],"masksToBounds":false,"rotation":0,"scale":1,"position":{"pointX":512,"pointY":384},"width":1024,"sublayerTransform":[1,0,0,0,0,1,0,0,0,0,1,0,0,0,0,1],"contentsRect":{"y":0,"x":0,"width":1,"height":1},"opacity":1,"edgeAntialiasingMask":0,"height":768,"hidden":false,"anchorPoint":{"pointX":0.5,"pointY":0.5}},"texture":"498E23C82CA78A4BCD7BA88E5243B6FC"}]}]},{"animations":[],"initialState":{"affineTransform":[1,0,0,1,0,0],"masksToBounds":false,"rotation":0,"scale":1,"position":{"pointX":512,"pointY":384},"width":1024,"sublayerTransform":[1,0,0,0,0,1,0,0,0,0,1,0,0,0,0,1],"contentsRect":{"y":0,"x":0,"width":1,"height":1},"opacity":1,"edgeAntialiasingMask":251658240,"height":768,"hidden":false,"anchorPoint":{"pointX":0.5,"pointY":0.5}},"layers":[{"animations":[],"initialState":{"affineTransform":[1,0,0,1,0,0],"masksToBounds":false,"rotation":0,"scale":1,"position":{"pointX":513.53921508789062,"pointY":475.54525756835938},"width":716,"sublayerTransform":[1,0,0,0,0,1,0,0,0,0,1,0,0,0,0,1],"contentsRect":{"y":0,"x":0,"width":1,"height":1},"opacity":1,"edgeAntialiasingMask":251658240,"height":407,"hidden":false,"anchorPoint":{"pointX":0.5,"pointY":0.5}},"layers":[{"animations":[],"layers":[],"texturedRectangle":{"isBackgroundTexture":true,"singleTextureOpacity":1,"textureType":5,"textBaseline":0,"textXHeight":0,"isVerticalText":false},"initialState":{"affineTransform":[1,0,0,1,0,0],"masksToBounds":false,"rotation":0,"scale":1,"position":{"pointX":356.46078491210938,"pointY":202.45474243164062},"width":716,"sublayerTransform":[1,0,0,0,0,1,0,0,0,0,1,0,0,0,0,1],"contentsRect":{"y":0,"x":0,"width":1,"height":1},"opacity":1,"edgeAntialiasingMask":0,"height":407,"hidden":false,"anchorPoint":{"pointX":0.5,"pointY":0.5}},"texture":"A2897C2E2800A265E571C5CCB099E863"}]}]},{"animations":[],"initialState":{"affineTransform":[1,0,0,1,0,0],"masksToBounds":false,"rotation":0,"scale":1,"position":{"pointX":512,"pointY":384},"width":1024,"sublayerTransform":[1,0,0,0,0,1,0,0,0,0,1,0,0,0,0,1],"contentsRect":{"y":0,"x":0,"width":1,"height":1},"opacity":1,"edgeAntialiasingMask":251658240,"height":768,"hidden":false,"anchorPoint":{"pointX":0.5,"pointY":0.5}},"layers":[{"animations":[],"initialState":{"affineTransform":[1,0,0,1,0,0],"masksToBounds":false,"rotation":0,"scale":1,"position":{"pointX":380.28839111328125,"pointY":97.439411163330078},"width":669,"sublayerTransform":[1,0,0,0,0,1,0,0,0,0,1,0,0,0,0,1],"contentsRect":{"y":0,"x":0,"width":1,"height":1},"opacity":1,"edgeAntialiasingMask":251658240,"height":138,"hidden":false,"anchorPoint":{"pointX":0.5,"pointY":0.5}},"layers":[{"animations":[],"layers":[],"texturedRectangle":{"singleTextureOpacity":1,"textXHeight":0.2908159180078469,"textBaseline":0.92567708835712692,"isBackgroundTexture":true,"isVerticalText":false,"textColor":[0,0,0,1],"textureType":6},"initialState":{"affineTransform":[1,0,0,1,0,0],"masksToBounds":false,"rotation":0,"scale":1,"position":{"pointX":594.71160888671875,"pointY":100.56058883666992},"width":669,"sublayerTransform":[1,0,0,0,0,1,0,0,0,0,1,0,0,0,0,1],"contentsRect":{"y":0,"x":0,"width":1,"height":1},"opacity":1,"edgeAntialiasingMask":0,"height":138,"hidden":false,"anchorPoint":{"pointX":0.5,"pointY":0.5}},"texture":"C7EA6B22BCA5117552E4AB08D8BED8F4"}]}]},{"animations":[],"initialState":{"affineTransform":[1,0,0,1,0,0],"masksToBounds":false,"rotation":0,"scale":1,"position":{"pointX":512,"pointY":384},"width":1024,"sublayerTransform":[1,0,0,0,0,1,0,0,0,0,1,0,0,0,0,1],"contentsRect":{"y":0,"x":0,"width":1,"height":1},"opacity":1,"edgeAntialiasingMask":251658240,"height":768,"hidden":false,"anchorPoint":{"pointX":0.5,"pointY":0.5}},"layers":[{"animations":[],"initialState":{"affineTransform":[1,0,0,1,0,0],"masksToBounds":false,"rotation":0,"scale":1,"position":{"pointX":721.24426269528908,"pointY":449.58502197265625},"width":311,"sublayerTransform":[1,0,0,0,0,1,0,0,0,0,1,0,0,0,0,1],"contentsRect":{"y":0,"x":0,"width":1,"height":1},"opacity":1,"edgeAntialiasingMask":251658240,"height":67,"hidden":false,"anchorPoint":{"pointX":0.5,"pointY":0.5}},"objectID":"E716BBA5-4139-4BF1-B802-19AB361968BB","layers":[{"animations":[],"layers":[],"texturedRectangle":{"singleTextureOpacity":1,"textXHeight":0,"shapePath":{"lineWidth":1,"flatness":0.59999999999999998,"lineCapStyle":0,"elements":[{"type":"MoveToPoint","points":[[35.368027700204834,7.58502197265625]]},{"type":"AddLine","points":[[275.94288538573255,7.58502197265625]]},{"type":"AddCurve","points":[[283.8674127303675,7.58502197265625],[288.62212913714836,7.58502197265625],[291.79194007500223,8.875697074997106]]},{"type":"AddCurve","points":[[296.43198982879562,10.564537070892072],[300.08713529238912,14.219682534485628],[301.77597528828414,18.859732288278963]]},{"type":"AddCurve","points":[[302.98004276559823,21.610136323338281],[303.066650390625,26.853741931295758],[303.066650390625,33.314722061157227]]},{"type":"AddCurve","points":[[303.066650390625,39.775702191018695],[302.98004276559823,45.019307798976172],[301.77597528828414,47.76971183403549]]},{"type":"AddCurve","points":[[300.08713529238912,52.409761587828825],[296.43198982879562,56.064907051422381],[291.79194007500223,57.753747047317347]]},{"type":"AddCurve","points":[[288.62212913714836,59.044422149658203],[283.8674127303675,59.044422149658203],[275.94288538573255,59.044422149658203]]},{"type":"AddLine","points":[[35.368027700204834,59.044422149658203]]},{"type":"AddCurve","points":[[27.443500355569995,59.044422149658203],[22.688783948789137,59.044422149658203],[19.518973010935156,57.753747047317347]]},{"type":"AddCurve","points":[[14.878923257141878,56.064907051422381],[11.223777793548265,52.409761587828825],[9.534937797653356,47.76971183403549]]},{"type":"AddCurve","points":[[8.3308703203392724,45.019307798976172],[8.2442626953125,39.775702191018695],[8.2442626953125,33.314722061157227]]},{"type":"AddCurve","points":[[8.2442626953125,26.853741931295758],[8.3308703203392724,21.610136323338281],[9.534937797653356,18.859732288278963]]},{"type":"AddCurve","points":[[11.223777793548265,14.219682534485628],[14.878923257141878,10.564537070892072],[19.518973010935156,8.875697074997106]]},{"type":"AddCurve","points":[[22.688783948789137,7.58502197265625],[27.443500355569995,7.58502197265625],[35.368027700204834,7.58502197265625]]},{"type":"CloseSubpath"},{"type":"MoveToPoint","points":[[35.368027700204834,7.58502197265625]]}],"windingRule":0,"lineJoinStyle":0,"miterLimit":10},"isBackgroundTexture":true,"textBaseline":0,"isVerticalText":false,"textureType":5},"initialState":{"affineTransform":[1,0,0,1,0,0],"masksToBounds":false,"rotation":0,"scale":1,"position":{"pointX":153.75573730471092,"pointY":32.41497802734375},"width":311,"sublayerTransform":[1,0,0,0,0,1,0,0,0,0,1,0,0,0,0,1],"contentsRect":{"y":0,"x":0,"width":1,"height":1},"opacity":1,"edgeAntialiasingMask":0,"height":67,"hidden":true,"anchorPoint":{"pointX":0.5,"pointY":0.5}},"texture":"91FAD4B54E4E577C0BF6EC661D037475"}]}]},{"animations":[],"initialState":{"affineTransform":[1,0,0,1,0,0],"masksToBounds":false,"rotation":0,"scale":1,"position":{"pointX":512,"pointY":384},"width":1024,"sublayerTransform":[1,0,0,0,0,1,0,0,0,0,1,0,0,0,0,1],"contentsRect":{"y":0,"x":0,"width":1,"height":1},"opacity":1,"edgeAntialiasingMask":251658240,"height":768,"hidden":false,"anchorPoint":{"pointX":0.5,"pointY":0.5}},"layers":[{"animations":[],"initialState":{"affineTransform":[1,0,0,1,0,0],"masksToBounds":false,"rotation":0,"scale":1,"position":{"pointX":508.8373381147394,"pointY":739.5},"width":21,"sublayerTransform":[1,0,0,0,0,1,0,0,0,0,1,0,0,0,0,1],"contentsRect":{"y":0,"x":0,"width":1,"height":1},"opacity":1,"edgeAntialiasingMask":251658240,"height":15,"hidden":false,"anchorPoint":{"pointX":0.5,"pointY":0.5}},"layers":[{"animations":[],"layers":[],"texturedRectangle":{"singleTextureOpacity":1,"textXHeight":0.55786666666666673,"textBaseline":0.87519531250000004,"isBackgroundTexture":true,"isVerticalText":false,"textColor":[0,0,0,1],"textureType":6},"initialState":{"affineTransform":[1,0,0,1,0,0],"masksToBounds":false,"rotation":0,"scale":1,"position":{"pointX":13.162661885260604,"pointY":12.5},"width":21,"sublayerTransform":[1,0,0,0,0,1,0,0,0,0,1,0,0,0,0,1],"contentsRect":{"y":0,"x":0,"width":1,"height":1},"opacity":1,"edgeAntialiasingMask":0,"height":15,"hidden":false,"anchorPoint":{"pointX":0.5,"pointY":0.5}},"texture":"D5091346EA199985F4561EDFC1A6D610"}]}]}]}},{"effects":[{"beginTime":0,"baseLayer":{"animations":[],"initialState":{"affineTransform":[1,0,0,1,0,0],"masksToBounds":false,"rotation":0,"scale":1,"position":{"pointX":512,"pointY":384},"width":1024,"sublayerTransform":[1,0,0,0,0,1,0,0,0,0,1,0,0,0,0,1],"contentsRect":{"y":0,"x":0,"width":1,"height":1},"opacity":1,"edgeAntialiasingMask":251658240,"height":768,"hidden":false,"anchorPoint":{"pointX":0.5,"pointY":0.5}},"objectID":"0","layers":[{"animations":[],"initialState":{"affineTransform":[1,0,0,1,0,0],"masksToBounds":false,"rotation":0,"scale":1,"position":{"pointX":512,"pointY":384},"width":1024,"sublayerTransform":[1,0,0,0,0,1,0,0,0,0,1,-0.00049229876906403734,0,0,0,1],"contentsRect":{"y":0,"x":0,"width":1,"height":1},"opacity":1,"edgeAntialiasingMask":251658240,"height":768,"hidden":false,"anchorPoint":{"pointX":0.5,"pointY":0.5}},"layers":[{"animations":[{"additive":false,"timeOffset":0,"beginTime":0,"repeatCount":0,"fillMode":"both","duration":1,"autoreverses":false,"animations":[{"repeatCount":0,"removedOnCompletion":true,"from":{"scalar":0},"timingFunction":"EaseInEaseOut","additive":false,"timeOffset":0,"autoreverses":false,"property":"zPosition","fillMode":"both","duration":1,"beginTime":0,"to":{"scalar":0}}],"removedOnCompletion":false}],"initialState":{"affineTransform":[1,0,0,1,0,0],"masksToBounds":false,"rotation":0,"scale":1,"position":{"pointX":512,"pointY":384},"width":1024,"sublayerTransform":[1,0,0,0,0,1,0,0,0,0,1,0,0,0,0,1],"contentsRect":{"y":0,"x":0,"width":1,"height":1},"opacity":1,"edgeAntialiasingMask":251658240,"height":768,"hidden":false,"anchorPoint":{"pointX":0.5,"pointY":0.5}},"layers":[{"animations":[],"layers":[],"texturedRectangle":{"isBackgroundTexture":true,"singleTextureOpacity":1,"textureType":1,"textBaseline":0,"textXHeight":0,"isVerticalText":false},"initialState":{"affineTransform":[1,0,0,1,0,0],"masksToBounds":false,"rotation":0,"scale":1,"position":{"pointX":512,"pointY":384},"width":1024,"sublayerTransform":[1,0,0,0,0,1,0,0,0,0,1,0,0,0,0,1],"contentsRect":{"y":0,"x":0,"width":1,"height":1},"opacity":1,"edgeAntialiasingMask":0,"height":768,"hidden":false,"anchorPoint":{"pointX":0.5,"pointY":0.5}},"texture":"498E23C82CA78A4BCD7BA88E5243B6FC"}]}]},{"animations":[{"additive":false,"timeOffset":0,"beginTime":0,"repeatCount":0,"fillMode":"both","duration":1,"autoreverses":false,"animations":[{"repeatCount":0,"removedOnCompletion":true,"from":{"scalar":0.001},"timingFunction":"EaseInEaseOut","additive":false,"timeOffset":0,"autoreverses":false,"property":"zPosition","fillMode":"both","duration":1,"beginTime":0,"to":{"scalar":0.001}}],"removedOnCompletion":false}],"initialState":{"affineTransform":[1,0,0,1,0,0],"masksToBounds":false,"rotation":0,"scale":1,"position":{"pointX":512,"pointY":474.21705627441406},"width":712.92156982421875,"sublayerTransform":[1,0,0,0,0,1,0,0,0,0,1,0,0,0,0,1],"contentsRect":{"y":0,"x":0,"width":1,"height":1},"opacity":1,"edgeAntialiasingMask":251658240,"height":404.34359741210938,"hidden":false,"anchorPoint":{"pointX":0.5,"pointY":0.5}},"layers":[{"animations":[{"additive":false,"timeOffset":0,"beginTime":0,"repeatCount":0,"fillMode":"both","duration":1,"autoreverses":false,"animations":[{"repeatCount":0,"removedOnCompletion":true,"from":{"scalar":1},"timingFunction":"EaseInEaseOut","additive":false,"timeOffset":0,"autoreverses":false,"property":"transform.scale.x","fillMode":"both","duration":1,"beginTime":0,"to":{"scalar":0.75698324022346364}},{"repeatCount":0,"removedOnCompletion":true,"from":{"scalar":1},"timingFunction":"EaseInEaseOut","additive":false,"timeOffset":0,"autoreverses":false,"property":"transform.scale.y","fillMode":"both","duration":1,"beginTime":0,"to":{"scalar":0.75921375921375922}},{"repeatCount":0,"removedOnCompletion":true,"from":{"texture":"A2897C2E2800A265E571C5CCB099E863"},"timingFunction":"EaseInEaseOut","additive":false,"timeOffset":0,"autoreverses":false,"property":"contents","fillMode":"both","duration":0.66669999999999996,"beginTime":0.33330000000000004,"to":{"texture":"ED1F7AC26902FB2512DC7346C5158CBC"}},{"repeatCount":0,"removedOnCompletion":true,"from":{"pointX":0,"pointY":0},"timingFunction":"EaseInEaseOut","additive":false,"timeOffset":0,"autoreverses":false,"property":"transform.translation","fillMode":"both","duration":1,"beginTime":0,"to":{"pointX":0,"pointY":96.068128956037867}}],"removedOnCompletion":false}],"layers":[],"texturedRectangle":{"isBackgroundTexture":true,"singleTextureOpacity":1,"textureType":5,"textBaseline":0,"textXHeight":0,"isVerticalText":false},"initialState":{"affineTransform":[1,0,0,1,0,0],"masksToBounds":false,"rotation":0,"scale":1,"position":{"pointX":356.46078491210938,"pointY":202.17179870605469},"width":716,"sublayerTransform":[1,0,0,0,0,1,0,0,0,0,1,0,0,0,0,1],"contentsRect":{"y":0,"x":0,"width":1,"height":1},"opacity":1,"edgeAntialiasingMask":0,"height":407,"hidden":false,"anchorPoint":{"pointX":0.5,"pointY":0.49930480657104193}},"texture":"A2897C2E2800A265E571C5CCB099E863"}]},{"animations":[{"additive":false,"timeOffset":0,"beginTime":0,"repeatCount":0,"fillMode":"both","duration":1,"autoreverses":false,"animations":[{"repeatCount":0,"removedOnCompletion":true,"from":{"scalar":0.002},"timingFunction":"EaseInEaseOut","additive":false,"timeOffset":0,"autoreverses":false,"property":"zPosition","fillMode":"both","duration":1,"beginTime":0,"to":{"scalar":0.002}}],"removedOnCompletion":false}],"initialState":{"affineTransform":[1,0,0,1,0,0],"masksToBounds":false,"rotation":0,"scale":1,"position":{"pointX":512,"pointY":116.53401565551758},"width":932.4232177734375,"sublayerTransform":[1,0,0,0,0,1,0,0,0,0,1,0,0,0,0,1],"contentsRect":{"y":0,"x":0,"width":1,"height":1},"opacity":1,"edgeAntialiasingMask":251658240,"height":176.189208984375,"hidden":false,"anchorPoint":{"pointX":0.5,"pointY":0.5}},"layers":[{"animations":[{"additive":false,"timeOffset":0,"beginTime":0,"repeatCount":0,"fillMode":"both","duration":1,"autoreverses":false,"animations":[{"repeatCount":0,"removedOnCompletion":true,"from":{"texture":"FB31BE6041C0F8A8E0CD468318FFF709"},"timingFunction":"EaseInEaseOut","additive":false,"timeOffset":0,"autoreverses":false,"property":"contents","fillMode":"both","duration":1,"beginTime":0,"to":{"texture":"FB31BE6041C0F8A8E0CD468318FFF709"}}],"removedOnCompletion":false}],"layers":[],"texturedRectangle":{"singleTextureOpacity":1,"textXHeight":0.42999210734017362,"textBaseline":0.70695537695095745,"isBackgroundTexture":true,"isVerticalText":false,"textColor":[0,0,0,1],"textureType":6},"initialState":{"affineTransform":[1,0,0,1,0,0],"masksToBounds":false,"rotation":0,"scale":1,"position":{"pointX":466.21160888671875,"pointY":88.0946044921875},"width":562,"sublayerTransform":[1,0,0,0,0,1,0,0,0,0,1,0,0,0,0,1],"contentsRect":{"y":0,"x":0,"width":1,"height":1},"opacity":1,"edgeAntialiasingMask":0,"height":35,"hidden":false,"anchorPoint":{"pointX":0.17615658362989323,"pointY":-1.3275995526994977}},"texture":"FB31BE6041C0F8A8E0CD468318FFF709"}]},{"animations":[{"additive":false,"timeOffset":0,"beginTime":0,"repeatCount":0,"fillMode":"both","duration":1,"autoreverses":false,"animations":[{"repeatCount":0,"removedOnCompletion":true,"from":{"scalar":0.0030000000000000001},"timingFunction":"EaseInEaseOut","additive":false,"timeOffset":0,"autoreverses":false,"property":"zPosition","fillMode":"both","duration":1,"beginTime":0,"to":{"scalar":0.0030000000000000001}}],"removedOnCompletion":false}],"initialState":{"affineTransform":[1,0,0,1,0,0],"masksToBounds":false,"rotation":0,"scale":1,"position":{"pointX":512,"pointY":116.53401565551758},"width":932.4232177734375,"sublayerTransform":[1,0,0,0,0,1,0,0,0,0,1,0,0,0,0,1],"contentsRect":{"y":0,"x":0,"width":1,"height":1},"opacity":1,"edgeAntialiasingMask":251658240,"height":176.189208984375,"hidden":false,"anchorPoint":{"pointX":0.5,"pointY":0.5}},"layers":[{"animations":[{"additive":false,"timeOffset":0,"beginTime":0,"repeatCount":0,"fillMode":"both","duration":1,"autoreverses":false,"animations":[{"repeatCount":0,"removedOnCompletion":true,"from":{"texture":"30B8D5A2A525384B3079F2922CCD8DD6"},"timingFunction":"EaseInEaseOut","additive":false,"timeOffset":0,"autoreverses":false,"property":"contents","fillMode":"both","duration":1,"beginTime":0,"to":{"texture":"30B8D5A2A525384B3079F2922CCD8DD6"}}],"removedOnCompletion":false}],"layers":[],"texturedRectangle":{"singleTextureOpacity":1,"textXHeight":0.50165745856353594,"textBaseline":0.69686532020568848,"isBackgroundTexture":true,"isVerticalText":false,"textColor":[0,0,0,1],"textureType":6},"initialState":{"affineTransform":[1,0,0,1,0,0],"masksToBounds":false,"rotation":0,"scale":1,"position":{"pointX":466.21160888671875,"pointY":88.0946044921875},"width":414,"sublayerTransform":[1,0,0,0,0,1,0,0,0,0,1,0,0,0,0,1],"contentsRect":{"y":0,"x":0,"width":1,"height":1},"opacity":1,"edgeAntialiasingMask":0,"height":80,"hidden":false,"anchorPoint":{"pointX":0.49758454106280192,"pointY":0.70667519569396975}},"texture":"30B8D5A2A525384B3079F2922CCD8DD6"}]},{"animations":[{"additive":false,"timeOffset":0,"beginTime":0,"repeatCount":0,"fillMode":"both","duration":1,"autoreverses":false,"animations":[{"repeatCount":0,"removedOnCompletion":true,"from":{"scalar":0.0040000000000000001},"timingFunction":"EaseInEaseOut","additive":false,"timeOffset":0,"autoreverses":false,"property":"zPosition","fillMode":"both","duration":1,"beginTime":0,"to":{"scalar":0.0050000000000000001}}],"removedOnCompletion":false}],"initialState":{"affineTransform":[1,0,0,1,0,0],"masksToBounds":false,"rotation":0,"scale":1,"position":{"pointX":719.65545654296875,"pointY":448.31472206115723},"width":307.82238769535923,"sublayerTransform":[1,0,0,0,0,1,0,0,0,0,1,0,0,0,0,1],"contentsRect":{"y":0,"x":0,"width":1,"height":1},"opacity":1,"edgeAntialiasingMask":251658240,"height":64.459400177001953,"hidden":false,"anchorPoint":{"pointX":0.5,"pointY":0.5}},"layers":[{"animations":[{"additive":false,"timeOffset":0,"beginTime":0,"repeatCount":0,"fillMode":"both","duration":1,"autoreverses":false,"animations":[{"repeatCount":0,"removedOnCompletion":true,"from":{"scalar":1},"timingFunction":"EaseInEaseOut","additive":false,"timeOffset":0,"autoreverses":false,"property":"transform.scale.x","fillMode":"both","duration":1,"beginTime":0,"to":{"scalar":0.76848874598070738}},{"repeatCount":0,"removedOnCompletion":true,"from":{"scalar":1},"timingFunction":"EaseInEaseOut","additive":false,"timeOffset":0,"autoreverses":false,"property":"transform.scale.y","fillMode":"both","duration":1,"beginTime":0,"to":{"scalar":1.0149253731343284}},{"repeatCount":0,"removedOnCompletion":true,"from":{"texture":"91FAD4B54E4E577C0BF6EC661D037475"},"timingFunction":"EaseInEaseOut","additive":false,"timeOffset":0,"autoreverses":false,"property":"contents","fillMode":"both","duration":1,"beginTime":0,"to":{"texture":"327E678A381A862B344222FDAB69612A"}},{"repeatCount":0,"removedOnCompletion":true,"from":{"pointX":0,"pointY":0},"timingFunction":"EaseInEaseOut","additive":false,"timeOffset":0,"autoreverses":false,"property":"transform.translation","fillMode":"both","duration":1,"beginTime":0,"to":{"pointX":-47.035989939208207,"pointY":101.49723465762918}}],"removedOnCompletion":false}],"layers":[],"texturedRectangle":{"singleTextureOpacity":1,"textXHeight":0,"shapePath":{"lineWidth":1,"flatness":0.59999999999999998,"lineCapStyle":0,"elements":[{"type":"MoveToPoint","points":[[35.368027700204834,7.58502197265625]]},{"type":"AddLine","points":[[275.94288538573255,7.58502197265625]]},{"type":"AddCurve","points":[[283.8674127303675,7.58502197265625],[288.62212913714836,7.58502197265625],[291.79194007500223,8.875697074997106]]},{"type":"AddCurve","points":[[296.43198982879562,10.564537070892072],[300.08713529238912,14.219682534485628],[301.77597528828414,18.859732288278963]]},{"type":"AddCurve","points":[[302.98004276559823,21.610136323338281],[303.066650390625,26.853741931295758],[303.066650390625,33.314722061157227]]},{"type":"AddCurve","points":[[303.066650390625,39.775702191018695],[302.98004276559823,45.019307798976172],[301.77597528828414,47.76971183403549]]},{"type":"AddCurve","points":[[300.08713529238912,52.409761587828825],[296.43198982879562,56.064907051422381],[291.79194007500223,57.753747047317347]]},{"type":"AddCurve","points":[[288.62212913714836,59.044422149658203],[283.8674127303675,59.044422149658203],[275.94288538573255,59.044422149658203]]},{"type":"AddLine","points":[[35.368027700204834,59.044422149658203]]},{"type":"AddCurve","points":[[27.443500355569995,59.044422149658203],[22.688783948789137,59.044422149658203],[19.518973010935156,57.753747047317347]]},{"type":"AddCurve","points":[[14.878923257141878,56.064907051422381],[11.223777793548265,52.409761587828825],[9.534937797653356,47.76971183403549]]},{"type":"AddCurve","points":[[8.3308703203392724,45.019307798976172],[8.2442626953125,39.775702191018695],[8.2442626953125,33.314722061157227]]},{"type":"AddCurve","points":[[8.2442626953125,26.853741931295758],[8.3308703203392724,21.610136323338281],[9.534937797653356,18.859732288278963]]},{"type":"AddCurve","points":[[11.223777793548265,14.219682534485628],[14.878923257141878,10.564537070892072],[19.518973010935156,8.875697074997106]]},{"type":"AddCurve","points":[[22.688783948789137,7.58502197265625],[27.443500355569995,7.58502197265625],[35.368027700204834,7.58502197265625]]},{"type":"CloseSubpath"},{"type":"MoveToPoint","points":[[35.368027700204834,7.58502197265625]]}],"windingRule":0,"lineJoinStyle":0,"miterLimit":10},"isBackgroundTexture":true,"textBaseline":0,"isVerticalText":false,"textureType":5},"initialState":{"affineTransform":[1,0,0,1,0,0],"masksToBounds":false,"rotation":0,"scale":1,"position":{"pointX":153.91119384767967,"pointY":32.229700088500977},"width":311,"sublayerTransform":[1,0,0,0,0,1,0,0,0,0,1,0,0,0,0,1],"contentsRect":{"y":0,"x":0,"width":1,"height":1},"opacity":1,"edgeAntialiasingMask":0,"height":67,"hidden":false,"anchorPoint":{"pointX":0.50049986026678051,"pointY":0.49723465762921232}},"texture":"91FAD4B54E4E577C0BF6EC661D037475"}]},{"animations":[{"additive":false,"timeOffset":0,"beginTime":0,"repeatCount":0,"fillMode":"both","duration":1,"autoreverses":false,"animations":[{"repeatCount":0,"removedOnCompletion":true,"from":{"scalar":0.0050000000000000001},"timingFunction":"EaseInEaseOut","additive":false,"timeOffset":0,"autoreverses":false,"property":"zPosition","fillMode":"both","duration":1,"beginTime":0,"to":{"scalar":0.0040000000000000001}}],"removedOnCompletion":false}],"initialState":{"affineTransform":[1,0,0,1,0,0],"masksToBounds":false,"rotation":0,"scale":1,"position":{"pointX":511.73333740234375,"pointY":744.76794403791428},"width":26.791998575208709,"sublayerTransform":[1,0,0,0,0,1,0,0,0,0,1,0,0,0,0,1],"contentsRect":{"y":0,"x":0,"width":1,"height":1},"opacity":1,"edgeAntialiasingMask":251658240,"height":25.535888075828552,"hidden":false,"anchorPoint":{"pointX":0.5,"pointY":0.5}},"layers":[{"animations":[{"additive":false,"timeOffset":0,"beginTime":0,"repeatCount":0,"fillMode":"both","duration":1,"autoreverses":false,"animations":[{"repeatCount":0,"removedOnCompletion":true,"from":{"texture":"D5091346EA199985F4561EDFC1A6D610"},"timingFunction":"EaseInEaseOut","additive":false,"timeOffset":0,"autoreverses":false,"property":"contents","fillMode":"both","duration":1,"beginTime":0,"to":{"texture":"C3A0E66B6887454837F156E20BFCE9A9"}}],"removedOnCompletion":false}],"layers":[],"texturedRectangle":{"singleTextureOpacity":1,"textXHeight":0.55786666666666673,"textBaseline":0.87519531250000004,"isBackgroundTexture":true,"isVerticalText":false,"textColor":[0,0,0,1],"textureType":6},"initialState":{"affineTransform":[1,0,0,1,0,0],"masksToBounds":false,"rotation":0,"scale":1,"position":{"pointX":13.396000000000015,"pointY":12.7679443359375},"width":21,"sublayerTransform":[1,0,0,0,0,1,0,0,0,0,1,0,0,0,0,1],"contentsRect":{"y":0,"x":0,"width":1,"height":1},"opacity":1,"edgeAntialiasingMask":0,"height":15,"hidden":false,"anchorPoint":{"pointX":0.51111133879711479,"pointY":0.51786295572916663}},"texture":"D5091346EA199985F4561EDFC1A6D610"}]}]},"effects":[],"duration":1,"type":"transition","attributes":{"direction":0},"name":"apple:magic-move-implied-motion-path","objectID":"0"}],"automaticPlay":false,"hyperlinks":[],"accessibility":[{"text":"￼","targetRectangle":{"y":736,"x":502.8373381147394,"width":17.79200000000003,"height":17.535888671875}},{"text":"pasted-image.png","targetRectangle":{"y":272.04525756835938,"x":155.53921508789062,"width":712.92156982421875,"height":404.34359741210938}},{"text":"Large Maps ","targetRectangle":{"y":37.439411163330078,"x":303.69060773480663,"width":447.20441988950262,"height":122.18784661003156}},{"text":"— 192 x 192 grids with 51% blocked cells","targetRectangle":{"y":159.62725777336163,"x":416.24475805798943,"width":557.96685082872932,"height":44.320442419157189}}],"baseLayer":{"animations":[],"initialState":{"affineTransform":[1,0,0,1,0,0],"masksToBounds":false,"rotation":0,"scale":1,"position":{"pointX":512,"pointY":384},"width":1024,"sublayerTransform":[1,0,0,0,0,1,0,0,0,0,1,0,0,0,0,1],"contentsRect":{"y":0,"x":0,"width":1,"height":1},"opacity":1,"edgeAntialiasingMask":251658240,"height":768,"hidden":false,"anchorPoint":{"pointX":0.5,"pointY":0.5}},"objectID":"0","layers":[{"animations":[],"initialState":{"affineTransform":[1,0,0,1,0,0],"masksToBounds":false,"rotation":0,"scale":1,"position":{"pointX":512,"pointY":384},"width":1024,"sublayerTransform":[1,0,0,0,0,1,0,0,0,0,1,-0.00049229876906403734,0,0,0,1],"contentsRect":{"y":0,"x":0,"width":1,"height":1},"opacity":1,"edgeAntialiasingMask":251658240,"height":768,"hidden":false,"anchorPoint":{"pointX":0.5,"pointY":0.5}},"layers":[{"animations":[],"initialState":{"affineTransform":[1,0,0,1,0,0],"masksToBounds":false,"rotation":0,"scale":1,"position":{"pointX":512,"pointY":384},"width":1024,"sublayerTransform":[1,0,0,0,0,1,0,0,0,0,1,0,0,0,0,1],"contentsRect":{"y":0,"x":0,"width":1,"height":1},"opacity":1,"edgeAntialiasingMask":251658240,"height":768,"hidden":false,"anchorPoint":{"pointX":0.5,"pointY":0.5}},"layers":[{"animations":[],"layers":[],"texturedRectangle":{"isBackgroundTexture":true,"singleTextureOpacity":1,"textureType":1,"textBaseline":0,"textXHeight":0,"isVerticalText":false},"initialState":{"affineTransform":[1,0,0,1,0,0],"masksToBounds":false,"rotation":0,"scale":1,"position":{"pointX":512,"pointY":384},"width":1024,"sublayerTransform":[1,0,0,0,0,1,0,0,0,0,1,0,0,0,0,1],"contentsRect":{"y":0,"x":0,"width":1,"height":1},"opacity":1,"edgeAntialiasingMask":0,"height":768,"hidden":false,"anchorPoint":{"pointX":0.5,"pointY":0.5}},"texture":"498E23C82CA78A4BCD7BA88E5243B6FC"}]}]},{"animations":[],"initialState":{"affineTransform":[1,0,0,1,0,0],"masksToBounds":false,"rotation":0,"scale":1,"position":{"pointX":512,"pointY":474.21705627441406},"width":712.92156982421875,"sublayerTransform":[1,0,0,0,0,1,0,0,0,0,1,0,0,0,0,1],"contentsRect":{"y":0,"x":0,"width":1,"height":1},"opacity":1,"edgeAntialiasingMask":251658240,"height":404.34359741210938,"hidden":false,"anchorPoint":{"pointX":0.5,"pointY":0.5}},"layers":[{"animations":[],"layers":[],"texturedRectangle":{"isBackgroundTexture":true,"singleTextureOpacity":1,"textureType":5,"textBaseline":0,"textXHeight":0,"isVerticalText":false},"initialState":{"affineTransform":[1,0,0,1,0,0],"masksToBounds":false,"rotation":0,"scale":1,"position":{"pointX":356.46078491210938,"pointY":202.17179870605469},"width":716,"sublayerTransform":[1,0,0,0,0,1,0,0,0,0,1,0,0,0,0,1],"contentsRect":{"y":0,"x":0,"width":1,"height":1},"opacity":1,"edgeAntialiasingMask":0,"height":407,"hidden":false,"anchorPoint":{"pointX":0.5,"pointY":0.49930480657104193}},"texture":"A2897C2E2800A265E571C5CCB099E863"}]},{"animations":[],"initialState":{"affineTransform":[1,0,0,1,0,0],"masksToBounds":false,"rotation":0,"scale":1,"position":{"pointX":512,"pointY":116.53401565551758},"width":932.4232177734375,"sublayerTransform":[1,0,0,0,0,1,0,0,0,0,1,0,0,0,0,1],"contentsRect":{"y":0,"x":0,"width":1,"height":1},"opacity":1,"edgeAntialiasingMask":251658240,"height":176.189208984375,"hidden":false,"anchorPoint":{"pointX":0.5,"pointY":0.5}},"layers":[{"animations":[],"layers":[],"texturedRectangle":{"singleTextureOpacity":1,"textXHeight":0.42999210734017362,"textBaseline":0.70695537695095745,"isBackgroundTexture":true,"isVerticalText":false,"textColor":[0,0,0,1],"textureType":6},"initialState":{"affineTransform":[1,0,0,1,0,0],"masksToBounds":false,"rotation":0,"scale":1,"position":{"pointX":466.21160888671875,"pointY":88.0946044921875},"width":562,"sublayerTransform":[1,0,0,0,0,1,0,0,0,0,1,0,0,0,0,1],"contentsRect":{"y":0,"x":0,"width":1,"height":1},"opacity":1,"edgeAntialiasingMask":0,"height":35,"hidden":false,"anchorPoint":{"pointX":0.17615658362989323,"pointY":-1.3275995526994977}},"texture":"FB31BE6041C0F8A8E0CD468318FFF709"}]},{"animations":[],"initialState":{"affineTransform":[1,0,0,1,0,0],"masksToBounds":false,"rotation":0,"scale":1,"position":{"pointX":512,"pointY":116.53401565551758},"width":932.4232177734375,"sublayerTransform":[1,0,0,0,0,1,0,0,0,0,1,0,0,0,0,1],"contentsRect":{"y":0,"x":0,"width":1,"height":1},"opacity":1,"edgeAntialiasingMask":251658240,"height":176.189208984375,"hidden":false,"anchorPoint":{"pointX":0.5,"pointY":0.5}},"layers":[{"animations":[],"layers":[],"texturedRectangle":{"singleTextureOpacity":1,"textXHeight":0.50165745856353594,"textBaseline":0.69686532020568848,"isBackgroundTexture":true,"isVerticalText":false,"textColor":[0,0,0,1],"textureType":6},"initialState":{"affineTransform":[1,0,0,1,0,0],"masksToBounds":false,"rotation":0,"scale":1,"position":{"pointX":466.21160888671875,"pointY":88.0946044921875},"width":414,"sublayerTransform":[1,0,0,0,0,1,0,0,0,0,1,0,0,0,0,1],"contentsRect":{"y":0,"x":0,"width":1,"height":1},"opacity":1,"edgeAntialiasingMask":0,"height":80,"hidden":false,"anchorPoint":{"pointX":0.49758454106280192,"pointY":0.70667519569396975}},"texture":"30B8D5A2A525384B3079F2922CCD8DD6"}]},{"animations":[],"initialState":{"affineTransform":[1,0,0,1,0,0],"masksToBounds":false,"rotation":0,"scale":1,"position":{"pointX":719.65545654296875,"pointY":448.31472206115723},"width":307.82238769535923,"sublayerTransform":[1,0,0,0,0,1,0,0,0,0,1,0,0,0,0,1],"contentsRect":{"y":0,"x":0,"width":1,"height":1},"opacity":1,"edgeAntialiasingMask":251658240,"height":64.459400177001953,"hidden":false,"anchorPoint":{"pointX":0.5,"pointY":0.5}},"layers":[{"animations":[],"layers":[],"texturedRectangle":{"singleTextureOpacity":1,"textXHeight":0,"shapePath":{"lineWidth":1,"flatness":0.59999999999999998,"lineCapStyle":0,"elements":[{"type":"MoveToPoint","points":[[35.368027700204834,7.58502197265625]]},{"type":"AddLine","points":[[275.94288538573255,7.58502197265625]]},{"type":"AddCurve","points":[[283.8674127303675,7.58502197265625],[288.62212913714836,7.58502197265625],[291.79194007500223,8.875697074997106]]},{"type":"AddCurve","points":[[296.43198982879562,10.564537070892072],[300.08713529238912,14.219682534485628],[301.77597528828414,18.859732288278963]]},{"type":"AddCurve","points":[[302.98004276559823,21.610136323338281],[303.066650390625,26.853741931295758],[303.066650390625,33.314722061157227]]},{"type":"AddCurve","points":[[303.066650390625,39.775702191018695],[302.98004276559823,45.019307798976172],[301.77597528828414,47.76971183403549]]},{"type":"AddCurve","points":[[300.08713529238912,52.409761587828825],[296.43198982879562,56.064907051422381],[291.79194007500223,57.753747047317347]]},{"type":"AddCurve","points":[[288.62212913714836,59.044422149658203],[283.8674127303675,59.044422149658203],[275.94288538573255,59.044422149658203]]},{"type":"AddLine","points":[[35.368027700204834,59.044422149658203]]},{"type":"AddCurve","points":[[27.443500355569995,59.044422149658203],[22.688783948789137,59.044422149658203],[19.518973010935156,57.753747047317347]]},{"type":"AddCurve","points":[[14.878923257141878,56.064907051422381],[11.223777793548265,52.409761587828825],[9.534937797653356,47.76971183403549]]},{"type":"AddCurve","points":[[8.3308703203392724,45.019307798976172],[8.2442626953125,39.775702191018695],[8.2442626953125,33.314722061157227]]},{"type":"AddCurve","points":[[8.2442626953125,26.853741931295758],[8.3308703203392724,21.610136323338281],[9.534937797653356,18.859732288278963]]},{"type":"AddCurve","points":[[11.223777793548265,14.219682534485628],[14.878923257141878,10.564537070892072],[19.518973010935156,8.875697074997106]]},{"type":"AddCurve","points":[[22.688783948789137,7.58502197265625],[27.443500355569995,7.58502197265625],[35.368027700204834,7.58502197265625]]},{"type":"CloseSubpath"},{"type":"MoveToPoint","points":[[35.368027700204834,7.58502197265625]]}],"windingRule":0,"lineJoinStyle":0,"miterLimit":10},"isBackgroundTexture":true,"textBaseline":0,"isVerticalText":false,"textureType":5},"initialState":{"affineTransform":[1,0,0,1,0,0],"masksToBounds":false,"rotation":0,"scale":1,"position":{"pointX":153.91119384767967,"pointY":32.229700088500977},"width":311,"sublayerTransform":[1,0,0,0,0,1,0,0,0,0,1,0,0,0,0,1],"contentsRect":{"y":0,"x":0,"width":1,"height":1},"opacity":1,"edgeAntialiasingMask":0,"height":67,"hidden":false,"anchorPoint":{"pointX":0.50049986026678051,"pointY":0.49723465762921232}},"texture":"91FAD4B54E4E577C0BF6EC661D037475"}]},{"animations":[],"initialState":{"affineTransform":[1,0,0,1,0,0],"masksToBounds":false,"rotation":0,"scale":1,"position":{"pointX":511.73333740234375,"pointY":744.76794403791428},"width":26.791998575208709,"sublayerTransform":[1,0,0,0,0,1,0,0,0,0,1,0,0,0,0,1],"contentsRect":{"y":0,"x":0,"width":1,"height":1},"opacity":1,"edgeAntialiasingMask":251658240,"height":25.535888075828552,"hidden":false,"anchorPoint":{"pointX":0.5,"pointY":0.5}},"layers":[{"animations":[],"layers":[],"texturedRectangle":{"singleTextureOpacity":1,"textXHeight":0.55786666666666673,"textBaseline":0.87519531250000004,"isBackgroundTexture":true,"isVerticalText":false,"textColor":[0,0,0,1],"textureType":6},"initialState":{"affineTransform":[1,0,0,1,0,0],"masksToBounds":false,"rotation":0,"scale":1,"position":{"pointX":13.396000000000015,"pointY":12.7679443359375},"width":21,"sublayerTransform":[1,0,0,0,0,1,0,0,0,0,1,0,0,0,0,1],"contentsRect":{"y":0,"x":0,"width":1,"height":1},"opacity":1,"edgeAntialiasingMask":0,"height":15,"hidden":false,"anchorPoint":{"pointX":0.51111133879711479,"pointY":0.51786295572916663}},"texture":"D5091346EA199985F4561EDFC1A6D610"}]}]}}]}