{"autoplayTransitionDelay":5,"author":"","timestamp":"2020-32-28 10:10:0","loopSlideshow":0,"filename":"论文.key","autoplayBuildDelay":2,"comment":"","title":"论文.key","showMode":0,"creator":"Apple Keynote 讲演 10.2","slideList":["FE2E7362-E39A-4263-AA60-AF384FD6FAF1","717BB9F8-8210-4317-AB58-36BC6A97126D","8DE6B522-4032-4130-ABBA-0736082E48B4","7E116364-26D5-4AAF-811E-C26528663E36","862176A7-6BC5-4B31-AA3D-FF5A83E71C1D","0E70A714-D2A1-4007-9DBE-D7D95C364D16","80704A3C-2461-4876-ABA8-A00B706E8A59","F26A10F6-2CD8-42A6-8123-DDAF3F4BDF32","E24CB1C9-30A8-4A4D-9798-FB554A2920E7","5D95AD53-E042-4A4E-ACD4-C51118DF83A0","EED193E8-04DE-4C69-A574-E41131DAFC46","963965DD-5BA4-4D21-879E-B380DC40E94A","7E816062-845A-43EF-BCAC-B1DACEFAC0C7","1D4D885B-F139-4EB2-8197-7D2FF0B1498C","DAD896FB-A458-4521-BD73-0B86333289AF","8E40E0A9-029C-4E7B-B464-56AFE0BBCB29","4FAC4612-A3A9-49B4-B403-D8C389E09A28","04C6DE9D-49BC-4387-AB70-A86EB1CE69B7","21A4A57B-8D06-45A2-B6BE-0E1FE0FA96D3","5E828865-B1FB-472C-8A2B-C6FBB5F6D33B","C688F3CA-579B-42D5-83F4-8AF04696AF4C","9E6372B4-9A2A-44F8-B7FE-75206770050A","D35CB37A-FEAC-4CE7-99F8-E2AB83B07BC1","FD6E4553-9573-4F68-9369-A9E2B67F7C50","5DB9D0E9-FB59-4F09-8C6A-0E5E8DAB8A99","D85B8FD1-9085-45A0-B243-3DC78E22150B","7455A735-0382-47B7-98D7-C0E2AF50F2B2","A446A5EE-C04D-4E3D-A142-3FC59D91B600"],"soundtrack":{"mode":0,"volume":1},"slideWidth":1024,"slideHeight":768,"slideCount":28,"majorVersion":1,"minorVersion":2,"fonts":["HelveticaNeue-Bold","HelveticaNeue-Light","HelveticaNeue-Italic","AvenirNext-Regular","Helvetica","HannotateSC-W5","Helvetica-Light","GillSans","STLibianSC-Regular","Chalkboard-Bold","HelveticaNeue-Medium","HelveticaNeue-Thin","HelveticaNeue","Chalkboard"]}