{"assets":{"102B2EBEA9151280297C66A023379F88":{"type":"texture","index":7,"assetRequest":{"type":"slide","state":"contents","slide":"none"},"url":{"native":"assets\/5DB9D0E9-FB59-4F09-8C6A-0E5E8DAB8A99.pdf"},"width":174,"height":104},"C3CDF05F477E63E71DA25AEE58C28C82":{"type":"texture","index":1,"assetRequest":{"type":"slide","state":"contents","slide":"none"},"url":{"native":"assets\/5DB9D0E9-FB59-4F09-8C6A-0E5E8DAB8A99.pdf"},"width":936,"height":60},"1B95C99D2A334CF523C4F3BF1A92CDDE":{"type":"texture","index":5,"assetRequest":{"type":"slide","state":"contents","slide":"none"},"url":{"native":"assets\/5DB9D0E9-FB59-4F09-8C6A-0E5E8DAB8A99.pdf"},"width":123,"height":104},"DD6D41BA6D8244A295D3E6C6DE0E86E5":{"type":"texture","index":4,"assetRequest":{"type":"slide","state":"contents","slide":"none"},"url":{"native":"assets\/5DB9D0E9-FB59-4F09-8C6A-0E5E8DAB8A99.pdf"},"width":133,"height":114},"D0EDF22724711583897589954D3BB036":{"type":"texture","index":3,"assetRequest":{"type":"slide","state":"contents","slide":"none"},"url":{"native":"assets\/5DB9D0E9-FB59-4F09-8C6A-0E5E8DAB8A99.pdf"},"width":122,"height":104},"2AC8790372CE76B44B1F23029FB8FBA2":{"type":"texture","index":2,"assetRequest":{"type":"slide","state":"contents","slide":"none"},"url":{"native":"assets\/5DB9D0E9-FB59-4F09-8C6A-0E5E8DAB8A99.pdf"},"width":1027,"height":193},"15F6B2F30F062C998569EA82CD6C788F":{"type":"texture","index":6,"assetRequest":{"type":"slide","state":"contents","slide":"none"},"url":{"native":"assets\/5DB9D0E9-FB59-4F09-8C6A-0E5E8DAB8A99.pdf"},"width":1027,"height":193},"B5AA8394F00CCD86837D1CDB3E6E304A":{"type":"texture","index":8,"assetRequest":{"type":"slide","state":"contents","slide":"none"},"url":{"native":"assets\/5DB9D0E9-FB59-4F09-8C6A-0E5E8DAB8A99.pdf"},"width":21,"height":15},"498E23C82CA78A4BCD7BA88E5243B6FC":{"type":"texture","index":0,"assetRequest":{"type":"slide","state":"contents","slide":"none"},"url":{"native":"assets\/5DB9D0E9-FB59-4F09-8C6A-0E5E8DAB8A99.pdf"},"width":1024,"height":768}},"events":[{"effects":[{"beginTime":0,"baseLayer":{"animations":[],"initialState":{"affineTransform":[1,0,0,1,0,0],"masksToBounds":false,"rotation":0,"scale":1,"position":{"pointX":512,"pointY":384},"width":1024,"sublayerTransform":[1,0,0,0,0,1,0,0,0,0,1,0,0,0,0,1],"contentsRect":{"y":0,"x":0,"width":1,"height":1},"opacity":1,"edgeAntialiasingMask":251658240,"height":768,"hidden":false,"anchorPoint":{"pointX":0.5,"pointY":0.5}},"objectID":"0","layers":[{"animations":[],"initialState":{"affineTransform":[1,0,0,1,0,0],"masksToBounds":false,"rotation":0,"scale":1,"position":{"pointX":512,"pointY":384},"width":1024,"sublayerTransform":[1,0,0,0,0,1,0,0,0,0,1,-0.00049229876906403734,0,0,0,1],"contentsRect":{"y":0,"x":0,"width":1,"height":1},"opacity":1,"edgeAntialiasingMask":251658240,"height":768,"hidden":false,"anchorPoint":{"pointX":0.5,"pointY":0.5}},"layers":[{"animations":[{"additive":false,"timeOffset":0,"beginTime":0,"repeatCount":0,"fillMode":"both","duration":0.89999997615814209,"autoreverses":false,"animations":[{"repeatCount":0,"removedOnCompletion":true,"from":{"scalar":0},"timingFunction":"EaseInEaseOut","additive":false,"timeOffset":0,"autoreverses":false,"property":"zPosition","fillMode":"both","duration":0.89999997615814209,"beginTime":0,"to":{"scalar":0}}],"removedOnCompletion":false}],"initialState":{"affineTransform":[1,0,0,1,0,0],"masksToBounds":false,"rotation":0,"scale":1,"position":{"pointX":512,"pointY":384},"width":1024,"sublayerTransform":[1,0,0,0,0,1,0,0,0,0,1,0,0,0,0,1],"contentsRect":{"y":0,"x":0,"width":1,"height":1},"opacity":1,"edgeAntialiasingMask":251658240,"height":768,"hidden":false,"anchorPoint":{"pointX":0.5,"pointY":0.5}},"layers":[{"animations":[],"layers":[],"texturedRectangle":{"isBackgroundTexture":true,"singleTextureOpacity":1,"textureType":1,"textBaseline":0,"textXHeight":0,"isVerticalText":false},"initialState":{"affineTransform":[1,0,0,1,0,0],"masksToBounds":false,"rotation":0,"scale":1,"position":{"pointX":512,"pointY":384},"width":1024,"sublayerTransform":[1,0,0,0,0,1,0,0,0,0,1,0,0,0,0,1],"contentsRect":{"y":0,"x":0,"width":1,"height":1},"opacity":1,"edgeAntialiasingMask":0,"height":768,"hidden":false,"anchorPoint":{"pointX":0.5,"pointY":0.5}},"texture":"498E23C82CA78A4BCD7BA88E5243B6FC"}]}]},{"animations":[{"additive":false,"timeOffset":0,"beginTime":0,"repeatCount":0,"fillMode":"both","duration":0.89999997615814209,"autoreverses":false,"animations":[{"repeatCount":0,"removedOnCompletion":true,"from":{"scalar":0.001},"timingFunction":"EaseInEaseOut","additive":false,"timeOffset":0,"autoreverses":false,"property":"zPosition","fillMode":"both","duration":0.89999997615814209,"beginTime":0,"to":{"scalar":0.001}}],"removedOnCompletion":false}],"initialState":{"affineTransform":[1,0,0,1,0,0],"masksToBounds":false,"rotation":0,"scale":1,"position":{"pointX":512,"pointY":261.93710327148438},"width":973.24199676513672,"sublayerTransform":[1,0,0,0,0,1,0,0,0,0,1,0,0,0,0,1],"contentsRect":{"y":0,"x":0,"width":1,"height":1},"opacity":1,"edgeAntialiasingMask":251658240,"height":149.27070140838623,"hidden":false,"anchorPoint":{"pointX":0.5,"pointY":0.5}},"layers":[{"animations":[{"additive":false,"timeOffset":0,"beginTime":0,"repeatCount":0,"fillMode":"both","duration":0.89999997615814209,"autoreverses":false,"animations":[{"repeatCount":0,"removedOnCompletion":true,"from":{"texture":"C3CDF05F477E63E71DA25AEE58C28C82"},"timingFunction":"EaseInEaseOut","additive":false,"timeOffset":0,"autoreverses":false,"property":"contents","fillMode":"both","duration":0.89999997615814209,"beginTime":0,"to":{"texture":"C3CDF05F477E63E71DA25AEE58C28C82"}}],"removedOnCompletion":false}],"layers":[],"texturedRectangle":{"singleTextureOpacity":1,"textXHeight":0.4598526703499079,"textBaseline":0.7002458333969116,"isBackgroundTexture":true,"isVerticalText":false,"textColor":[0,0,0,1],"textureType":6},"initialState":{"affineTransform":[1,0,0,1,0,0],"masksToBounds":false,"rotation":0,"scale":1,"position":{"pointX":486.62100219726562,"pointY":74.635353088378906},"width":936,"sublayerTransform":[1,0,0,0,0,1,0,0,0,0,1,0,0,0,0,1],"contentsRect":{"y":0,"x":0,"width":1,"height":1},"opacity":1,"edgeAntialiasingMask":0,"height":60,"hidden":false,"anchorPoint":{"pointX":0.50000000407553125,"pointY":0.96561842759450278}},"texture":"C3CDF05F477E63E71DA25AEE58C28C82"}]},{"animations":[{"additive":false,"timeOffset":0,"beginTime":0,"repeatCount":0,"fillMode":"both","duration":0.89999997615814209,"autoreverses":false,"animations":[{"repeatCount":0,"removedOnCompletion":true,"from":{"scalar":0.002},"timingFunction":"EaseInEaseOut","additive":false,"timeOffset":0,"autoreverses":false,"property":"zPosition","fillMode":"both","duration":0.89999997615814209,"beginTime":0,"to":{"scalar":0.002}}],"removedOnCompletion":false}],"initialState":{"affineTransform":[1,0,0,1,0,0],"masksToBounds":false,"rotation":0,"scale":1,"position":{"pointX":511.99999998556672,"pointY":477.52801513671875},"width":1024,"sublayerTransform":[1,0,0,0,0,1,0,0,0,0,1,0,0,0,0,1],"contentsRect":{"y":0,"x":0,"width":1,"height":1},"opacity":1,"edgeAntialiasingMask":251658240,"height":189.46893310546875,"hidden":false,"anchorPoint":{"pointX":0.5,"pointY":0.5}},"layers":[{"animations":[],"layers":[],"texturedRectangle":{"isBackgroundTexture":true,"singleTextureOpacity":1,"textureType":5,"textBaseline":0,"textXHeight":0,"isVerticalText":false},"initialState":{"affineTransform":[1,0,0,1,0,0],"masksToBounds":false,"rotation":0,"scale":1,"position":{"pointX":512,"pointY":94.734466552734375},"width":1027,"sublayerTransform":[1,0,0,0,0,1,0,0,0,0,1,0,0,0,0,1],"contentsRect":{"y":0,"x":0,"width":1,"height":1},"opacity":1,"edgeAntialiasingMask":0,"height":193,"hidden":false,"anchorPoint":{"pointX":0.5004868549031809,"pointY":0.50014515614880184}},"texture":"15F6B2F30F062C998569EA82CD6C788F"}]},{"animations":[{"additive":false,"timeOffset":0,"beginTime":0,"repeatCount":0,"fillMode":"both","duration":0.89999997615814209,"autoreverses":false,"animations":[{"repeatCount":0,"removedOnCompletion":true,"from":{"scalar":0.0030000000000000001},"timingFunction":"EaseInEaseOut","additive":false,"timeOffset":0,"autoreverses":false,"property":"zPosition","fillMode":"both","duration":0.89999997615814209,"beginTime":0,"to":{"scalar":0.0030000000000000001}}],"removedOnCompletion":false}],"initialState":{"affineTransform":[1,0,0,1,0,0],"masksToBounds":false,"rotation":0,"scale":1,"position":{"pointX":306.09552383422852,"pointY":459.16428756713867},"width":119.47483062744141,"sublayerTransform":[1,0,0,0,0,1,0,0,0,0,1,0,0,0,0,1],"contentsRect":{"y":0,"x":0,"width":1,"height":1},"opacity":1,"edgeAntialiasingMask":251658240,"height":101.32607269287109,"hidden":false,"anchorPoint":{"pointX":0.5,"pointY":0.5}},"layers":[{"animations":[{"additive":false,"timeOffset":0,"beginTime":0,"repeatCount":0,"fillMode":"both","duration":0.89999997615814209,"autoreverses":false,"animations":[{"repeatCount":0,"removedOnCompletion":true,"from":{"texture":"D0EDF22724711583897589954D3BB036"},"timingFunction":"EaseInEaseOut","additive":false,"timeOffset":0,"autoreverses":false,"property":"contents","fillMode":"both","duration":0.89999997615814209,"beginTime":0,"to":{"texture":"D0EDF22724711583897589954D3BB036"}}],"removedOnCompletion":false}],"layers":[],"texturedRectangle":{"singleTextureOpacity":1,"textXHeight":0,"shapePath":{"lineWidth":1,"flatness":0.59999999999999998,"lineCapStyle":0,"elements":[{"type":"MoveToPoint","points":[[30.788083520507826,8.001251220703125]]},{"type":"AddLine","points":[[91.402964147949206,8.001251220703125]]},{"type":"AddCurve","points":[[98.131748201716789,8.001251220703125],[102.16901863397732,8.001251220703125],[104.86053225548432,9.1249220384083856]]},{"type":"AddCurve","points":[[108.74058174856305,10.537144561368677],[111.79704580728367,13.593608620089356],[113.20926833024396,17.473658113168028]]},{"type":"AddCurve","points":[[114.33293914794922,20.165171734675027],[114.33293914794922,24.202442166935555],[114.33293914794922,30.931226220703138]]},{"type":"AddLine","points":[[114.33293914794922,73.397348913574206]]},{"type":"AddCurve","points":[[114.33293914794922,80.126132967341789],[114.33293914794922,84.163403399602316],[113.20926833024396,86.854917021109316]]},{"type":"AddCurve","points":[[111.79704580728367,90.734966514188045],[108.74058174856305,93.791430572908666],[104.86053225548432,95.203653095868958]]},{"type":"AddCurve","points":[[102.16901863397732,96.327323913574219],[98.131748201716789,96.327323913574219],[91.402964147949206,96.327323913574219]]},{"type":"AddLine","points":[[30.788083520507826,96.327323913574219]]},{"type":"AddCurve","points":[[24.059299466740242,96.327323913574219],[20.022029034479715,96.327323913574219],[17.330515412972716,95.203653095868958]]},{"type":"AddCurve","points":[[13.450465919894043,93.791430572908666],[10.394001861173365,90.734966514188045],[8.9817793382130446,86.854917021109316]]},{"type":"AddCurve","points":[[7.8581085205078125,84.163403399602316],[7.8581085205078125,80.126132967341789],[7.8581085205078125,73.397348913574206]]},{"type":"AddLine","points":[[7.8581085205078125,30.931226220703138]]},{"type":"AddCurve","points":[[7.8581085205078125,24.202442166935555],[7.8581085205078125,20.165171734675027],[8.9817793382130446,17.473658113168028]]},{"type":"AddCurve","points":[[10.394001861173365,13.593608620089356],[13.450465919894043,10.537144561368677],[17.330515412972716,9.1249220384083856]]},{"type":"AddCurve","points":[[20.022029034479715,8.001251220703125],[24.059299466740242,8.001251220703125],[30.788083520507826,8.001251220703125]]},{"type":"CloseSubpath"},{"type":"MoveToPoint","points":[[30.788083520507826,8.001251220703125]]}],"windingRule":0,"lineJoinStyle":0,"miterLimit":10},"isBackgroundTexture":true,"textBaseline":0,"isVerticalText":false,"textureType":5},"initialState":{"affineTransform":[1,0,0,1,0,0],"masksToBounds":false,"rotation":0,"scale":1,"position":{"pointX":59.737415313720703,"pointY":50.663036346435547},"width":122,"sublayerTransform":[1,0,0,0,0,1,0,0,0,0,1,0,0,0,0,1],"contentsRect":{"y":0,"x":0,"width":1,"height":1},"opacity":1,"edgeAntialiasingMask":0,"height":104,"hidden":false,"anchorPoint":{"pointX":0.50078298224777473,"pointY":0.5015796881455642}},"texture":"D0EDF22724711583897589954D3BB036"}]},{"animations":[{"additive":false,"timeOffset":0,"beginTime":0,"repeatCount":0,"fillMode":"both","duration":0.89999997615814209,"autoreverses":false,"animations":[{"repeatCount":0,"removedOnCompletion":true,"from":{"scalar":0.0040000000000000001},"timingFunction":"EaseInEaseOut","additive":false,"timeOffset":0,"autoreverses":false,"property":"zPosition","fillMode":"both","duration":0.89999997615814209,"beginTime":0,"to":{"scalar":0.0040000000000000001}}],"removedOnCompletion":false}],"initialState":{"affineTransform":[1,0,0,1,0,0],"masksToBounds":false,"rotation":0,"scale":1,"position":{"pointX":894.46138763427734,"pointY":459.16428375244141},"width":130.13700866699219,"sublayerTransform":[1,0,0,0,0,1,0,0,0,0,1,0,0,0,0,1],"contentsRect":{"y":0,"x":0,"width":1,"height":1},"opacity":1,"edgeAntialiasingMask":251658240,"height":111.10658264160156,"hidden":false,"anchorPoint":{"pointX":0.5,"pointY":0.5}},"layers":[{"animations":[{"additive":false,"timeOffset":0,"beginTime":0,"repeatCount":0,"fillMode":"both","duration":0.89999997615814209,"autoreverses":false,"animations":[{"repeatCount":0,"removedOnCompletion":true,"from":{"texture":"DD6D41BA6D8244A295D3E6C6DE0E86E5"},"timingFunction":"EaseInEaseOut","additive":false,"timeOffset":0,"autoreverses":false,"property":"contents","fillMode":"both","duration":0.89999997615814209,"beginTime":0,"to":{"texture":"DD6D41BA6D8244A295D3E6C6DE0E86E5"}}],"removedOnCompletion":false}],"layers":[],"texturedRectangle":{"singleTextureOpacity":1,"textXHeight":0,"shapePath":{"lineWidth":1,"flatness":0.59999999999999998,"lineCapStyle":0,"elements":[{"type":"MoveToPoint","points":[[33.119019332132325,8.110992431640625]]},{"type":"AddLine","points":[[99.803755936422363,8.110992431640625]]},{"type":"AddCurve","points":[[107.20634673148106,8.110992431640625],[111.64790120851626,8.110992431640625],[114.60893752653976,9.3471853582308881]]},{"type":"AddCurve","points":[[118.87752727950624,10.900824970604447],[122.24005942880967,14.263357119907823],[123.79369904118312,18.5319468728743]]},{"type":"AddCurve","points":[[125.02989196777344,21.492983190897803],[125.02989196777344,25.934537667933],[125.02989196777344,33.3371284629917]]},{"type":"AddLine","points":[[125.02989196777344,80.991439041891113]]},{"type":"AddCurve","points":[[125.02989196777344,88.394029836949812],[125.02989196777344,92.835584313985009],[123.79369904118312,95.796620632008512]]},{"type":"AddCurve","points":[[122.24005942880967,100.06521038497499],[118.87752727950624,103.42774253427842],[114.60893752653976,104.98138214665192]]},{"type":"AddCurve","points":[[111.64790120851626,106.21757507324219],[107.20634673148106,106.21757507324219],[99.803755936422363,106.21757507324219]]},{"type":"AddLine","points":[[33.119019332132325,106.21757507324219]]},{"type":"AddCurve","points":[[25.716428537073625,106.21757507324219],[21.274874060038428,106.21757507324219],[18.313837742014925,104.98138214665192]]},{"type":"AddCurve","points":[[14.045247989048448,103.42774253427842],[10.682715839745015,100.06521038497499],[9.12907622737157,95.796620632008512]]},{"type":"AddCurve","points":[[7.89288330078125,92.835584313985009],[7.89288330078125,88.394029836949812],[7.89288330078125,80.991439041891113]]},{"type":"AddLine","points":[[7.89288330078125,33.3371284629917]]},{"type":"AddCurve","points":[[7.89288330078125,25.934537667933],[7.89288330078125,21.492983190897803],[9.12907622737157,18.5319468728743]]},{"type":"AddCurve","points":[[10.682715839745015,14.263357119907823],[14.045247989048448,10.900824970604447],[18.313837742014925,9.3471853582308881]]},{"type":"AddCurve","points":[[21.274874060038428,8.110992431640625],[25.716428537073625,8.110992431640625],[33.119019332132325,8.110992431640625]]},{"type":"CloseSubpath"},{"type":"MoveToPoint","points":[[33.119019332132325,8.110992431640625]]}],"windingRule":0,"lineJoinStyle":0,"miterLimit":10},"isBackgroundTexture":true,"textBaseline":0,"isVerticalText":false,"textureType":5},"initialState":{"affineTransform":[1,0,0,1,0,0],"masksToBounds":false,"rotation":0,"scale":1,"position":{"pointX":65.068504333496094,"pointY":55.553291320800781},"width":133,"sublayerTransform":[1,0,0,0,0,1,0,0,0,0,1,0,0,0,0,1],"contentsRect":{"y":0,"x":0,"width":1,"height":1},"opacity":1,"edgeAntialiasingMask":0,"height":114,"hidden":false,"anchorPoint":{"pointX":0.49970968146073191,"pointY":0.50144108554773159}},"texture":"DD6D41BA6D8244A295D3E6C6DE0E86E5"}]},{"animations":[{"additive":false,"timeOffset":0,"beginTime":0,"repeatCount":0,"fillMode":"both","duration":0.89999997615814209,"autoreverses":false,"animations":[{"repeatCount":0,"removedOnCompletion":true,"from":{"scalar":0.0050000000000000001},"timingFunction":"EaseInEaseOut","additive":false,"timeOffset":0,"autoreverses":false,"property":"zPosition","fillMode":"both","duration":0.89999997615814209,"beginTime":0,"to":{"scalar":0.0050000000000000001}}],"removedOnCompletion":false}],"initialState":{"affineTransform":[1,0,0,1,0,0],"masksToBounds":false,"rotation":0,"scale":1,"position":{"pointX":597.6129035949707,"pointY":459.16428756713867},"width":119.47483062744141,"sublayerTransform":[1,0,0,0,0,1,0,0,0,0,1,0,0,0,0,1],"contentsRect":{"y":0,"x":0,"width":1,"height":1},"opacity":1,"edgeAntialiasingMask":251658240,"height":101.32607269287109,"hidden":false,"anchorPoint":{"pointX":0.5,"pointY":0.5}},"layers":[{"animations":[{"additive":false,"timeOffset":0,"beginTime":0,"repeatCount":0,"fillMode":"both","duration":0.89999997615814209,"autoreverses":false,"animations":[{"repeatCount":0,"removedOnCompletion":true,"from":{"scalar":1},"timingFunction":"EaseInEaseOut","additive":false,"timeOffset":0,"autoreverses":false,"property":"transform.scale.x","fillMode":"both","duration":0.89999997615814209,"beginTime":0,"to":{"scalar":1.4146341463414633}},{"repeatCount":0,"removedOnCompletion":true,"from":{"scalar":1},"timingFunction":"EaseInEaseOut","additive":false,"timeOffset":0,"autoreverses":false,"property":"transform.scale.y","fillMode":"both","duration":0.89999997615814209,"beginTime":0,"to":{"scalar":1}},{"repeatCount":0,"removedOnCompletion":true,"from":{"texture":"1B95C99D2A334CF523C4F3BF1A92CDDE"},"timingFunction":"EaseInEaseOut","additive":false,"timeOffset":0,"autoreverses":false,"property":"contents","fillMode":"both","duration":0.89999997615814209,"beginTime":0,"to":{"texture":"102B2EBEA9151280297C66A023379F88"}},{"repeatCount":0,"removedOnCompletion":true,"from":{"pointX":0,"pointY":0},"timingFunction":"EaseInEaseOut","additive":false,"timeOffset":0,"autoreverses":false,"property":"transform.translation","fillMode":"both","duration":0.89999997615814209,"beginTime":0,"to":{"pointX":-73.453186314280401,"pointY":0}}],"removedOnCompletion":false}],"layers":[],"texturedRectangle":{"singleTextureOpacity":1,"textXHeight":0,"shapePath":{"lineWidth":1,"flatness":0.59999999999999998,"lineCapStyle":0,"elements":[{"type":"MoveToPoint","points":[[31.305463281250013,8.001251220703125]]},{"type":"AddLine","points":[[91.920343908691393,8.001251220703125]]},{"type":"AddCurve","points":[[98.64912796245892,8.001251220703125],[102.6863983947195,8.001251220703125],[105.37791201622656,9.1249220384083856]]},{"type":"AddCurve","points":[[109.25796150930523,10.537144561368677],[112.31442556802585,13.593608620089356],[113.72664809098615,17.473658113168028]]},{"type":"AddCurve","points":[[114.85031890869141,20.165171734675027],[114.85031890869141,24.202442166935555],[114.85031890869141,30.931226220703138]]},{"type":"AddLine","points":[[114.85031890869141,73.397348913574206]]},{"type":"AddCurve","points":[[114.85031890869141,80.126132967341789],[114.85031890869141,84.163403399602316],[113.72664809098615,86.854917021109316]]},{"type":"AddCurve","points":[[112.31442556802585,90.734966514188045],[109.25796150930523,93.791430572908666],[105.37791201622656,95.203653095868958]]},{"type":"AddCurve","points":[[102.6863983947195,96.327323913574219],[98.64912796245892,96.327323913574219],[91.920343908691393,96.327323913574219]]},{"type":"AddLine","points":[[31.305463281250013,96.327323913574219]]},{"type":"AddCurve","points":[[24.576679227482487,96.327323913574219],[20.539408795221902,96.327323913574219],[17.847895173714846,95.203653095868958]]},{"type":"AddCurve","points":[[13.967845680636174,93.791430572908666],[10.911381621915552,90.734966514188045],[9.4991590989552606,86.854917021109316]]},{"type":"AddCurve","points":[[8.37548828125,84.163403399602316],[8.37548828125,80.126132967341789],[8.37548828125,73.397348913574206]]},{"type":"AddLine","points":[[8.37548828125,30.931226220703138]]},{"type":"AddCurve","points":[[8.37548828125,24.202442166935555],[8.37548828125,20.165171734675027],[9.4991590989552606,17.473658113168028]]},{"type":"AddCurve","points":[[10.911381621915552,13.593608620089356],[13.967845680636174,10.537144561368677],[17.847895173714846,9.1249220384083856]]},{"type":"AddCurve","points":[[20.539408795221902,8.001251220703125],[24.576679227482487,8.001251220703125],[31.305463281250013,8.001251220703125]]},{"type":"CloseSubpath"},{"type":"MoveToPoint","points":[[31.305463281250013,8.001251220703125]]}],"windingRule":0,"lineJoinStyle":0,"miterLimit":10},"isBackgroundTexture":true,"textBaseline":0,"isVerticalText":false,"textureType":5},"initialState":{"affineTransform":[1,0,0,1,0,0],"masksToBounds":false,"rotation":0,"scale":1,"position":{"pointX":59.737415313720703,"pointY":50.663036346435547},"width":123,"sublayerTransform":[1,0,0,0,0,1,0,0,0,0,1,0,0,0,0,1],"contentsRect":{"y":0,"x":0,"width":1,"height":1},"opacity":1,"edgeAntialiasingMask":0,"height":104,"hidden":false,"anchorPoint":{"pointX":0.50091791540626585,"pointY":0.5015796881455642}},"texture":"1B95C99D2A334CF523C4F3BF1A92CDDE"}]},{"animations":[{"additive":false,"timeOffset":0,"beginTime":0,"repeatCount":0,"fillMode":"both","duration":0.89999997615814209,"autoreverses":false,"animations":[{"repeatCount":0,"removedOnCompletion":true,"from":{"scalar":0.0060000000000000001},"timingFunction":"EaseInEaseOut","additive":false,"timeOffset":0,"autoreverses":false,"property":"zPosition","fillMode":"both","duration":0.89999997615814209,"beginTime":0,"to":{"scalar":0.0060000000000000001}}],"removedOnCompletion":false}],"initialState":{"affineTransform":[1,0,0,1,0,0],"masksToBounds":false,"rotation":0,"scale":1,"position":{"pointX":511.73333740234375,"pointY":744.76794403791428},"width":26.791998575208709,"sublayerTransform":[1,0,0,0,0,1,0,0,0,0,1,0,0,0,0,1],"contentsRect":{"y":0,"x":0,"width":1,"height":1},"opacity":1,"edgeAntialiasingMask":251658240,"height":25.535888075828552,"hidden":false,"anchorPoint":{"pointX":0.5,"pointY":0.5}},"layers":[{"animations":[{"additive":false,"timeOffset":0,"beginTime":0,"repeatCount":0,"fillMode":"both","duration":0.89999997615814209,"autoreverses":false,"animations":[{"repeatCount":0,"removedOnCompletion":true,"from":{"texture":"2AC8790372CE76B44B1F23029FB8FBA2"},"timingFunction":"EaseInEaseOut","additive":false,"timeOffset":0,"autoreverses":false,"property":"contents","fillMode":"both","duration":0.89999997615814209,"beginTime":0,"to":{"texture":"B5AA8394F00CCD86837D1CDB3E6E304A"}}],"removedOnCompletion":false}],"layers":[],"texturedRectangle":{"singleTextureOpacity":1,"textXHeight":0.55786666666666673,"textBaseline":0.87519531250000004,"isBackgroundTexture":true,"isVerticalText":false,"textColor":[0,0,0,1],"textureType":6},"initialState":{"affineTransform":[1,0,0,1,0,0],"masksToBounds":false,"rotation":0,"scale":1,"position":{"pointX":13.396000000000015,"pointY":12.7679443359375},"width":21,"sublayerTransform":[1,0,0,0,0,1,0,0,0,0,1,0,0,0,0,1],"contentsRect":{"y":0,"x":0,"width":1,"height":1},"opacity":1,"edgeAntialiasingMask":0,"height":15,"hidden":false,"anchorPoint":{"pointX":0.51111133879711479,"pointY":0.51786295572916663}},"texture":"2AC8790372CE76B44B1F23029FB8FBA2"}]}]},"effects":[],"duration":0.89999997615814209,"type":"transition","attributes":{"direction":0},"name":"apple:magic-move-implied-motion-path","objectID":"0"}],"automaticPlay":false,"hyperlinks":[],"accessibility":[{"text":"截屏2020-10-27 01.07.47.png","targetRectangle":{"y":382.79354858398438,"x":-1.4433283013204345e-08,"width":1024,"height":189.46893310546875}},{"text":"Comparing with the Perfect Heuristic ","targetRectangle":{"y":191.30175256729126,"x":43.709948566078424,"width":957.60773480663011,"height":70.270706176757812}},{"text":"￼","targetRectangle":{"y":736,"x":502.8373381147394,"width":17.79200000000003,"height":17.535888671875}}],"baseLayer":{"animations":[],"initialState":{"affineTransform":[1,0,0,1,0,0],"masksToBounds":false,"rotation":0,"scale":1,"position":{"pointX":512,"pointY":384},"width":1024,"sublayerTransform":[1,0,0,0,0,1,0,0,0,0,1,0,0,0,0,1],"contentsRect":{"y":0,"x":0,"width":1,"height":1},"opacity":1,"edgeAntialiasingMask":251658240,"height":768,"hidden":false,"anchorPoint":{"pointX":0.5,"pointY":0.5}},"objectID":"0","layers":[{"animations":[],"initialState":{"affineTransform":[1,0,0,1,0,0],"masksToBounds":false,"rotation":0,"scale":1,"position":{"pointX":512,"pointY":384},"width":1024,"sublayerTransform":[1,0,0,0,0,1,0,0,0,0,1,-0.00049229876906403734,0,0,0,1],"contentsRect":{"y":0,"x":0,"width":1,"height":1},"opacity":1,"edgeAntialiasingMask":251658240,"height":768,"hidden":false,"anchorPoint":{"pointX":0.5,"pointY":0.5}},"layers":[{"animations":[],"initialState":{"affineTransform":[1,0,0,1,0,0],"masksToBounds":false,"rotation":0,"scale":1,"position":{"pointX":512,"pointY":384},"width":1024,"sublayerTransform":[1,0,0,0,0,1,0,0,0,0,1,0,0,0,0,1],"contentsRect":{"y":0,"x":0,"width":1,"height":1},"opacity":1,"edgeAntialiasingMask":251658240,"height":768,"hidden":false,"anchorPoint":{"pointX":0.5,"pointY":0.5}},"layers":[{"animations":[],"layers":[],"texturedRectangle":{"isBackgroundTexture":true,"singleTextureOpacity":1,"textureType":1,"textBaseline":0,"textXHeight":0,"isVerticalText":false},"initialState":{"affineTransform":[1,0,0,1,0,0],"masksToBounds":false,"rotation":0,"scale":1,"position":{"pointX":512,"pointY":384},"width":1024,"sublayerTransform":[1,0,0,0,0,1,0,0,0,0,1,0,0,0,0,1],"contentsRect":{"y":0,"x":0,"width":1,"height":1},"opacity":1,"edgeAntialiasingMask":0,"height":768,"hidden":false,"anchorPoint":{"pointX":0.5,"pointY":0.5}},"texture":"498E23C82CA78A4BCD7BA88E5243B6FC"}]}]},{"animations":[],"initialState":{"affineTransform":[1,0,0,1,0,0],"masksToBounds":false,"rotation":0,"scale":1,"position":{"pointX":512,"pointY":261.93710327148438},"width":973.24199676513672,"sublayerTransform":[1,0,0,0,0,1,0,0,0,0,1,0,0,0,0,1],"contentsRect":{"y":0,"x":0,"width":1,"height":1},"opacity":1,"edgeAntialiasingMask":251658240,"height":149.27070140838623,"hidden":false,"anchorPoint":{"pointX":0.5,"pointY":0.5}},"layers":[{"animations":[],"layers":[],"texturedRectangle":{"singleTextureOpacity":1,"textXHeight":0.4598526703499079,"textBaseline":0.7002458333969116,"isBackgroundTexture":true,"isVerticalText":false,"textColor":[0,0,0,1],"textureType":6},"initialState":{"affineTransform":[1,0,0,1,0,0],"masksToBounds":false,"rotation":0,"scale":1,"position":{"pointX":486.62100219726562,"pointY":74.635353088378906},"width":936,"sublayerTransform":[1,0,0,0,0,1,0,0,0,0,1,0,0,0,0,1],"contentsRect":{"y":0,"x":0,"width":1,"height":1},"opacity":1,"edgeAntialiasingMask":0,"height":60,"hidden":false,"anchorPoint":{"pointX":0.50000000407553125,"pointY":0.96561842759450278}},"texture":"C3CDF05F477E63E71DA25AEE58C28C82"}]},{"animations":[],"initialState":{"affineTransform":[1,0,0,1,0,0],"masksToBounds":false,"rotation":0,"scale":1,"position":{"pointX":511.99999998556672,"pointY":477.52801513671875},"width":1024,"sublayerTransform":[1,0,0,0,0,1,0,0,0,0,1,0,0,0,0,1],"contentsRect":{"y":0,"x":0,"width":1,"height":1},"opacity":1,"edgeAntialiasingMask":251658240,"height":189.46893310546875,"hidden":false,"anchorPoint":{"pointX":0.5,"pointY":0.5}},"layers":[{"animations":[],"layers":[],"texturedRectangle":{"isBackgroundTexture":true,"singleTextureOpacity":1,"textureType":5,"textBaseline":0,"textXHeight":0,"isVerticalText":false},"initialState":{"affineTransform":[1,0,0,1,0,0],"masksToBounds":false,"rotation":0,"scale":1,"position":{"pointX":512,"pointY":94.734466552734375},"width":1027,"sublayerTransform":[1,0,0,0,0,1,0,0,0,0,1,0,0,0,0,1],"contentsRect":{"y":0,"x":0,"width":1,"height":1},"opacity":1,"edgeAntialiasingMask":0,"height":193,"hidden":false,"anchorPoint":{"pointX":0.5004868549031809,"pointY":0.50014515614880184}},"texture":"2AC8790372CE76B44B1F23029FB8FBA2"}]},{"animations":[],"initialState":{"affineTransform":[1,0,0,1,0,0],"masksToBounds":false,"rotation":0,"scale":1,"position":{"pointX":306.09552383422852,"pointY":459.16428756713867},"width":119.47483062744141,"sublayerTransform":[1,0,0,0,0,1,0,0,0,0,1,0,0,0,0,1],"contentsRect":{"y":0,"x":0,"width":1,"height":1},"opacity":1,"edgeAntialiasingMask":251658240,"height":101.32607269287109,"hidden":false,"anchorPoint":{"pointX":0.5,"pointY":0.5}},"layers":[{"animations":[],"layers":[],"texturedRectangle":{"singleTextureOpacity":1,"textXHeight":0,"shapePath":{"lineWidth":1,"flatness":0.59999999999999998,"lineCapStyle":0,"elements":[{"type":"MoveToPoint","points":[[30.788083520507826,8.001251220703125]]},{"type":"AddLine","points":[[91.402964147949206,8.001251220703125]]},{"type":"AddCurve","points":[[98.131748201716789,8.001251220703125],[102.16901863397732,8.001251220703125],[104.86053225548432,9.1249220384083856]]},{"type":"AddCurve","points":[[108.74058174856305,10.537144561368677],[111.79704580728367,13.593608620089356],[113.20926833024396,17.473658113168028]]},{"type":"AddCurve","points":[[114.33293914794922,20.165171734675027],[114.33293914794922,24.202442166935555],[114.33293914794922,30.931226220703138]]},{"type":"AddLine","points":[[114.33293914794922,73.397348913574206]]},{"type":"AddCurve","points":[[114.33293914794922,80.126132967341789],[114.33293914794922,84.163403399602316],[113.20926833024396,86.854917021109316]]},{"type":"AddCurve","points":[[111.79704580728367,90.734966514188045],[108.74058174856305,93.791430572908666],[104.86053225548432,95.203653095868958]]},{"type":"AddCurve","points":[[102.16901863397732,96.327323913574219],[98.131748201716789,96.327323913574219],[91.402964147949206,96.327323913574219]]},{"type":"AddLine","points":[[30.788083520507826,96.327323913574219]]},{"type":"AddCurve","points":[[24.059299466740242,96.327323913574219],[20.022029034479715,96.327323913574219],[17.330515412972716,95.203653095868958]]},{"type":"AddCurve","points":[[13.450465919894043,93.791430572908666],[10.394001861173365,90.734966514188045],[8.9817793382130446,86.854917021109316]]},{"type":"AddCurve","points":[[7.8581085205078125,84.163403399602316],[7.8581085205078125,80.126132967341789],[7.8581085205078125,73.397348913574206]]},{"type":"AddLine","points":[[7.8581085205078125,30.931226220703138]]},{"type":"AddCurve","points":[[7.8581085205078125,24.202442166935555],[7.8581085205078125,20.165171734675027],[8.9817793382130446,17.473658113168028]]},{"type":"AddCurve","points":[[10.394001861173365,13.593608620089356],[13.450465919894043,10.537144561368677],[17.330515412972716,9.1249220384083856]]},{"type":"AddCurve","points":[[20.022029034479715,8.001251220703125],[24.059299466740242,8.001251220703125],[30.788083520507826,8.001251220703125]]},{"type":"CloseSubpath"},{"type":"MoveToPoint","points":[[30.788083520507826,8.001251220703125]]}],"windingRule":0,"lineJoinStyle":0,"miterLimit":10},"isBackgroundTexture":true,"textBaseline":0,"isVerticalText":false,"textureType":5},"initialState":{"affineTransform":[1,0,0,1,0,0],"masksToBounds":false,"rotation":0,"scale":1,"position":{"pointX":59.737415313720703,"pointY":50.663036346435547},"width":122,"sublayerTransform":[1,0,0,0,0,1,0,0,0,0,1,0,0,0,0,1],"contentsRect":{"y":0,"x":0,"width":1,"height":1},"opacity":1,"edgeAntialiasingMask":0,"height":104,"hidden":false,"anchorPoint":{"pointX":0.50078298224777473,"pointY":0.5015796881455642}},"texture":"D0EDF22724711583897589954D3BB036"}]},{"animations":[],"initialState":{"affineTransform":[1,0,0,1,0,0],"masksToBounds":false,"rotation":0,"scale":1,"position":{"pointX":894.46138763427734,"pointY":459.16428375244141},"width":130.13700866699219,"sublayerTransform":[1,0,0,0,0,1,0,0,0,0,1,0,0,0,0,1],"contentsRect":{"y":0,"x":0,"width":1,"height":1},"opacity":1,"edgeAntialiasingMask":251658240,"height":111.10658264160156,"hidden":false,"anchorPoint":{"pointX":0.5,"pointY":0.5}},"layers":[{"animations":[],"layers":[],"texturedRectangle":{"singleTextureOpacity":1,"textXHeight":0,"shapePath":{"lineWidth":1,"flatness":0.59999999999999998,"lineCapStyle":0,"elements":[{"type":"MoveToPoint","points":[[33.119019332132325,8.110992431640625]]},{"type":"AddLine","points":[[99.803755936422363,8.110992431640625]]},{"type":"AddCurve","points":[[107.20634673148106,8.110992431640625],[111.64790120851626,8.110992431640625],[114.60893752653976,9.3471853582308881]]},{"type":"AddCurve","points":[[118.87752727950624,10.900824970604447],[122.24005942880967,14.263357119907823],[123.79369904118312,18.5319468728743]]},{"type":"AddCurve","points":[[125.02989196777344,21.492983190897803],[125.02989196777344,25.934537667933],[125.02989196777344,33.3371284629917]]},{"type":"AddLine","points":[[125.02989196777344,80.991439041891113]]},{"type":"AddCurve","points":[[125.02989196777344,88.394029836949812],[125.02989196777344,92.835584313985009],[123.79369904118312,95.796620632008512]]},{"type":"AddCurve","points":[[122.24005942880967,100.06521038497499],[118.87752727950624,103.42774253427842],[114.60893752653976,104.98138214665192]]},{"type":"AddCurve","points":[[111.64790120851626,106.21757507324219],[107.20634673148106,106.21757507324219],[99.803755936422363,106.21757507324219]]},{"type":"AddLine","points":[[33.119019332132325,106.21757507324219]]},{"type":"AddCurve","points":[[25.716428537073625,106.21757507324219],[21.274874060038428,106.21757507324219],[18.313837742014925,104.98138214665192]]},{"type":"AddCurve","points":[[14.045247989048448,103.42774253427842],[10.682715839745015,100.06521038497499],[9.12907622737157,95.796620632008512]]},{"type":"AddCurve","points":[[7.89288330078125,92.835584313985009],[7.89288330078125,88.394029836949812],[7.89288330078125,80.991439041891113]]},{"type":"AddLine","points":[[7.89288330078125,33.3371284629917]]},{"type":"AddCurve","points":[[7.89288330078125,25.934537667933],[7.89288330078125,21.492983190897803],[9.12907622737157,18.5319468728743]]},{"type":"AddCurve","points":[[10.682715839745015,14.263357119907823],[14.045247989048448,10.900824970604447],[18.313837742014925,9.3471853582308881]]},{"type":"AddCurve","points":[[21.274874060038428,8.110992431640625],[25.716428537073625,8.110992431640625],[33.119019332132325,8.110992431640625]]},{"type":"CloseSubpath"},{"type":"MoveToPoint","points":[[33.119019332132325,8.110992431640625]]}],"windingRule":0,"lineJoinStyle":0,"miterLimit":10},"isBackgroundTexture":true,"textBaseline":0,"isVerticalText":false,"textureType":5},"initialState":{"affineTransform":[1,0,0,1,0,0],"masksToBounds":false,"rotation":0,"scale":1,"position":{"pointX":65.068504333496094,"pointY":55.553291320800781},"width":133,"sublayerTransform":[1,0,0,0,0,1,0,0,0,0,1,0,0,0,0,1],"contentsRect":{"y":0,"x":0,"width":1,"height":1},"opacity":1,"edgeAntialiasingMask":0,"height":114,"hidden":false,"anchorPoint":{"pointX":0.49970968146073191,"pointY":0.50144108554773159}},"texture":"DD6D41BA6D8244A295D3E6C6DE0E86E5"}]},{"animations":[],"initialState":{"affineTransform":[1,0,0,1,0,0],"masksToBounds":false,"rotation":0,"scale":1,"position":{"pointX":597.6129035949707,"pointY":459.16428756713867},"width":119.47483062744141,"sublayerTransform":[1,0,0,0,0,1,0,0,0,0,1,0,0,0,0,1],"contentsRect":{"y":0,"x":0,"width":1,"height":1},"opacity":1,"edgeAntialiasingMask":251658240,"height":101.32607269287109,"hidden":false,"anchorPoint":{"pointX":0.5,"pointY":0.5}},"layers":[{"animations":[],"layers":[],"texturedRectangle":{"singleTextureOpacity":1,"textXHeight":0,"shapePath":{"lineWidth":1,"flatness":0.59999999999999998,"lineCapStyle":0,"elements":[{"type":"MoveToPoint","points":[[31.305463281250013,8.001251220703125]]},{"type":"AddLine","points":[[91.920343908691393,8.001251220703125]]},{"type":"AddCurve","points":[[98.64912796245892,8.001251220703125],[102.6863983947195,8.001251220703125],[105.37791201622656,9.1249220384083856]]},{"type":"AddCurve","points":[[109.25796150930523,10.537144561368677],[112.31442556802585,13.593608620089356],[113.72664809098615,17.473658113168028]]},{"type":"AddCurve","points":[[114.85031890869141,20.165171734675027],[114.85031890869141,24.202442166935555],[114.85031890869141,30.931226220703138]]},{"type":"AddLine","points":[[114.85031890869141,73.397348913574206]]},{"type":"AddCurve","points":[[114.85031890869141,80.126132967341789],[114.85031890869141,84.163403399602316],[113.72664809098615,86.854917021109316]]},{"type":"AddCurve","points":[[112.31442556802585,90.734966514188045],[109.25796150930523,93.791430572908666],[105.37791201622656,95.203653095868958]]},{"type":"AddCurve","points":[[102.6863983947195,96.327323913574219],[98.64912796245892,96.327323913574219],[91.920343908691393,96.327323913574219]]},{"type":"AddLine","points":[[31.305463281250013,96.327323913574219]]},{"type":"AddCurve","points":[[24.576679227482487,96.327323913574219],[20.539408795221902,96.327323913574219],[17.847895173714846,95.203653095868958]]},{"type":"AddCurve","points":[[13.967845680636174,93.791430572908666],[10.911381621915552,90.734966514188045],[9.4991590989552606,86.854917021109316]]},{"type":"AddCurve","points":[[8.37548828125,84.163403399602316],[8.37548828125,80.126132967341789],[8.37548828125,73.397348913574206]]},{"type":"AddLine","points":[[8.37548828125,30.931226220703138]]},{"type":"AddCurve","points":[[8.37548828125,24.202442166935555],[8.37548828125,20.165171734675027],[9.4991590989552606,17.473658113168028]]},{"type":"AddCurve","points":[[10.911381621915552,13.593608620089356],[13.967845680636174,10.537144561368677],[17.847895173714846,9.1249220384083856]]},{"type":"AddCurve","points":[[20.539408795221902,8.001251220703125],[24.576679227482487,8.001251220703125],[31.305463281250013,8.001251220703125]]},{"type":"CloseSubpath"},{"type":"MoveToPoint","points":[[31.305463281250013,8.001251220703125]]}],"windingRule":0,"lineJoinStyle":0,"miterLimit":10},"isBackgroundTexture":true,"textBaseline":0,"isVerticalText":false,"textureType":5},"initialState":{"affineTransform":[1,0,0,1,0,0],"masksToBounds":false,"rotation":0,"scale":1,"position":{"pointX":59.737415313720703,"pointY":50.663036346435547},"width":123,"sublayerTransform":[1,0,0,0,0,1,0,0,0,0,1,0,0,0,0,1],"contentsRect":{"y":0,"x":0,"width":1,"height":1},"opacity":1,"edgeAntialiasingMask":0,"height":104,"hidden":false,"anchorPoint":{"pointX":0.50091791540626585,"pointY":0.5015796881455642}},"texture":"1B95C99D2A334CF523C4F3BF1A92CDDE"}]},{"animations":[],"initialState":{"affineTransform":[1,0,0,1,0,0],"masksToBounds":false,"rotation":0,"scale":1,"position":{"pointX":511.73333740234375,"pointY":744.76794403791428},"width":26.791998575208709,"sublayerTransform":[1,0,0,0,0,1,0,0,0,0,1,0,0,0,0,1],"contentsRect":{"y":0,"x":0,"width":1,"height":1},"opacity":1,"edgeAntialiasingMask":251658240,"height":25.535888075828552,"hidden":false,"anchorPoint":{"pointX":0.5,"pointY":0.5}},"layers":[{"animations":[],"layers":[],"texturedRectangle":{"singleTextureOpacity":1,"textXHeight":0.55786666666666673,"textBaseline":0.87519531250000004,"isBackgroundTexture":true,"isVerticalText":false,"textColor":[0,0,0,1],"textureType":6},"initialState":{"affineTransform":[1,0,0,1,0,0],"masksToBounds":false,"rotation":0,"scale":1,"position":{"pointX":13.396000000000015,"pointY":12.7679443359375},"width":21,"sublayerTransform":[1,0,0,0,0,1,0,0,0,0,1,0,0,0,0,1],"contentsRect":{"y":0,"x":0,"width":1,"height":1},"opacity":1,"edgeAntialiasingMask":0,"height":15,"hidden":false,"anchorPoint":{"pointX":0.51111133879711479,"pointY":0.51786295572916663}},"texture":"2AC8790372CE76B44B1F23029FB8FBA2"}]}]}}]}