{"assets":{"3F6DA8407267FC6B9F151C6A82DE061C":{"type":"texture","index":2,"assetRequest":{"type":"slide","state":"contents","slide":"none"},"url":{"native":"assets\/C688F3CA-579B-42D5-83F4-8AF04696AF4C.pdf"},"width":936,"height":274},"3B192F992DF30FF5FA9491A3055ECA77":{"type":"texture","index":1,"assetRequest":{"type":"slide","state":"contents","slide":"none"},"url":{"native":"assets\/C688F3CA-579B-42D5-83F4-8AF04696AF4C.pdf"},"width":916,"height":75},"30B8D5A2A525384B3079F2922CCD8DD6":{"type":"texture","index":14,"assetRequest":{"type":"slide","state":"contents","slide":"none"},"url":{"native":"assets\/C688F3CA-579B-42D5-83F4-8AF04696AF4C.pdf"},"width":416,"height":80},"7FE40940697F9C468BF5DEAFF288626B":{"type":"texture","index":10,"assetRequest":{"type":"slide","state":"contents","slide":"none"},"url":{"native":"assets\/C688F3CA-579B-42D5-83F4-8AF04696AF4C.pdf"},"width":178,"height":81},"D5091346EA199985F4561EDFC1A6D610":{"type":"texture","index":16,"assetRequest":{"type":"slide","state":"contents","slide":"none"},"url":{"native":"assets\/C688F3CA-579B-42D5-83F4-8AF04696AF4C.pdf"},"width":21,"height":15},"498E23C82CA78A4BCD7BA88E5243B6FC":{"type":"texture","index":0,"assetRequest":{"type":"slide","state":"contents","slide":"none"},"url":{"native":"assets\/C688F3CA-579B-42D5-83F4-8AF04696AF4C.pdf"},"width":1024,"height":768},"841682CEB307CC912BF6AECD9C97C205":{"type":"texture","index":4,"assetRequest":{"type":"slide","state":"contents","slide":"none"},"url":{"native":"assets\/C688F3CA-579B-42D5-83F4-8AF04696AF4C.pdf"},"width":166,"height":28},"FB31BE6041C0F8A8E0CD468318FFF709":{"type":"texture","index":15,"assetRequest":{"type":"slide","state":"contents","slide":"none"},"url":{"native":"assets\/C688F3CA-579B-42D5-83F4-8AF04696AF4C.pdf"},"width":562,"height":35},"18F177632C89E29E8F32A1E1126EC027":{"type":"texture","index":11,"assetRequest":{"type":"slide","state":"contents","slide":"none"},"url":{"native":"assets\/C688F3CA-579B-42D5-83F4-8AF04696AF4C.pdf"},"width":178,"height":81},"94F5330B7010ED16BFB3D43D6769CA83":{"type":"texture","index":7,"assetRequest":{"type":"slide","state":"contents","slide":"none"},"url":{"native":"assets\/C688F3CA-579B-42D5-83F4-8AF04696AF4C.pdf"},"width":582,"height":228},"492C72977A00CF43B6D8FF222591DABD":{"type":"texture","index":12,"assetRequest":{"type":"slide","state":"contents","slide":"none"},"url":{"native":"assets\/C688F3CA-579B-42D5-83F4-8AF04696AF4C.pdf"},"width":18,"height":15},"8EEC7B5E60C87E6C3B9F46410273E5C9":{"type":"texture","index":5,"assetRequest":{"type":"slide","state":"contents","slide":"none"},"url":{"native":"assets\/C688F3CA-579B-42D5-83F4-8AF04696AF4C.pdf"},"width":89,"height":38},"7C199D17DF2F10348537387F076D590A":{"type":"texture","index":3,"assetRequest":{"type":"slide","state":"contents","slide":"none"},"url":{"native":"assets\/C688F3CA-579B-42D5-83F4-8AF04696AF4C.pdf"},"width":247,"height":56},"8EAF51F6753BA8426043FAB0BDDFA34D":{"type":"texture","index":6,"assetRequest":{"type":"slide","state":"contents","slide":"none"},"url":{"native":"assets\/C688F3CA-579B-42D5-83F4-8AF04696AF4C.pdf"},"width":526,"height":56},"24B428D9E7837DD5DB7BF90E3B8C49C4":{"type":"texture","index":9,"assetRequest":{"type":"slide","state":"contents","slide":"none"},"url":{"native":"assets\/C688F3CA-579B-42D5-83F4-8AF04696AF4C.pdf"},"width":159,"height":94},"A2897C2E2800A265E571C5CCB099E863":{"type":"texture","index":13,"assetRequest":{"type":"slide","state":"contents","slide":"none"},"url":{"native":"assets\/C688F3CA-579B-42D5-83F4-8AF04696AF4C.pdf"},"width":716,"height":407},"C778AD63C44D08098EDA52C733DA44F6":{"type":"texture","index":8,"assetRequest":{"type":"slide","state":"contents","slide":"none"},"url":{"native":"assets\/C688F3CA-579B-42D5-83F4-8AF04696AF4C.pdf"},"width":159,"height":94}},"events":[{"effects":[{"beginTime":0,"baseLayer":{"animations":[],"initialState":{"affineTransform":[1,0,0,1,0,0],"masksToBounds":false,"rotation":0,"scale":1,"position":{"pointX":512,"pointY":384},"width":1024,"sublayerTransform":[1,0,0,0,0,1,0,0,0,0,1,0,0,0,0,1],"contentsRect":{"y":0,"x":0,"width":1,"height":1},"opacity":1,"edgeAntialiasingMask":251658240,"height":768,"hidden":false,"anchorPoint":{"pointX":0.5,"pointY":0.5}},"objectID":"0","layers":[{"animations":[],"initialState":{"affineTransform":[1,0,0,1,0,0],"masksToBounds":false,"rotation":0,"scale":1,"position":{"pointX":512,"pointY":384},"width":1024,"sublayerTransform":[1,0,0,0,0,1,0,0,0,0,1,-0.00049229876906403734,0,0,0,1],"contentsRect":{"y":0,"x":0,"width":1,"height":1},"opacity":1,"edgeAntialiasingMask":251658240,"height":768,"hidden":false,"anchorPoint":{"pointX":0.5,"pointY":0.5}},"layers":[{"animations":[],"initialState":{"affineTransform":[1,0,0,1,0,0],"masksToBounds":false,"rotation":0,"scale":1,"position":{"pointX":512,"pointY":384},"width":1024,"sublayerTransform":[1,0,0,0,0,1,0,0,0,0,1,0,0,0,0,1],"contentsRect":{"y":0,"x":0,"width":1,"height":1},"opacity":1,"edgeAntialiasingMask":251658240,"height":768,"hidden":false,"anchorPoint":{"pointX":0.5,"pointY":0.5}},"layers":[{"animations":[{"repeatCount":0,"removedOnCompletion":false,"from":{"scalar":false},"timingFunction":"EaseInEaseOut","additive":false,"timeOffset":0,"autoreverses":false,"property":"hidden","fillMode":"both","duration":1,"beginTime":0,"to":{"scalar":false}}],"layers":[],"texturedRectangle":{"isBackgroundTexture":true,"singleTextureOpacity":1,"textureType":1,"textBaseline":0,"textXHeight":0,"isVerticalText":false},"initialState":{"affineTransform":[1,0,0,1,0,0],"masksToBounds":false,"rotation":0,"scale":1,"position":{"pointX":512,"pointY":384},"width":1024,"sublayerTransform":[1,0,0,0,0,1,0,0,0,0,1,0,0,0,0,1],"contentsRect":{"y":0,"x":0,"width":1,"height":1},"opacity":1,"edgeAntialiasingMask":0,"height":768,"hidden":false,"anchorPoint":{"pointX":0.5,"pointY":0.5}},"texture":"498E23C82CA78A4BCD7BA88E5243B6FC"}]},{"animations":[],"initialState":{"affineTransform":[1,0,0,1,0,0],"masksToBounds":false,"rotation":0,"scale":1,"position":{"pointX":512,"pointY":384},"width":1024,"sublayerTransform":[1,0,0,0,0,1,0,0,0,0,1,0,0,0,0,1],"contentsRect":{"y":0,"x":0,"width":1,"height":1},"opacity":1,"edgeAntialiasingMask":251658240,"height":768,"hidden":false,"anchorPoint":{"pointX":0.5,"pointY":0.5}},"layers":[{"animations":[{"repeatCount":0,"removedOnCompletion":false,"from":{"scalar":1},"timingFunction":"EaseInEaseOut","additive":false,"timeOffset":0,"autoreverses":false,"property":"opacity","fillMode":"both","duration":1,"beginTime":0,"to":{"scalar":0}}],"layers":[],"texturedRectangle":{"isBackgroundTexture":true,"singleTextureOpacity":1,"textureType":1,"textBaseline":0,"textXHeight":0,"isVerticalText":false},"initialState":{"affineTransform":[1,0,0,1,0,0],"masksToBounds":false,"rotation":0,"scale":1,"position":{"pointX":512,"pointY":384},"width":1024,"sublayerTransform":[1,0,0,0,0,1,0,0,0,0,1,0,0,0,0,1],"contentsRect":{"y":0,"x":0,"width":1,"height":1},"opacity":1,"edgeAntialiasingMask":0,"height":768,"hidden":false,"anchorPoint":{"pointX":0.5,"pointY":0.5}},"texture":"498E23C82CA78A4BCD7BA88E5243B6FC"}]}]},{"animations":[],"initialState":{"affineTransform":[1,0,0,1,0,0],"masksToBounds":false,"rotation":0,"scale":1,"position":{"pointX":503.78839111328125,"pointY":54.989408493041992},"width":916,"sublayerTransform":[1,0,0,0,0,1,0,0,0,0,1,0,0,0,0,1],"contentsRect":{"y":0,"x":0,"width":1,"height":1},"opacity":1,"edgeAntialiasingMask":251658240,"height":75,"hidden":false,"anchorPoint":{"pointX":0.5,"pointY":0.5}},"layers":[{"animations":[{"additive":false,"timeOffset":0,"beginTime":0,"repeatCount":0,"fillMode":"both","duration":1,"autoreverses":false,"animations":[{"repeatCount":0,"removedOnCompletion":true,"from":{"pointX":467.21160888671875,"pointY":74.010591506958008},"timingFunction":"EaseInEaseOut","additive":false,"timeOffset":0,"autoreverses":false,"property":"position","fillMode":"both","duration":1,"beginTime":0,"to":{"pointX":2515.2116088867188,"pointY":74.010591506958008}},{"additive":false,"timeOffset":0,"beginTime":0,"from":{"scalar":1},"repeatCount":0,"fillMode":"both","duration":1,"autoreverses":false,"property":"opacity","to":{"scalar":1},"removedOnCompletion":true},{"additive":false,"timeOffset":0,"beginTime":0,"from":{"scalar":false},"repeatCount":0,"fillMode":"both","duration":1,"autoreverses":false,"property":"hidden","to":{"scalar":false},"removedOnCompletion":true}],"removedOnCompletion":false}],"layers":[],"texturedRectangle":{"singleTextureOpacity":1,"textXHeight":0.48159116022099446,"textBaseline":0.70890988667805988,"isBackgroundTexture":false,"isVerticalText":false,"textColor":[0,0,0,1],"textureType":6},"initialState":{"affineTransform":[1,0,0,1,0,0],"masksToBounds":false,"rotation":0,"scale":1,"position":{"pointX":467.21160888671875,"pointY":74.010591506958008},"width":916,"sublayerTransform":[1,0,0,0,0,1,0,0,0,0,1,0,0,0,0,1],"contentsRect":{"y":0,"x":0,"width":1,"height":1},"opacity":1,"edgeAntialiasingMask":0,"height":75,"hidden":false,"anchorPoint":{"pointX":0.5,"pointY":0.5}},"texture":"3B192F992DF30FF5FA9491A3055ECA77"}]},{"animations":[],"initialState":{"affineTransform":[1,0,0,1,0,0],"masksToBounds":false,"rotation":0,"scale":1,"position":{"pointX":513.78125,"pointY":385.5},"width":936,"sublayerTransform":[1,0,0,0,0,1,0,0,0,0,1,0,0,0,0,1],"contentsRect":{"y":0,"x":0,"width":1,"height":1},"opacity":1,"edgeAntialiasingMask":251658240,"height":274,"hidden":false,"anchorPoint":{"pointX":0.5,"pointY":0.5}},"layers":[{"animations":[{"additive":false,"timeOffset":0,"beginTime":0,"repeatCount":0,"fillMode":"both","duration":1,"autoreverses":false,"animations":[{"repeatCount":0,"removedOnCompletion":true,"from":{"pointX":466.21875,"pointY":135.5},"timingFunction":"EaseInEaseOut","additive":false,"timeOffset":0,"autoreverses":false,"property":"position","fillMode":"both","duration":1,"beginTime":0,"to":{"pointX":2421.127840909091,"pointY":135.5}},{"additive":false,"timeOffset":0,"beginTime":0,"from":{"scalar":1},"repeatCount":0,"fillMode":"both","duration":1,"autoreverses":false,"property":"opacity","to":{"scalar":1},"removedOnCompletion":true},{"additive":false,"timeOffset":0,"beginTime":0,"from":{"scalar":false},"repeatCount":0,"fillMode":"both","duration":1,"autoreverses":false,"property":"hidden","to":{"scalar":false},"removedOnCompletion":true}],"removedOnCompletion":false}],"layers":[],"texturedRectangle":{"isBackgroundTexture":true,"singleTextureOpacity":1,"textureType":5,"textBaseline":0,"textXHeight":0,"isVerticalText":false},"initialState":{"affineTransform":[1,0,0,1,0,0],"masksToBounds":false,"rotation":0,"scale":1,"position":{"pointX":466.21875,"pointY":135.5},"width":936,"sublayerTransform":[1,0,0,0,0,1,0,0,0,0,1,0,0,0,0,1],"contentsRect":{"y":0,"x":0,"width":1,"height":1},"opacity":1,"edgeAntialiasingMask":0,"height":274,"hidden":false,"anchorPoint":{"pointX":0.5,"pointY":0.5}},"texture":"3F6DA8407267FC6B9F151C6A82DE061C"}]},{"animations":[],"initialState":{"affineTransform":[1,0,0,1,0,0],"masksToBounds":false,"rotation":0,"scale":1,"position":{"pointX":178.90179824829096,"pointY":198.326416015625},"width":247,"sublayerTransform":[1,0,0,0,0,1,0,0,0,0,1,0,0,0,0,1],"contentsRect":{"y":0,"x":0,"width":1,"height":1},"opacity":1,"edgeAntialiasingMask":251658240,"height":56,"hidden":false,"anchorPoint":{"pointX":0.5,"pointY":0.5}},"layers":[{"animations":[{"additive":false,"timeOffset":0,"beginTime":0,"repeatCount":0,"fillMode":"both","duration":1,"autoreverses":false,"animations":[{"repeatCount":0,"removedOnCompletion":true,"from":{"pointX":122.09820175170903,"pointY":26.673583984375},"timingFunction":"EaseInEaseOut","additive":false,"timeOffset":0,"autoreverses":false,"property":"position","fillMode":"both","duration":1,"beginTime":0,"to":{"pointX":1983.916383569891,"pointY":26.673583984375}},{"additive":false,"timeOffset":0,"beginTime":0,"from":{"scalar":1},"repeatCount":0,"fillMode":"both","duration":1,"autoreverses":false,"property":"opacity","to":{"scalar":1},"removedOnCompletion":true},{"additive":false,"timeOffset":0,"beginTime":0,"from":{"scalar":false},"repeatCount":0,"fillMode":"both","duration":1,"autoreverses":false,"property":"hidden","to":{"scalar":false},"removedOnCompletion":true}],"removedOnCompletion":false}],"layers":[],"texturedRectangle":{"singleTextureOpacity":1,"textXHeight":0,"shapePath":{"lineWidth":1,"flatness":0.59999999999999998,"lineCapStyle":0,"elements":[{"type":"MoveToPoint","points":[[4.401798248290973,4.326416015625]]},{"type":"AddLine","points":[[242.6257209777832,4.326416015625]]},{"type":"AddLine","points":[[242.6257209777832,51.882648468017578]]},{"type":"AddLine","points":[[4.401798248290973,51.882648468017578]]},{"type":"CloseSubpath"},{"type":"MoveToPoint","points":[[4.401798248290973,4.326416015625]]}],"windingRule":0,"lineJoinStyle":0,"miterLimit":10},"isBackgroundTexture":true,"textBaseline":0,"isVerticalText":false,"textureType":5},"initialState":{"affineTransform":[1,0,0,1,0,0],"masksToBounds":false,"rotation":0,"scale":1,"position":{"pointX":122.09820175170903,"pointY":26.673583984375},"width":247,"sublayerTransform":[1,0,0,0,0,1,0,0,0,0,1,0,0,0,0,1],"contentsRect":{"y":0,"x":0,"width":1,"height":1},"opacity":1,"edgeAntialiasingMask":0,"height":56,"hidden":false,"anchorPoint":{"pointX":0.5,"pointY":0.5}},"texture":"7C199D17DF2F10348537387F076D590A"},{"animations":[{"additive":false,"timeOffset":0,"beginTime":0,"repeatCount":0,"fillMode":"both","duration":1,"autoreverses":false,"animations":[{"repeatCount":0,"removedOnCompletion":true,"from":{"pointX":122.59820175170903,"pointY":29.673583984375},"timingFunction":"EaseInEaseOut","additive":false,"timeOffset":0,"autoreverses":false,"property":"position","fillMode":"both","duration":1,"beginTime":0,"to":{"pointX":1891.3254744789817,"pointY":29.673583984375}},{"additive":false,"timeOffset":0,"beginTime":0,"from":{"scalar":1},"repeatCount":0,"fillMode":"both","duration":1,"autoreverses":false,"property":"opacity","to":{"scalar":1},"removedOnCompletion":true},{"additive":false,"timeOffset":0,"beginTime":0,"from":{"scalar":false},"repeatCount":0,"fillMode":"both","duration":1,"autoreverses":false,"property":"hidden","to":{"scalar":false},"removedOnCompletion":true}],"removedOnCompletion":false}],"layers":[],"texturedRectangle":{"singleTextureOpacity":1,"textXHeight":0.44790844514601419,"textBaseline":0.67582975115094868,"isBackgroundTexture":false,"isVerticalText":false,"textColor":[0.99999994039535522,0.39067721366882324,0.3055555522441864,1],"textureType":6},"initialState":{"affineTransform":[1,0,0,1,0,0],"masksToBounds":false,"rotation":0,"scale":1,"position":{"pointX":122.59820175170903,"pointY":29.673583984375},"width":166,"sublayerTransform":[1,0,0,0,0,1,0,0,0,0,1,0,0,0,0,1],"contentsRect":{"y":0,"x":0,"width":1,"height":1},"opacity":1,"edgeAntialiasingMask":0,"height":28,"hidden":false,"anchorPoint":{"pointX":0.5,"pointY":0.5}},"texture":"841682CEB307CC912BF6AECD9C97C205"}]},{"animations":[],"initialState":{"affineTransform":[1,0,0,1,0,0],"masksToBounds":false,"rotation":0,"scale":1,"position":{"pointX":376.40081787109375,"pointY":196.87598366647936},"width":89,"sublayerTransform":[1,0,0,0,0,1,0,0,0,0,1,0,0,0,0,1],"contentsRect":{"y":0,"x":0,"width":1,"height":1},"opacity":1,"edgeAntialiasingMask":251658240,"height":38,"hidden":false,"anchorPoint":{"pointX":0.5,"pointY":0.5}},"layers":[{"animations":[{"additive":false,"timeOffset":0,"beginTime":0,"repeatCount":0,"fillMode":"both","duration":1,"autoreverses":false,"animations":[{"repeatCount":0,"removedOnCompletion":true,"from":{"pointX":42.59918212890625,"pointY":17.124016333520643},"timingFunction":"EaseInEaseOut","additive":false,"timeOffset":0,"autoreverses":false,"property":"position","fillMode":"both","duration":1,"beginTime":0,"to":{"pointX":1718.2355457652698,"pointY":17.124016333520643}},{"additive":false,"timeOffset":0,"beginTime":0,"from":{"scalar":1},"repeatCount":0,"fillMode":"both","duration":1,"autoreverses":false,"property":"opacity","to":{"scalar":1},"removedOnCompletion":true},{"additive":false,"timeOffset":0,"beginTime":0,"from":{"scalar":false},"repeatCount":0,"fillMode":"both","duration":1,"autoreverses":false,"property":"hidden","to":{"scalar":false},"removedOnCompletion":true}],"removedOnCompletion":false}],"layers":[],"texturedRectangle":{"singleTextureOpacity":1,"textXHeight":0,"shapePath":{"lineWidth":1,"flatness":0.59999999999999998,"lineCapStyle":0,"elements":[{"type":"MoveToPoint","points":[[5.90081787109375,19.496688842773438]]},{"type":"AddLine","points":[[73.364433548586703,19.496688842773438]]}],"windingRule":0,"lineJoinStyle":0,"miterLimit":10},"isBackgroundTexture":true,"textBaseline":0,"isVerticalText":false,"textureType":5},"initialState":{"affineTransform":[1,0,0,1,0,0],"masksToBounds":false,"rotation":0,"scale":1,"position":{"pointX":42.59918212890625,"pointY":17.124016333520643},"width":89,"sublayerTransform":[1,0,0,0,0,1,0,0,0,0,1,0,0,0,0,1],"contentsRect":{"y":0,"x":0,"width":1,"height":1},"opacity":1,"edgeAntialiasingMask":0,"height":38,"hidden":false,"anchorPoint":{"pointX":0.5,"pointY":0.5}},"texture":"8EEC7B5E60C87E6C3B9F46410273E5C9"}]},{"animations":[],"initialState":{"affineTransform":[1,0,0,1,0,0],"masksToBounds":false,"rotation":0,"scale":1,"position":{"pointX":708.92303466796852,"pointY":198.326416015625},"width":526,"sublayerTransform":[1,0,0,0,0,1,0,0,0,0,1,0,0,0,0,1],"contentsRect":{"y":0,"x":0,"width":1,"height":1},"opacity":1,"edgeAntialiasingMask":251658240,"height":56,"hidden":false,"anchorPoint":{"pointX":0.5,"pointY":0.5}},"layers":[{"animations":[{"additive":false,"timeOffset":0,"beginTime":0,"repeatCount":0,"fillMode":"both","duration":1,"autoreverses":false,"animations":[{"repeatCount":0,"removedOnCompletion":true,"from":{"pointX":261.07696533203148,"pointY":26.673583984375},"timingFunction":"EaseInEaseOut","additive":false,"timeOffset":0,"autoreverses":false,"property":"position","fillMode":"both","duration":1,"beginTime":0,"to":{"pointX":1843.622419877486,"pointY":26.673583984375}},{"additive":false,"timeOffset":0,"beginTime":0,"from":{"scalar":1},"repeatCount":0,"fillMode":"both","duration":1,"autoreverses":false,"property":"opacity","to":{"scalar":1},"removedOnCompletion":true},{"additive":false,"timeOffset":0,"beginTime":0,"from":{"scalar":false},"repeatCount":0,"fillMode":"both","duration":1,"autoreverses":false,"property":"hidden","to":{"scalar":false},"removedOnCompletion":true}],"removedOnCompletion":false}],"layers":[],"texturedRectangle":{"singleTextureOpacity":1,"textXHeight":0,"shapePath":{"lineWidth":1,"flatness":0.59999999999999998,"lineCapStyle":0,"elements":[{"type":"MoveToPoint","points":[[4.9230346679685226,4.326416015625]]},{"type":"AddLine","points":[[521.59820556640625,4.326416015625]]},{"type":"AddLine","points":[[521.59820556640625,51.882648468017578]]},{"type":"AddLine","points":[[4.9230346679685226,51.882648468017578]]},{"type":"CloseSubpath"},{"type":"MoveToPoint","points":[[4.9230346679685226,4.326416015625]]}],"windingRule":0,"lineJoinStyle":0,"miterLimit":10},"isBackgroundTexture":true,"textBaseline":0,"isVerticalText":false,"textureType":5},"initialState":{"affineTransform":[1,0,0,1,0,0],"masksToBounds":false,"rotation":0,"scale":1,"position":{"pointX":261.07696533203148,"pointY":26.673583984375},"width":526,"sublayerTransform":[1,0,0,0,0,1,0,0,0,0,1,0,0,0,0,1],"contentsRect":{"y":0,"x":0,"width":1,"height":1},"opacity":1,"edgeAntialiasingMask":0,"height":56,"hidden":false,"anchorPoint":{"pointX":0.5,"pointY":0.5}},"texture":"8EAF51F6753BA8426043FAB0BDDFA34D"}]},{"animations":[],"initialState":{"affineTransform":[1,0,0,1,0,0],"masksToBounds":false,"rotation":0,"scale":1,"position":{"pointX":513.91119384765625,"pointY":658.11737060546875},"width":582,"sublayerTransform":[1,0,0,0,0,1,0,0,0,0,1,0,0,0,0,1],"contentsRect":{"y":0,"x":0,"width":1,"height":1},"opacity":1,"edgeAntialiasingMask":251658240,"height":228,"hidden":false,"anchorPoint":{"pointX":0.5,"pointY":0.5}},"layers":[{"animations":[{"additive":false,"timeOffset":0,"beginTime":0,"repeatCount":0,"fillMode":"both","duration":1,"autoreverses":false,"animations":[{"repeatCount":0,"removedOnCompletion":true,"from":{"pointX":289.08880615234375,"pointY":112.88262939453125},"timingFunction":"EaseInEaseOut","additive":false,"timeOffset":0,"autoreverses":false,"property":"position","fillMode":"both","duration":1,"beginTime":0,"to":{"pointX":1778.5433516068892,"pointY":112.88262939453125}},{"additive":false,"timeOffset":0,"beginTime":0,"from":{"scalar":1},"repeatCount":0,"fillMode":"both","duration":1,"autoreverses":false,"property":"opacity","to":{"scalar":1},"removedOnCompletion":true},{"additive":false,"timeOffset":0,"beginTime":0,"from":{"scalar":false},"repeatCount":0,"fillMode":"both","duration":1,"autoreverses":false,"property":"hidden","to":{"scalar":false},"removedOnCompletion":true}],"removedOnCompletion":false}],"layers":[],"texturedRectangle":{"isBackgroundTexture":true,"singleTextureOpacity":1,"textureType":5,"textBaseline":0,"textXHeight":0,"isVerticalText":false},"initialState":{"affineTransform":[1,0,0,1,0,0],"masksToBounds":false,"rotation":0,"scale":1,"position":{"pointX":289.08880615234375,"pointY":112.88262939453125},"width":582,"sublayerTransform":[1,0,0,0,0,1,0,0,0,0,1,0,0,0,0,1],"contentsRect":{"y":0,"x":0,"width":1,"height":1},"opacity":1,"edgeAntialiasingMask":0,"height":228,"hidden":false,"anchorPoint":{"pointX":0.5,"pointY":0.5}},"texture":"94F5330B7010ED16BFB3D43D6769CA83"}]},{"animations":[],"initialState":{"affineTransform":[1,0,0,1,0,0],"masksToBounds":false,"rotation":0,"scale":1,"position":{"pointX":349.10110473632812,"pointY":636.0450439453125},"width":159,"sublayerTransform":[1,0,0,0,0,1,0,0,0,0,1,0,0,0,0,1],"contentsRect":{"y":0,"x":0,"width":1,"height":1},"opacity":1,"edgeAntialiasingMask":251658240,"height":94,"hidden":false,"anchorPoint":{"pointX":0.5,"pointY":0.5}},"layers":[{"animations":[{"additive":false,"timeOffset":0,"beginTime":0,"repeatCount":0,"fillMode":"both","duration":1,"autoreverses":false,"animations":[{"repeatCount":0,"removedOnCompletion":true,"from":{"pointX":77.898895263671875,"pointY":45.9549560546875},"timingFunction":"EaseInEaseOut","additive":false,"timeOffset":0,"autoreverses":false,"property":"position","fillMode":"both","duration":1,"beginTime":0,"to":{"pointX":1474.2625316273084,"pointY":45.9549560546875}},{"additive":false,"timeOffset":0,"beginTime":0,"from":{"scalar":1},"repeatCount":0,"fillMode":"both","duration":1,"autoreverses":false,"property":"opacity","to":{"scalar":1},"removedOnCompletion":true},{"additive":false,"timeOffset":0,"beginTime":0,"from":{"scalar":false},"repeatCount":0,"fillMode":"both","duration":1,"autoreverses":false,"property":"hidden","to":{"scalar":false},"removedOnCompletion":true}],"removedOnCompletion":false}],"layers":[],"texturedRectangle":{"singleTextureOpacity":1,"textXHeight":0,"shapePath":{"lineWidth":1,"flatness":0.59999999999999998,"lineCapStyle":0,"elements":[{"type":"MoveToPoint","points":[[24.532595912528052,7.5450439453125]]},{"type":"AddLine","points":[[134.56550284235482,7.5450439453125]]},{"type":"AddCurve","points":[[139.3873116670934,7.5450439453125],[142.28039696193662,7.5450439453125],[144.20912049183204,8.3502601361751658]]},{"type":"AddCurve","points":[[146.98954214552953,9.3622508568303147],[149.17978710703687,11.552495818337661],[150.19177782769202,14.332917472035092]]},{"type":"AddCurve","points":[[150.99699401855469,16.26164100193057],[150.99699401855469,19.154726296773788],[150.99699401855469,23.97653512151237]]},{"type":"AddLine","points":[[150.99699401855469,69.736462315011067]]},{"type":"AddCurve","points":[[150.99699401855469,74.55827113974965],[150.99699401855469,77.451356434592867],[150.19177782769202,79.380079964488232]]},{"type":"AddCurve","points":[[149.17978710703687,82.160501618185776],[146.98954214552953,84.350746579693123],[144.20912049183204,85.362737300348272]]},{"type":"AddCurve","points":[[142.28039696193662,86.167953491210938],[139.3873116670934,86.167953491210938],[134.56550284235482,86.167953491210938]]},{"type":"AddLine","points":[[24.532595912528052,86.167953491210938]]},{"type":"AddCurve","points":[[19.710787087789413,86.167953491210938],[16.817701792946195,86.167953491210938],[14.888978263050774,85.362737300348272]]},{"type":"AddCurve","points":[[12.108556609353286,84.350746579693123],[9.9183116478459397,82.160501618185776],[8.9063209271908477,79.380079964488232]]},{"type":"AddCurve","points":[[8.101104736328125,77.451356434592867],[8.101104736328125,74.55827113974965],[8.101104736328125,69.736462315011067]]},{"type":"AddLine","points":[[8.101104736328125,23.97653512151237]]},{"type":"AddCurve","points":[[8.101104736328125,19.154726296773788],[8.101104736328125,16.26164100193057],[8.9063209271908477,14.332917472035092]]},{"type":"AddCurve","points":[[9.9183116478459397,11.552495818337661],[12.108556609353286,9.3622508568303147],[14.888978263050774,8.3502601361751658]]},{"type":"AddCurve","points":[[16.817701792946252,7.5450439453125],[19.710787087789413,7.5450439453125],[24.532595912528052,7.5450439453125]]},{"type":"CloseSubpath"},{"type":"MoveToPoint","points":[[24.532595912528052,7.5450439453125]]}],"windingRule":0,"lineJoinStyle":0,"miterLimit":10},"isBackgroundTexture":true,"textBaseline":0,"isVerticalText":false,"textureType":5},"initialState":{"affineTransform":[1,0,0,1,0,0],"masksToBounds":false,"rotation":0,"scale":1,"position":{"pointX":77.898895263671875,"pointY":45.9549560546875},"width":159,"sublayerTransform":[1,0,0,0,0,1,0,0,0,0,1,0,0,0,0,1],"contentsRect":{"y":0,"x":0,"width":1,"height":1},"opacity":1,"edgeAntialiasingMask":0,"height":94,"hidden":false,"anchorPoint":{"pointX":0.5,"pointY":0.5}},"texture":"C778AD63C44D08098EDA52C733DA44F6"}]},{"animations":[],"initialState":{"affineTransform":[1,0,0,1,0,0],"masksToBounds":false,"rotation":0,"scale":1,"position":{"pointX":529.2603759765625,"pointY":636.0450439453125},"width":159,"sublayerTransform":[1,0,0,0,0,1,0,0,0,0,1,0,0,0,0,1],"contentsRect":{"y":0,"x":0,"width":1,"height":1},"opacity":1,"edgeAntialiasingMask":251658240,"height":94,"hidden":false,"anchorPoint":{"pointX":0.5,"pointY":0.5}},"layers":[{"animations":[{"additive":false,"timeOffset":0,"beginTime":0,"repeatCount":0,"fillMode":"both","duration":1,"autoreverses":false,"animations":[{"repeatCount":0,"removedOnCompletion":true,"from":{"pointX":77.7396240234375,"pointY":45.9549560546875},"timingFunction":"EaseInEaseOut","additive":false,"timeOffset":0,"autoreverses":false,"property":"position","fillMode":"both","duration":1,"beginTime":0,"to":{"pointX":1381.0123512961648,"pointY":45.9549560546875}},{"additive":false,"timeOffset":0,"beginTime":0,"from":{"scalar":1},"repeatCount":0,"fillMode":"both","duration":1,"autoreverses":false,"property":"opacity","to":{"scalar":1},"removedOnCompletion":true},{"additive":false,"timeOffset":0,"beginTime":0,"from":{"scalar":false},"repeatCount":0,"fillMode":"both","duration":1,"autoreverses":false,"property":"hidden","to":{"scalar":false},"removedOnCompletion":true}],"removedOnCompletion":false}],"layers":[],"texturedRectangle":{"singleTextureOpacity":1,"textXHeight":0,"shapePath":{"lineWidth":1,"flatness":0.59999999999999998,"lineCapStyle":0,"elements":[{"type":"MoveToPoint","points":[[24.691867152762427,7.5450439453125]]},{"type":"AddLine","points":[[134.72477408258919,7.5450439453125]]},{"type":"AddCurve","points":[[139.54658290732777,7.5450439453125],[142.43966820217099,7.5450439453125],[144.36839173206636,8.3502601361751658]]},{"type":"AddCurve","points":[[147.1488133857639,9.3622508568303147],[149.33905834727125,11.552495818337661],[150.3510490679264,14.332917472035092]]},{"type":"AddCurve","points":[[151.15626525878906,16.26164100193057],[151.15626525878906,19.154726296773788],[151.15626525878906,23.97653512151237]]},{"type":"AddLine","points":[[151.15626525878906,69.736462315011067]]},{"type":"AddCurve","points":[[151.15626525878906,74.55827113974965],[151.15626525878906,77.451356434592867],[150.3510490679264,79.380079964488232]]},{"type":"AddCurve","points":[[149.33905834727125,82.160501618185776],[147.1488133857639,84.350746579693123],[144.36839173206636,85.362737300348272]]},{"type":"AddCurve","points":[[142.43966820217099,86.167953491210938],[139.54658290732777,86.167953491210938],[134.72477408258919,86.167953491210938]]},{"type":"AddLine","points":[[24.691867152762427,86.167953491210938]]},{"type":"AddCurve","points":[[19.870058328023788,86.167953491210938],[16.97697303318057,86.167953491210938],[15.048249503285149,85.362737300348272]]},{"type":"AddCurve","points":[[12.267827849587661,84.350746579693123],[10.077582888080315,82.160501618185776],[9.0655921674252227,79.380079964488232]]},{"type":"AddCurve","points":[[8.2603759765625,77.451356434592867],[8.2603759765625,74.55827113974965],[8.2603759765625,69.736462315011067]]},{"type":"AddLine","points":[[8.2603759765625,23.97653512151237]]},{"type":"AddCurve","points":[[8.2603759765625,19.154726296773788],[8.2603759765625,16.26164100193057],[9.0655921674252227,14.332917472035092]]},{"type":"AddCurve","points":[[10.077582888080315,11.552495818337661],[12.267827849587661,9.3622508568303147],[15.048249503285149,8.3502601361751658]]},{"type":"AddCurve","points":[[16.976973033180627,7.5450439453125],[19.870058328023788,7.5450439453125],[24.691867152762427,7.5450439453125]]},{"type":"CloseSubpath"},{"type":"MoveToPoint","points":[[24.691867152762427,7.5450439453125]]}],"windingRule":0,"lineJoinStyle":0,"miterLimit":10},"isBackgroundTexture":true,"textBaseline":0,"isVerticalText":false,"textureType":5},"initialState":{"affineTransform":[1,0,0,1,0,0],"masksToBounds":false,"rotation":0,"scale":1,"position":{"pointX":77.7396240234375,"pointY":45.9549560546875},"width":159,"sublayerTransform":[1,0,0,0,0,1,0,0,0,0,1,0,0,0,0,1],"contentsRect":{"y":0,"x":0,"width":1,"height":1},"opacity":1,"edgeAntialiasingMask":0,"height":94,"hidden":false,"anchorPoint":{"pointX":0.5,"pointY":0.5}},"texture":"24B428D9E7837DD5DB7BF90E3B8C49C4"}]},{"animations":[],"initialState":{"affineTransform":[1,0,0,1,0,0],"masksToBounds":false,"rotation":0,"scale":1,"position":{"pointX":384.62075805664062,"pointY":335.68804931640625},"width":178,"sublayerTransform":[1,0,0,0,0,1,0,0,0,0,1,0,0,0,0,1],"contentsRect":{"y":0,"x":0,"width":1,"height":1},"opacity":1,"edgeAntialiasingMask":251658240,"height":81,"hidden":false,"anchorPoint":{"pointX":0.5,"pointY":0.5}},"layers":[{"animations":[{"additive":false,"timeOffset":0,"beginTime":0,"repeatCount":0,"fillMode":"both","duration":1,"autoreverses":false,"animations":[{"repeatCount":0,"removedOnCompletion":true,"from":{"pointX":87.379241943359375,"pointY":39.31195068359375},"timingFunction":"EaseInEaseOut","additive":false,"timeOffset":0,"autoreverses":false,"property":"position","fillMode":"both","duration":1,"beginTime":0,"to":{"pointX":1297.5610601251776,"pointY":39.31195068359375}},{"additive":false,"timeOffset":0,"beginTime":0,"from":{"scalar":1},"repeatCount":0,"fillMode":"both","duration":1,"autoreverses":false,"property":"opacity","to":{"scalar":1},"removedOnCompletion":true},{"additive":false,"timeOffset":0,"beginTime":0,"from":{"scalar":false},"repeatCount":0,"fillMode":"both","duration":1,"autoreverses":false,"property":"hidden","to":{"scalar":false},"removedOnCompletion":true}],"removedOnCompletion":false}],"layers":[],"texturedRectangle":{"singleTextureOpacity":1,"textXHeight":0,"shapePath":{"lineWidth":1,"flatness":0.59999999999999998,"lineCapStyle":0,"elements":[{"type":"MoveToPoint","points":[[25.181067420978536,7.68804931640625]]},{"type":"AddLine","points":[[152.95586495206834,7.68804931640625]]},{"type":"AddCurve","points":[[157.96220000490194,7.68804931640625],[160.96600103660211,7.68804931640625],[162.96853505773555,8.5240803968470118]]},{"type":"AddCurve","points":[[165.85536091344909,9.5747990798367937],[168.12942455297571,11.84886271936341],[169.18014323596549,14.735688575076949]]},{"type":"AddCurve","points":[[170.01617431640625,16.738222596210392],[170.01617431640625,19.742023627910555],[170.01617431640625,24.748358680744161]]},{"type":"AddLine","points":[[170.01617431640625,56.098855064373026]]},{"type":"AddCurve","points":[[170.01617431640625,61.105190117206632],[170.01617431640625,64.108991148906796],[169.18014323596549,66.111525170040238]]},{"type":"AddCurve","points":[[168.12942455297571,68.998351025753777],[165.85536091344909,71.272414665280394],[162.96853505773555,72.323133348270176]]},{"type":"AddCurve","points":[[160.96600103660211,73.159164428710938],[157.96220000490194,73.159164428710938],[152.95586495206834,73.159164428710938]]},{"type":"AddLine","points":[[25.181067420978536,73.159164428710938]]},{"type":"AddCurve","points":[[20.17473236814493,73.159164428710938],[17.170931336444767,73.159164428710938],[15.168397315311324,72.323133348270176]]},{"type":"AddCurve","points":[[12.281571459597785,71.272414665280394],[10.007507820071169,68.998351025753777],[8.9567891370813868,66.111525170040238]]},{"type":"AddCurve","points":[[8.120758056640625,64.108991148906796],[8.120758056640625,61.105190117206632],[8.120758056640625,56.098855064373026]]},{"type":"AddLine","points":[[8.120758056640625,24.748358680744161]]},{"type":"AddCurve","points":[[8.120758056640625,19.742023627910555],[8.120758056640625,16.738222596210392],[8.9567891370813868,14.735688575076949]]},{"type":"AddCurve","points":[[10.007507820071169,11.84886271936341],[12.281571459597785,9.5747990798367937],[15.168397315311324,8.5240803968470118]]},{"type":"AddCurve","points":[[17.170931336444767,7.68804931640625],[20.17473236814493,7.68804931640625],[25.181067420978536,7.68804931640625]]},{"type":"CloseSubpath"},{"type":"MoveToPoint","points":[[25.181067420978536,7.68804931640625]]}],"windingRule":0,"lineJoinStyle":0,"miterLimit":10},"isBackgroundTexture":true,"textBaseline":0,"isVerticalText":false,"textureType":5},"initialState":{"affineTransform":[1,0,0,1,0,0],"masksToBounds":false,"rotation":0,"scale":1,"position":{"pointX":87.379241943359375,"pointY":39.31195068359375},"width":178,"sublayerTransform":[1,0,0,0,0,1,0,0,0,0,1,0,0,0,0,1],"contentsRect":{"y":0,"x":0,"width":1,"height":1},"opacity":1,"edgeAntialiasingMask":0,"height":81,"hidden":false,"anchorPoint":{"pointX":0.5,"pointY":0.5}},"texture":"7FE40940697F9C468BF5DEAFF288626B"}]},{"animations":[],"initialState":{"affineTransform":[1,0,0,1,0,0],"masksToBounds":false,"rotation":0,"scale":1,"position":{"pointX":860.16888427734375,"pointY":335.68804931640625},"width":178,"sublayerTransform":[1,0,0,0,0,1,0,0,0,0,1,0,0,0,0,1],"contentsRect":{"y":0,"x":0,"width":1,"height":1},"opacity":1,"edgeAntialiasingMask":251658240,"height":81,"hidden":false,"anchorPoint":{"pointX":0.5,"pointY":0.5}},"layers":[{"animations":[{"additive":false,"timeOffset":0,"beginTime":0,"repeatCount":0,"fillMode":"both","duration":1,"autoreverses":false,"animations":[{"repeatCount":0,"removedOnCompletion":true,"from":{"pointX":87.83111572265625,"pointY":39.31195068359375},"timingFunction":"EaseInEaseOut","additive":false,"timeOffset":0,"autoreverses":false,"property":"position","fillMode":"both","duration":1,"beginTime":0,"to":{"pointX":1204.9220248135653,"pointY":39.31195068359375}},{"additive":false,"timeOffset":0,"beginTime":0,"from":{"scalar":1},"repeatCount":0,"fillMode":"both","duration":1,"autoreverses":false,"property":"opacity","to":{"scalar":1},"removedOnCompletion":true},{"additive":false,"timeOffset":0,"beginTime":0,"from":{"scalar":false},"repeatCount":0,"fillMode":"both","duration":1,"autoreverses":false,"property":"hidden","to":{"scalar":false},"removedOnCompletion":true}],"removedOnCompletion":false}],"layers":[],"texturedRectangle":{"singleTextureOpacity":1,"textXHeight":0,"shapePath":{"lineWidth":1,"flatness":0.59999999999999998,"lineCapStyle":0,"elements":[{"type":"MoveToPoint","points":[[24.729193641681718,7.68804931640625]]},{"type":"AddLine","points":[[152.50399117277152,7.68804931640625]]},{"type":"AddCurve","points":[[157.51032622560501,7.68804931640625],[160.51412725730529,7.68804931640625],[162.51666127843873,8.5240803968470118]]},{"type":"AddCurve","points":[[165.40348713415221,9.5747990798367937],[167.67755077367883,11.84886271936341],[168.72826945666861,14.735688575076949]]},{"type":"AddCurve","points":[[169.56430053710938,16.738222596210392],[169.56430053710938,19.742023627910555],[169.56430053710938,24.748358680744161]]},{"type":"AddLine","points":[[169.56430053710938,56.098855064373026]]},{"type":"AddCurve","points":[[169.56430053710938,61.105190117206632],[169.56430053710938,64.108991148906796],[168.72826945666861,66.111525170040238]]},{"type":"AddCurve","points":[[167.67755077367883,68.998351025753777],[165.40348713415221,71.272414665280394],[162.51666127843873,72.323133348270176]]},{"type":"AddCurve","points":[[160.51412725730529,73.159164428710938],[157.51032622560501,73.159164428710938],[152.50399117277152,73.159164428710938]]},{"type":"AddLine","points":[[24.729193641681718,73.159164428710938]]},{"type":"AddCurve","points":[[19.722858588848112,73.159164428710938],[16.719057557147949,73.159164428710938],[14.716523536014506,72.323133348270176]]},{"type":"AddCurve","points":[[11.82969768030091,71.272414665280394],[9.5556340407742937,68.998351025753777],[8.5049153577845118,66.111525170040238]]},{"type":"AddCurve","points":[[7.66888427734375,64.108991148906796],[7.66888427734375,61.105190117206632],[7.66888427734375,56.098855064373026]]},{"type":"AddLine","points":[[7.66888427734375,24.748358680744161]]},{"type":"AddCurve","points":[[7.66888427734375,19.742023627910555],[7.66888427734375,16.738222596210392],[8.5049153577845118,14.735688575076949]]},{"type":"AddCurve","points":[[9.5556340407742937,11.84886271936341],[11.82969768030091,9.5747990798367937],[14.716523536014506,8.5240803968470118]]},{"type":"AddCurve","points":[[16.719057557147949,7.68804931640625],[19.722858588848112,7.68804931640625],[24.729193641681718,7.68804931640625]]},{"type":"CloseSubpath"},{"type":"MoveToPoint","points":[[24.729193641681718,7.68804931640625]]}],"windingRule":0,"lineJoinStyle":0,"miterLimit":10},"isBackgroundTexture":true,"textBaseline":0,"isVerticalText":false,"textureType":5},"initialState":{"affineTransform":[1,0,0,1,0,0],"masksToBounds":false,"rotation":0,"scale":1,"position":{"pointX":87.83111572265625,"pointY":39.31195068359375},"width":178,"sublayerTransform":[1,0,0,0,0,1,0,0,0,0,1,0,0,0,0,1],"contentsRect":{"y":0,"x":0,"width":1,"height":1},"opacity":1,"edgeAntialiasingMask":0,"height":81,"hidden":false,"anchorPoint":{"pointX":0.5,"pointY":0.5}},"texture":"18F177632C89E29E8F32A1E1126EC027"}]},{"animations":[],"initialState":{"affineTransform":[1,0,0,1,0,0],"masksToBounds":false,"rotation":0,"scale":1,"position":{"pointX":507.3373381147394,"pointY":739.5},"width":18,"sublayerTransform":[1,0,0,0,0,1,0,0,0,0,1,0,0,0,0,1],"contentsRect":{"y":0,"x":0,"width":1,"height":1},"opacity":1,"edgeAntialiasingMask":251658240,"height":15,"hidden":false,"anchorPoint":{"pointX":0.5,"pointY":0.5}},"layers":[{"animations":[{"additive":false,"timeOffset":0,"beginTime":0,"repeatCount":0,"fillMode":"both","duration":1,"autoreverses":false,"animations":[{"repeatCount":0,"removedOnCompletion":true,"from":{"pointX":11.662661885260604,"pointY":12.5},"timingFunction":"EaseInEaseOut","additive":false,"timeOffset":0,"autoreverses":false,"property":"position","fillMode":"both","duration":1,"beginTime":0,"to":{"pointX":1035.6626618852606,"pointY":12.5}},{"additive":false,"timeOffset":0,"beginTime":0,"from":{"scalar":1},"repeatCount":0,"fillMode":"both","duration":1,"autoreverses":false,"property":"opacity","to":{"scalar":1},"removedOnCompletion":true},{"additive":false,"timeOffset":0,"beginTime":0,"from":{"scalar":false},"repeatCount":0,"fillMode":"both","duration":1,"autoreverses":false,"property":"hidden","to":{"scalar":false},"removedOnCompletion":true}],"removedOnCompletion":false}],"layers":[],"texturedRectangle":{"singleTextureOpacity":1,"textXHeight":0.55786666666666673,"textBaseline":0.87519531250000004,"isBackgroundTexture":false,"isVerticalText":false,"textColor":[0,0,0,1],"textureType":6},"initialState":{"affineTransform":[1,0,0,1,0,0],"masksToBounds":false,"rotation":0,"scale":1,"position":{"pointX":11.662661885260604,"pointY":12.5},"width":18,"sublayerTransform":[1,0,0,0,0,1,0,0,0,0,1,0,0,0,0,1],"contentsRect":{"y":0,"x":0,"width":1,"height":1},"opacity":1,"edgeAntialiasingMask":0,"height":15,"hidden":false,"anchorPoint":{"pointX":0.5,"pointY":0.5}},"texture":"492C72977A00CF43B6D8FF222591DABD"}]},{"animations":[],"initialState":{"affineTransform":[1,0,0,1,0,0],"masksToBounds":false,"rotation":0,"scale":1,"position":{"pointX":513.53921508789062,"pointY":475.54525756835938},"width":716,"sublayerTransform":[1,0,0,0,0,1,0,0,0,0,1,0,0,0,0,1],"contentsRect":{"y":0,"x":0,"width":1,"height":1},"opacity":1,"edgeAntialiasingMask":251658240,"height":407,"hidden":false,"anchorPoint":{"pointX":0.5,"pointY":0.5}},"layers":[{"animations":[{"additive":false,"timeOffset":0,"beginTime":0,"repeatCount":0,"fillMode":"both","duration":1,"autoreverses":false,"animations":[{"repeatCount":0,"removedOnCompletion":true,"from":{"pointX":-667.53921508789062,"pointY":202.45474243164062},"timingFunction":"EaseInEaseOut","additive":false,"timeOffset":0,"autoreverses":false,"property":"position","fillMode":"both","duration":1,"beginTime":0,"to":{"pointX":356.46078491210938,"pointY":202.45474243164062}},{"additive":false,"timeOffset":0,"beginTime":0,"from":{"scalar":1},"repeatCount":0,"fillMode":"both","duration":1,"autoreverses":false,"property":"opacity","to":{"scalar":1},"removedOnCompletion":true},{"additive":false,"timeOffset":0,"beginTime":0,"from":{"scalar":false},"repeatCount":0,"fillMode":"both","duration":1,"autoreverses":false,"property":"hidden","to":{"scalar":false},"removedOnCompletion":true}],"removedOnCompletion":false}],"layers":[],"texturedRectangle":{"isBackgroundTexture":true,"singleTextureOpacity":1,"textureType":5,"textBaseline":0,"textXHeight":0,"isVerticalText":false},"initialState":{"affineTransform":[1,0,0,1,0,0],"masksToBounds":false,"rotation":0,"scale":1,"position":{"pointX":356.46078491210938,"pointY":202.45474243164062},"width":716,"sublayerTransform":[1,0,0,0,0,1,0,0,0,0,1,0,0,0,0,1],"contentsRect":{"y":0,"x":0,"width":1,"height":1},"opacity":1,"edgeAntialiasingMask":0,"height":407,"hidden":true,"anchorPoint":{"pointX":0.5,"pointY":0.5}},"texture":"A2897C2E2800A265E571C5CCB099E863"}]},{"animations":[],"initialState":{"affineTransform":[1,0,0,1,0,0],"masksToBounds":false,"rotation":0,"scale":1,"position":{"pointX":380.28839111328125,"pointY":97.439411163330078},"width":669,"sublayerTransform":[1,0,0,0,0,1,0,0,0,0,1,0,0,0,0,1],"contentsRect":{"y":0,"x":0,"width":1,"height":1},"opacity":1,"edgeAntialiasingMask":251658240,"height":138,"hidden":false,"anchorPoint":{"pointX":0.5,"pointY":0.5}},"layers":[{"animations":[{"additive":false,"timeOffset":0,"beginTime":0,"repeatCount":0,"fillMode":"both","duration":1,"autoreverses":false,"animations":[{"repeatCount":0,"removedOnCompletion":true,"from":{"pointX":-897.12172444661451,"pointY":71.560588836669922},"timingFunction":"EaseInEaseOut","additive":false,"timeOffset":0,"autoreverses":false,"property":"position","fillMode":"both","duration":1,"beginTime":0,"to":{"pointX":468.21160888671875,"pointY":71.560588836669922}},{"additive":false,"timeOffset":0,"beginTime":0,"from":{"scalar":1},"repeatCount":0,"fillMode":"both","duration":1,"autoreverses":false,"property":"opacity","to":{"scalar":1},"removedOnCompletion":true},{"additive":false,"timeOffset":0,"beginTime":0,"from":{"scalar":false},"repeatCount":0,"fillMode":"both","duration":1,"autoreverses":false,"property":"hidden","to":{"scalar":false},"removedOnCompletion":true}],"removedOnCompletion":false}],"layers":[],"texturedRectangle":{"singleTextureOpacity":1,"textXHeight":0.50165745856353594,"textBaseline":0.69686532020568848,"isBackgroundTexture":false,"isVerticalText":false,"textColor":[0,0,0,1],"textureType":6},"initialState":{"affineTransform":[1,0,0,1,0,0],"masksToBounds":false,"rotation":0,"scale":1,"position":{"pointX":468.21160888671875,"pointY":71.560588836669922},"width":416,"sublayerTransform":[1,0,0,0,0,1,0,0,0,0,1,0,0,0,0,1],"contentsRect":{"y":0,"x":0,"width":1,"height":1},"opacity":1,"edgeAntialiasingMask":0,"height":80,"hidden":true,"anchorPoint":{"pointX":0.5,"pointY":0.5}},"texture":"30B8D5A2A525384B3079F2922CCD8DD6"},{"animations":[{"additive":false,"timeOffset":0,"beginTime":0,"repeatCount":0,"fillMode":"both","duration":1,"autoreverses":false,"animations":[{"repeatCount":0,"removedOnCompletion":true,"from":{"pointX":-1058.4550577799478,"pointY":152.06058883666992},"timingFunction":"EaseInEaseOut","additive":false,"timeOffset":0,"autoreverses":false,"property":"position","fillMode":"both","duration":1,"beginTime":0,"to":{"pointX":648.21160888671875,"pointY":152.06058883666992}},{"additive":false,"timeOffset":0,"beginTime":0,"from":{"scalar":1},"repeatCount":0,"fillMode":"both","duration":1,"autoreverses":false,"property":"opacity","to":{"scalar":1},"removedOnCompletion":true},{"additive":false,"timeOffset":0,"beginTime":0,"from":{"scalar":false},"repeatCount":0,"fillMode":"both","duration":1,"autoreverses":false,"property":"hidden","to":{"scalar":false},"removedOnCompletion":true}],"removedOnCompletion":false}],"layers":[],"texturedRectangle":{"singleTextureOpacity":1,"textXHeight":0.42999210734017362,"textBaseline":0.70695537695095745,"isBackgroundTexture":false,"isVerticalText":false,"textColor":[0,0,0,1],"textureType":6},"initialState":{"affineTransform":[1,0,0,1,0,0],"masksToBounds":false,"rotation":0,"scale":1,"position":{"pointX":648.21160888671875,"pointY":152.06058883666992},"width":562,"sublayerTransform":[1,0,0,0,0,1,0,0,0,0,1,0,0,0,0,1],"contentsRect":{"y":0,"x":0,"width":1,"height":1},"opacity":1,"edgeAntialiasingMask":0,"height":35,"hidden":true,"anchorPoint":{"pointX":0.5,"pointY":0.5}},"texture":"FB31BE6041C0F8A8E0CD468318FFF709"}]},{"animations":[],"initialState":{"affineTransform":[1,0,0,1,0,0],"masksToBounds":false,"rotation":0,"scale":1,"position":{"pointX":508.8373381147394,"pointY":739.5},"width":21,"sublayerTransform":[1,0,0,0,0,1,0,0,0,0,1,0,0,0,0,1],"contentsRect":{"y":0,"x":0,"width":1,"height":1},"opacity":1,"edgeAntialiasingMask":251658240,"height":15,"hidden":false,"anchorPoint":{"pointX":0.5,"pointY":0.5}},"layers":[{"animations":[{"additive":false,"timeOffset":0,"beginTime":0,"repeatCount":0,"fillMode":"both","duration":1,"autoreverses":false,"animations":[{"repeatCount":0,"removedOnCompletion":true,"from":{"pointX":-2034.8373381147394,"pointY":12.5},"timingFunction":"EaseInEaseOut","additive":false,"timeOffset":0,"autoreverses":false,"property":"position","fillMode":"both","duration":1,"beginTime":0,"to":{"pointX":13.162661885260604,"pointY":12.5}},{"additive":false,"timeOffset":0,"beginTime":0,"from":{"scalar":1},"repeatCount":0,"fillMode":"both","duration":1,"autoreverses":false,"property":"opacity","to":{"scalar":1},"removedOnCompletion":true},{"additive":false,"timeOffset":0,"beginTime":0,"from":{"scalar":false},"repeatCount":0,"fillMode":"both","duration":1,"autoreverses":false,"property":"hidden","to":{"scalar":false},"removedOnCompletion":true}],"removedOnCompletion":false}],"layers":[],"texturedRectangle":{"singleTextureOpacity":1,"textXHeight":0.55786666666666673,"textBaseline":0.87519531250000004,"isBackgroundTexture":false,"isVerticalText":false,"textColor":[0,0,0,1],"textureType":6},"initialState":{"affineTransform":[1,0,0,1,0,0],"masksToBounds":false,"rotation":0,"scale":1,"position":{"pointX":13.162661885260604,"pointY":12.5},"width":21,"sublayerTransform":[1,0,0,0,0,1,0,0,0,0,1,0,0,0,0,1],"contentsRect":{"y":0,"x":0,"width":1,"height":1},"opacity":1,"edgeAntialiasingMask":0,"height":15,"hidden":true,"anchorPoint":{"pointX":0.5,"pointY":0.5}},"texture":"D5091346EA199985F4561EDFC1A6D610"}]}]},"effects":[],"duration":1,"type":"transition","attributes":{"direction":11},"name":"apple:ca-push","objectID":"0"}],"automaticPlay":false,"hyperlinks":[],"accessibility":[{"text":"￼","targetRectangle":{"y":736,"x":502.8373381147394,"width":17.79200000000003,"height":17.535888671875}},{"text":"截屏2020-10-27 01.06.11.png","targetRectangle":{"y":544.11737060546875,"x":222.91119384765625,"width":578.1776123046875,"height":224.90213012695312}},{"text":"截屏2020-10-27 01.07.29.png","targetRectangle":{"y":248.5,"x":45.78125,"width":932.4375,"height":271.0091552734375}},{"text":"Larger h-value","targetRectangle":{"y":180.326416015625,"x":95.359063480440426,"width":164.30939226519334,"height":31.668502807617188}},{"text":"Small Maps — 20 x 20 grids","targetRectangle":{"y":36.489408493041992,"x":52.114917127071863,"width":919.77016574585627,"height":91.0452880859375}},{"text":"Smaller number of expanded CT nodes","targetRectangle":{"y":180.326416015625,"x":487.81310630503287,"width":438.89502762430925,"height":31.668502807617188}}],"baseLayer":{"animations":[],"initialState":{"affineTransform":[1,0,0,1,0,0],"masksToBounds":false,"rotation":0,"scale":1,"position":{"pointX":512,"pointY":384},"width":1024,"sublayerTransform":[1,0,0,0,0,1,0,0,0,0,1,0,0,0,0,1],"contentsRect":{"y":0,"x":0,"width":1,"height":1},"opacity":1,"edgeAntialiasingMask":251658240,"height":768,"hidden":false,"anchorPoint":{"pointX":0.5,"pointY":0.5}},"objectID":"0","layers":[{"animations":[],"initialState":{"affineTransform":[1,0,0,1,0,0],"masksToBounds":false,"rotation":0,"scale":1,"position":{"pointX":512,"pointY":384},"width":1024,"sublayerTransform":[1,0,0,0,0,1,0,0,0,0,1,-0.00049229876906403734,0,0,0,1],"contentsRect":{"y":0,"x":0,"width":1,"height":1},"opacity":1,"edgeAntialiasingMask":251658240,"height":768,"hidden":false,"anchorPoint":{"pointX":0.5,"pointY":0.5}},"layers":[{"animations":[],"initialState":{"affineTransform":[1,0,0,1,0,0],"masksToBounds":false,"rotation":0,"scale":1,"position":{"pointX":512,"pointY":384},"width":1024,"sublayerTransform":[1,0,0,0,0,1,0,0,0,0,1,0,0,0,0,1],"contentsRect":{"y":0,"x":0,"width":1,"height":1},"opacity":1,"edgeAntialiasingMask":251658240,"height":768,"hidden":false,"anchorPoint":{"pointX":0.5,"pointY":0.5}},"layers":[{"animations":[],"layers":[],"texturedRectangle":{"isBackgroundTexture":true,"singleTextureOpacity":1,"textureType":1,"textBaseline":0,"textXHeight":0,"isVerticalText":false},"initialState":{"affineTransform":[1,0,0,1,0,0],"masksToBounds":false,"rotation":0,"scale":1,"position":{"pointX":512,"pointY":384},"width":1024,"sublayerTransform":[1,0,0,0,0,1,0,0,0,0,1,0,0,0,0,1],"contentsRect":{"y":0,"x":0,"width":1,"height":1},"opacity":1,"edgeAntialiasingMask":0,"height":768,"hidden":false,"anchorPoint":{"pointX":0.5,"pointY":0.5}},"texture":"498E23C82CA78A4BCD7BA88E5243B6FC"}]},{"animations":[],"initialState":{"affineTransform":[1,0,0,1,0,0],"masksToBounds":false,"rotation":0,"scale":1,"position":{"pointX":512,"pointY":384},"width":1024,"sublayerTransform":[1,0,0,0,0,1,0,0,0,0,1,0,0,0,0,1],"contentsRect":{"y":0,"x":0,"width":1,"height":1},"opacity":1,"edgeAntialiasingMask":251658240,"height":768,"hidden":false,"anchorPoint":{"pointX":0.5,"pointY":0.5}},"layers":[{"animations":[],"layers":[],"texturedRectangle":{"isBackgroundTexture":true,"singleTextureOpacity":1,"textureType":1,"textBaseline":0,"textXHeight":0,"isVerticalText":false},"initialState":{"affineTransform":[1,0,0,1,0,0],"masksToBounds":false,"rotation":0,"scale":1,"position":{"pointX":512,"pointY":384},"width":1024,"sublayerTransform":[1,0,0,0,0,1,0,0,0,0,1,0,0,0,0,1],"contentsRect":{"y":0,"x":0,"width":1,"height":1},"opacity":1,"edgeAntialiasingMask":0,"height":768,"hidden":false,"anchorPoint":{"pointX":0.5,"pointY":0.5}},"texture":"498E23C82CA78A4BCD7BA88E5243B6FC"}]}]},{"animations":[],"initialState":{"affineTransform":[1,0,0,1,0,0],"masksToBounds":false,"rotation":0,"scale":1,"position":{"pointX":503.78839111328125,"pointY":54.989408493041992},"width":916,"sublayerTransform":[1,0,0,0,0,1,0,0,0,0,1,0,0,0,0,1],"contentsRect":{"y":0,"x":0,"width":1,"height":1},"opacity":1,"edgeAntialiasingMask":251658240,"height":75,"hidden":false,"anchorPoint":{"pointX":0.5,"pointY":0.5}},"layers":[{"animations":[],"layers":[],"texturedRectangle":{"singleTextureOpacity":1,"textXHeight":0.48159116022099446,"textBaseline":0.70890988667805988,"isBackgroundTexture":false,"isVerticalText":false,"textColor":[0,0,0,1],"textureType":6},"initialState":{"affineTransform":[1,0,0,1,0,0],"masksToBounds":false,"rotation":0,"scale":1,"position":{"pointX":467.21160888671875,"pointY":74.010591506958008},"width":916,"sublayerTransform":[1,0,0,0,0,1,0,0,0,0,1,0,0,0,0,1],"contentsRect":{"y":0,"x":0,"width":1,"height":1},"opacity":1,"edgeAntialiasingMask":0,"height":75,"hidden":false,"anchorPoint":{"pointX":0.5,"pointY":0.5}},"texture":"3B192F992DF30FF5FA9491A3055ECA77"}]},{"animations":[],"initialState":{"affineTransform":[1,0,0,1,0,0],"masksToBounds":false,"rotation":0,"scale":1,"position":{"pointX":513.78125,"pointY":385.5},"width":936,"sublayerTransform":[1,0,0,0,0,1,0,0,0,0,1,0,0,0,0,1],"contentsRect":{"y":0,"x":0,"width":1,"height":1},"opacity":1,"edgeAntialiasingMask":251658240,"height":274,"hidden":false,"anchorPoint":{"pointX":0.5,"pointY":0.5}},"layers":[{"animations":[],"layers":[],"texturedRectangle":{"isBackgroundTexture":true,"singleTextureOpacity":1,"textureType":5,"textBaseline":0,"textXHeight":0,"isVerticalText":false},"initialState":{"affineTransform":[1,0,0,1,0,0],"masksToBounds":false,"rotation":0,"scale":1,"position":{"pointX":466.21875,"pointY":135.5},"width":936,"sublayerTransform":[1,0,0,0,0,1,0,0,0,0,1,0,0,0,0,1],"contentsRect":{"y":0,"x":0,"width":1,"height":1},"opacity":1,"edgeAntialiasingMask":0,"height":274,"hidden":false,"anchorPoint":{"pointX":0.5,"pointY":0.5}},"texture":"3F6DA8407267FC6B9F151C6A82DE061C"}]},{"animations":[],"initialState":{"affineTransform":[1,0,0,1,0,0],"masksToBounds":false,"rotation":0,"scale":1,"position":{"pointX":178.90179824829096,"pointY":198.326416015625},"width":247,"sublayerTransform":[1,0,0,0,0,1,0,0,0,0,1,0,0,0,0,1],"contentsRect":{"y":0,"x":0,"width":1,"height":1},"opacity":1,"edgeAntialiasingMask":251658240,"height":56,"hidden":false,"anchorPoint":{"pointX":0.5,"pointY":0.5}},"layers":[{"animations":[],"layers":[],"texturedRectangle":{"singleTextureOpacity":1,"textXHeight":0,"shapePath":{"lineWidth":1,"flatness":0.59999999999999998,"lineCapStyle":0,"elements":[{"type":"MoveToPoint","points":[[4.401798248290973,4.326416015625]]},{"type":"AddLine","points":[[242.6257209777832,4.326416015625]]},{"type":"AddLine","points":[[242.6257209777832,51.882648468017578]]},{"type":"AddLine","points":[[4.401798248290973,51.882648468017578]]},{"type":"CloseSubpath"},{"type":"MoveToPoint","points":[[4.401798248290973,4.326416015625]]}],"windingRule":0,"lineJoinStyle":0,"miterLimit":10},"isBackgroundTexture":true,"textBaseline":0,"isVerticalText":false,"textureType":5},"initialState":{"affineTransform":[1,0,0,1,0,0],"masksToBounds":false,"rotation":0,"scale":1,"position":{"pointX":122.09820175170903,"pointY":26.673583984375},"width":247,"sublayerTransform":[1,0,0,0,0,1,0,0,0,0,1,0,0,0,0,1],"contentsRect":{"y":0,"x":0,"width":1,"height":1},"opacity":1,"edgeAntialiasingMask":0,"height":56,"hidden":false,"anchorPoint":{"pointX":0.5,"pointY":0.5}},"texture":"7C199D17DF2F10348537387F076D590A"},{"animations":[],"layers":[],"texturedRectangle":{"singleTextureOpacity":1,"textXHeight":0.44790844514601419,"textBaseline":0.67582975115094868,"isBackgroundTexture":false,"isVerticalText":false,"textColor":[0.99999994039535522,0.39067721366882324,0.3055555522441864,1],"textureType":6},"initialState":{"affineTransform":[1,0,0,1,0,0],"masksToBounds":false,"rotation":0,"scale":1,"position":{"pointX":122.59820175170903,"pointY":29.673583984375},"width":166,"sublayerTransform":[1,0,0,0,0,1,0,0,0,0,1,0,0,0,0,1],"contentsRect":{"y":0,"x":0,"width":1,"height":1},"opacity":1,"edgeAntialiasingMask":0,"height":28,"hidden":false,"anchorPoint":{"pointX":0.5,"pointY":0.5}},"texture":"841682CEB307CC912BF6AECD9C97C205"}]},{"animations":[],"initialState":{"affineTransform":[1,0,0,1,0,0],"masksToBounds":false,"rotation":0,"scale":1,"position":{"pointX":376.40081787109375,"pointY":196.87598366647936},"width":89,"sublayerTransform":[1,0,0,0,0,1,0,0,0,0,1,0,0,0,0,1],"contentsRect":{"y":0,"x":0,"width":1,"height":1},"opacity":1,"edgeAntialiasingMask":251658240,"height":38,"hidden":false,"anchorPoint":{"pointX":0.5,"pointY":0.5}},"layers":[{"animations":[],"layers":[],"texturedRectangle":{"singleTextureOpacity":1,"textXHeight":0,"shapePath":{"lineWidth":1,"flatness":0.59999999999999998,"lineCapStyle":0,"elements":[{"type":"MoveToPoint","points":[[5.90081787109375,19.496688842773438]]},{"type":"AddLine","points":[[73.364433548586703,19.496688842773438]]}],"windingRule":0,"lineJoinStyle":0,"miterLimit":10},"isBackgroundTexture":true,"textBaseline":0,"isVerticalText":false,"textureType":5},"initialState":{"affineTransform":[1,0,0,1,0,0],"masksToBounds":false,"rotation":0,"scale":1,"position":{"pointX":42.59918212890625,"pointY":17.124016333520643},"width":89,"sublayerTransform":[1,0,0,0,0,1,0,0,0,0,1,0,0,0,0,1],"contentsRect":{"y":0,"x":0,"width":1,"height":1},"opacity":1,"edgeAntialiasingMask":0,"height":38,"hidden":false,"anchorPoint":{"pointX":0.5,"pointY":0.5}},"texture":"8EEC7B5E60C87E6C3B9F46410273E5C9"}]},{"animations":[],"initialState":{"affineTransform":[1,0,0,1,0,0],"masksToBounds":false,"rotation":0,"scale":1,"position":{"pointX":708.92303466796852,"pointY":198.326416015625},"width":526,"sublayerTransform":[1,0,0,0,0,1,0,0,0,0,1,0,0,0,0,1],"contentsRect":{"y":0,"x":0,"width":1,"height":1},"opacity":1,"edgeAntialiasingMask":251658240,"height":56,"hidden":false,"anchorPoint":{"pointX":0.5,"pointY":0.5}},"layers":[{"animations":[],"layers":[],"texturedRectangle":{"singleTextureOpacity":1,"textXHeight":0,"shapePath":{"lineWidth":1,"flatness":0.59999999999999998,"lineCapStyle":0,"elements":[{"type":"MoveToPoint","points":[[4.9230346679685226,4.326416015625]]},{"type":"AddLine","points":[[521.59820556640625,4.326416015625]]},{"type":"AddLine","points":[[521.59820556640625,51.882648468017578]]},{"type":"AddLine","points":[[4.9230346679685226,51.882648468017578]]},{"type":"CloseSubpath"},{"type":"MoveToPoint","points":[[4.9230346679685226,4.326416015625]]}],"windingRule":0,"lineJoinStyle":0,"miterLimit":10},"isBackgroundTexture":true,"textBaseline":0,"isVerticalText":false,"textureType":5},"initialState":{"affineTransform":[1,0,0,1,0,0],"masksToBounds":false,"rotation":0,"scale":1,"position":{"pointX":261.07696533203148,"pointY":26.673583984375},"width":526,"sublayerTransform":[1,0,0,0,0,1,0,0,0,0,1,0,0,0,0,1],"contentsRect":{"y":0,"x":0,"width":1,"height":1},"opacity":1,"edgeAntialiasingMask":0,"height":56,"hidden":false,"anchorPoint":{"pointX":0.5,"pointY":0.5}},"texture":"8EAF51F6753BA8426043FAB0BDDFA34D"}]},{"animations":[],"initialState":{"affineTransform":[1,0,0,1,0,0],"masksToBounds":false,"rotation":0,"scale":1,"position":{"pointX":513.91119384765625,"pointY":658.11737060546875},"width":582,"sublayerTransform":[1,0,0,0,0,1,0,0,0,0,1,0,0,0,0,1],"contentsRect":{"y":0,"x":0,"width":1,"height":1},"opacity":1,"edgeAntialiasingMask":251658240,"height":228,"hidden":false,"anchorPoint":{"pointX":0.5,"pointY":0.5}},"layers":[{"animations":[],"layers":[],"texturedRectangle":{"isBackgroundTexture":true,"singleTextureOpacity":1,"textureType":5,"textBaseline":0,"textXHeight":0,"isVerticalText":false},"initialState":{"affineTransform":[1,0,0,1,0,0],"masksToBounds":false,"rotation":0,"scale":1,"position":{"pointX":289.08880615234375,"pointY":112.88262939453125},"width":582,"sublayerTransform":[1,0,0,0,0,1,0,0,0,0,1,0,0,0,0,1],"contentsRect":{"y":0,"x":0,"width":1,"height":1},"opacity":1,"edgeAntialiasingMask":0,"height":228,"hidden":false,"anchorPoint":{"pointX":0.5,"pointY":0.5}},"texture":"94F5330B7010ED16BFB3D43D6769CA83"}]},{"animations":[],"initialState":{"affineTransform":[1,0,0,1,0,0],"masksToBounds":false,"rotation":0,"scale":1,"position":{"pointX":349.10110473632812,"pointY":636.0450439453125},"width":159,"sublayerTransform":[1,0,0,0,0,1,0,0,0,0,1,0,0,0,0,1],"contentsRect":{"y":0,"x":0,"width":1,"height":1},"opacity":1,"edgeAntialiasingMask":251658240,"height":94,"hidden":false,"anchorPoint":{"pointX":0.5,"pointY":0.5}},"layers":[{"animations":[],"layers":[],"texturedRectangle":{"singleTextureOpacity":1,"textXHeight":0,"shapePath":{"lineWidth":1,"flatness":0.59999999999999998,"lineCapStyle":0,"elements":[{"type":"MoveToPoint","points":[[24.532595912528052,7.5450439453125]]},{"type":"AddLine","points":[[134.56550284235482,7.5450439453125]]},{"type":"AddCurve","points":[[139.3873116670934,7.5450439453125],[142.28039696193662,7.5450439453125],[144.20912049183204,8.3502601361751658]]},{"type":"AddCurve","points":[[146.98954214552953,9.3622508568303147],[149.17978710703687,11.552495818337661],[150.19177782769202,14.332917472035092]]},{"type":"AddCurve","points":[[150.99699401855469,16.26164100193057],[150.99699401855469,19.154726296773788],[150.99699401855469,23.97653512151237]]},{"type":"AddLine","points":[[150.99699401855469,69.736462315011067]]},{"type":"AddCurve","points":[[150.99699401855469,74.55827113974965],[150.99699401855469,77.451356434592867],[150.19177782769202,79.380079964488232]]},{"type":"AddCurve","points":[[149.17978710703687,82.160501618185776],[146.98954214552953,84.350746579693123],[144.20912049183204,85.362737300348272]]},{"type":"AddCurve","points":[[142.28039696193662,86.167953491210938],[139.3873116670934,86.167953491210938],[134.56550284235482,86.167953491210938]]},{"type":"AddLine","points":[[24.532595912528052,86.167953491210938]]},{"type":"AddCurve","points":[[19.710787087789413,86.167953491210938],[16.817701792946195,86.167953491210938],[14.888978263050774,85.362737300348272]]},{"type":"AddCurve","points":[[12.108556609353286,84.350746579693123],[9.9183116478459397,82.160501618185776],[8.9063209271908477,79.380079964488232]]},{"type":"AddCurve","points":[[8.101104736328125,77.451356434592867],[8.101104736328125,74.55827113974965],[8.101104736328125,69.736462315011067]]},{"type":"AddLine","points":[[8.101104736328125,23.97653512151237]]},{"type":"AddCurve","points":[[8.101104736328125,19.154726296773788],[8.101104736328125,16.26164100193057],[8.9063209271908477,14.332917472035092]]},{"type":"AddCurve","points":[[9.9183116478459397,11.552495818337661],[12.108556609353286,9.3622508568303147],[14.888978263050774,8.3502601361751658]]},{"type":"AddCurve","points":[[16.817701792946252,7.5450439453125],[19.710787087789413,7.5450439453125],[24.532595912528052,7.5450439453125]]},{"type":"CloseSubpath"},{"type":"MoveToPoint","points":[[24.532595912528052,7.5450439453125]]}],"windingRule":0,"lineJoinStyle":0,"miterLimit":10},"isBackgroundTexture":true,"textBaseline":0,"isVerticalText":false,"textureType":5},"initialState":{"affineTransform":[1,0,0,1,0,0],"masksToBounds":false,"rotation":0,"scale":1,"position":{"pointX":77.898895263671875,"pointY":45.9549560546875},"width":159,"sublayerTransform":[1,0,0,0,0,1,0,0,0,0,1,0,0,0,0,1],"contentsRect":{"y":0,"x":0,"width":1,"height":1},"opacity":1,"edgeAntialiasingMask":0,"height":94,"hidden":false,"anchorPoint":{"pointX":0.5,"pointY":0.5}},"texture":"C778AD63C44D08098EDA52C733DA44F6"}]},{"animations":[],"initialState":{"affineTransform":[1,0,0,1,0,0],"masksToBounds":false,"rotation":0,"scale":1,"position":{"pointX":529.2603759765625,"pointY":636.0450439453125},"width":159,"sublayerTransform":[1,0,0,0,0,1,0,0,0,0,1,0,0,0,0,1],"contentsRect":{"y":0,"x":0,"width":1,"height":1},"opacity":1,"edgeAntialiasingMask":251658240,"height":94,"hidden":false,"anchorPoint":{"pointX":0.5,"pointY":0.5}},"layers":[{"animations":[],"layers":[],"texturedRectangle":{"singleTextureOpacity":1,"textXHeight":0,"shapePath":{"lineWidth":1,"flatness":0.59999999999999998,"lineCapStyle":0,"elements":[{"type":"MoveToPoint","points":[[24.691867152762427,7.5450439453125]]},{"type":"AddLine","points":[[134.72477408258919,7.5450439453125]]},{"type":"AddCurve","points":[[139.54658290732777,7.5450439453125],[142.43966820217099,7.5450439453125],[144.36839173206636,8.3502601361751658]]},{"type":"AddCurve","points":[[147.1488133857639,9.3622508568303147],[149.33905834727125,11.552495818337661],[150.3510490679264,14.332917472035092]]},{"type":"AddCurve","points":[[151.15626525878906,16.26164100193057],[151.15626525878906,19.154726296773788],[151.15626525878906,23.97653512151237]]},{"type":"AddLine","points":[[151.15626525878906,69.736462315011067]]},{"type":"AddCurve","points":[[151.15626525878906,74.55827113974965],[151.15626525878906,77.451356434592867],[150.3510490679264,79.380079964488232]]},{"type":"AddCurve","points":[[149.33905834727125,82.160501618185776],[147.1488133857639,84.350746579693123],[144.36839173206636,85.362737300348272]]},{"type":"AddCurve","points":[[142.43966820217099,86.167953491210938],[139.54658290732777,86.167953491210938],[134.72477408258919,86.167953491210938]]},{"type":"AddLine","points":[[24.691867152762427,86.167953491210938]]},{"type":"AddCurve","points":[[19.870058328023788,86.167953491210938],[16.97697303318057,86.167953491210938],[15.048249503285149,85.362737300348272]]},{"type":"AddCurve","points":[[12.267827849587661,84.350746579693123],[10.077582888080315,82.160501618185776],[9.0655921674252227,79.380079964488232]]},{"type":"AddCurve","points":[[8.2603759765625,77.451356434592867],[8.2603759765625,74.55827113974965],[8.2603759765625,69.736462315011067]]},{"type":"AddLine","points":[[8.2603759765625,23.97653512151237]]},{"type":"AddCurve","points":[[8.2603759765625,19.154726296773788],[8.2603759765625,16.26164100193057],[9.0655921674252227,14.332917472035092]]},{"type":"AddCurve","points":[[10.077582888080315,11.552495818337661],[12.267827849587661,9.3622508568303147],[15.048249503285149,8.3502601361751658]]},{"type":"AddCurve","points":[[16.976973033180627,7.5450439453125],[19.870058328023788,7.5450439453125],[24.691867152762427,7.5450439453125]]},{"type":"CloseSubpath"},{"type":"MoveToPoint","points":[[24.691867152762427,7.5450439453125]]}],"windingRule":0,"lineJoinStyle":0,"miterLimit":10},"isBackgroundTexture":true,"textBaseline":0,"isVerticalText":false,"textureType":5},"initialState":{"affineTransform":[1,0,0,1,0,0],"masksToBounds":false,"rotation":0,"scale":1,"position":{"pointX":77.7396240234375,"pointY":45.9549560546875},"width":159,"sublayerTransform":[1,0,0,0,0,1,0,0,0,0,1,0,0,0,0,1],"contentsRect":{"y":0,"x":0,"width":1,"height":1},"opacity":1,"edgeAntialiasingMask":0,"height":94,"hidden":false,"anchorPoint":{"pointX":0.5,"pointY":0.5}},"texture":"24B428D9E7837DD5DB7BF90E3B8C49C4"}]},{"animations":[],"initialState":{"affineTransform":[1,0,0,1,0,0],"masksToBounds":false,"rotation":0,"scale":1,"position":{"pointX":384.62075805664062,"pointY":335.68804931640625},"width":178,"sublayerTransform":[1,0,0,0,0,1,0,0,0,0,1,0,0,0,0,1],"contentsRect":{"y":0,"x":0,"width":1,"height":1},"opacity":1,"edgeAntialiasingMask":251658240,"height":81,"hidden":false,"anchorPoint":{"pointX":0.5,"pointY":0.5}},"layers":[{"animations":[],"layers":[],"texturedRectangle":{"singleTextureOpacity":1,"textXHeight":0,"shapePath":{"lineWidth":1,"flatness":0.59999999999999998,"lineCapStyle":0,"elements":[{"type":"MoveToPoint","points":[[25.181067420978536,7.68804931640625]]},{"type":"AddLine","points":[[152.95586495206834,7.68804931640625]]},{"type":"AddCurve","points":[[157.96220000490194,7.68804931640625],[160.96600103660211,7.68804931640625],[162.96853505773555,8.5240803968470118]]},{"type":"AddCurve","points":[[165.85536091344909,9.5747990798367937],[168.12942455297571,11.84886271936341],[169.18014323596549,14.735688575076949]]},{"type":"AddCurve","points":[[170.01617431640625,16.738222596210392],[170.01617431640625,19.742023627910555],[170.01617431640625,24.748358680744161]]},{"type":"AddLine","points":[[170.01617431640625,56.098855064373026]]},{"type":"AddCurve","points":[[170.01617431640625,61.105190117206632],[170.01617431640625,64.108991148906796],[169.18014323596549,66.111525170040238]]},{"type":"AddCurve","points":[[168.12942455297571,68.998351025753777],[165.85536091344909,71.272414665280394],[162.96853505773555,72.323133348270176]]},{"type":"AddCurve","points":[[160.96600103660211,73.159164428710938],[157.96220000490194,73.159164428710938],[152.95586495206834,73.159164428710938]]},{"type":"AddLine","points":[[25.181067420978536,73.159164428710938]]},{"type":"AddCurve","points":[[20.17473236814493,73.159164428710938],[17.170931336444767,73.159164428710938],[15.168397315311324,72.323133348270176]]},{"type":"AddCurve","points":[[12.281571459597785,71.272414665280394],[10.007507820071169,68.998351025753777],[8.9567891370813868,66.111525170040238]]},{"type":"AddCurve","points":[[8.120758056640625,64.108991148906796],[8.120758056640625,61.105190117206632],[8.120758056640625,56.098855064373026]]},{"type":"AddLine","points":[[8.120758056640625,24.748358680744161]]},{"type":"AddCurve","points":[[8.120758056640625,19.742023627910555],[8.120758056640625,16.738222596210392],[8.9567891370813868,14.735688575076949]]},{"type":"AddCurve","points":[[10.007507820071169,11.84886271936341],[12.281571459597785,9.5747990798367937],[15.168397315311324,8.5240803968470118]]},{"type":"AddCurve","points":[[17.170931336444767,7.68804931640625],[20.17473236814493,7.68804931640625],[25.181067420978536,7.68804931640625]]},{"type":"CloseSubpath"},{"type":"MoveToPoint","points":[[25.181067420978536,7.68804931640625]]}],"windingRule":0,"lineJoinStyle":0,"miterLimit":10},"isBackgroundTexture":true,"textBaseline":0,"isVerticalText":false,"textureType":5},"initialState":{"affineTransform":[1,0,0,1,0,0],"masksToBounds":false,"rotation":0,"scale":1,"position":{"pointX":87.379241943359375,"pointY":39.31195068359375},"width":178,"sublayerTransform":[1,0,0,0,0,1,0,0,0,0,1,0,0,0,0,1],"contentsRect":{"y":0,"x":0,"width":1,"height":1},"opacity":1,"edgeAntialiasingMask":0,"height":81,"hidden":false,"anchorPoint":{"pointX":0.5,"pointY":0.5}},"texture":"7FE40940697F9C468BF5DEAFF288626B"}]},{"animations":[],"initialState":{"affineTransform":[1,0,0,1,0,0],"masksToBounds":false,"rotation":0,"scale":1,"position":{"pointX":860.16888427734375,"pointY":335.68804931640625},"width":178,"sublayerTransform":[1,0,0,0,0,1,0,0,0,0,1,0,0,0,0,1],"contentsRect":{"y":0,"x":0,"width":1,"height":1},"opacity":1,"edgeAntialiasingMask":251658240,"height":81,"hidden":false,"anchorPoint":{"pointX":0.5,"pointY":0.5}},"layers":[{"animations":[],"layers":[],"texturedRectangle":{"singleTextureOpacity":1,"textXHeight":0,"shapePath":{"lineWidth":1,"flatness":0.59999999999999998,"lineCapStyle":0,"elements":[{"type":"MoveToPoint","points":[[24.729193641681718,7.68804931640625]]},{"type":"AddLine","points":[[152.50399117277152,7.68804931640625]]},{"type":"AddCurve","points":[[157.51032622560501,7.68804931640625],[160.51412725730529,7.68804931640625],[162.51666127843873,8.5240803968470118]]},{"type":"AddCurve","points":[[165.40348713415221,9.5747990798367937],[167.67755077367883,11.84886271936341],[168.72826945666861,14.735688575076949]]},{"type":"AddCurve","points":[[169.56430053710938,16.738222596210392],[169.56430053710938,19.742023627910555],[169.56430053710938,24.748358680744161]]},{"type":"AddLine","points":[[169.56430053710938,56.098855064373026]]},{"type":"AddCurve","points":[[169.56430053710938,61.105190117206632],[169.56430053710938,64.108991148906796],[168.72826945666861,66.111525170040238]]},{"type":"AddCurve","points":[[167.67755077367883,68.998351025753777],[165.40348713415221,71.272414665280394],[162.51666127843873,72.323133348270176]]},{"type":"AddCurve","points":[[160.51412725730529,73.159164428710938],[157.51032622560501,73.159164428710938],[152.50399117277152,73.159164428710938]]},{"type":"AddLine","points":[[24.729193641681718,73.159164428710938]]},{"type":"AddCurve","points":[[19.722858588848112,73.159164428710938],[16.719057557147949,73.159164428710938],[14.716523536014506,72.323133348270176]]},{"type":"AddCurve","points":[[11.82969768030091,71.272414665280394],[9.5556340407742937,68.998351025753777],[8.5049153577845118,66.111525170040238]]},{"type":"AddCurve","points":[[7.66888427734375,64.108991148906796],[7.66888427734375,61.105190117206632],[7.66888427734375,56.098855064373026]]},{"type":"AddLine","points":[[7.66888427734375,24.748358680744161]]},{"type":"AddCurve","points":[[7.66888427734375,19.742023627910555],[7.66888427734375,16.738222596210392],[8.5049153577845118,14.735688575076949]]},{"type":"AddCurve","points":[[9.5556340407742937,11.84886271936341],[11.82969768030091,9.5747990798367937],[14.716523536014506,8.5240803968470118]]},{"type":"AddCurve","points":[[16.719057557147949,7.68804931640625],[19.722858588848112,7.68804931640625],[24.729193641681718,7.68804931640625]]},{"type":"CloseSubpath"},{"type":"MoveToPoint","points":[[24.729193641681718,7.68804931640625]]}],"windingRule":0,"lineJoinStyle":0,"miterLimit":10},"isBackgroundTexture":true,"textBaseline":0,"isVerticalText":false,"textureType":5},"initialState":{"affineTransform":[1,0,0,1,0,0],"masksToBounds":false,"rotation":0,"scale":1,"position":{"pointX":87.83111572265625,"pointY":39.31195068359375},"width":178,"sublayerTransform":[1,0,0,0,0,1,0,0,0,0,1,0,0,0,0,1],"contentsRect":{"y":0,"x":0,"width":1,"height":1},"opacity":1,"edgeAntialiasingMask":0,"height":81,"hidden":false,"anchorPoint":{"pointX":0.5,"pointY":0.5}},"texture":"18F177632C89E29E8F32A1E1126EC027"}]},{"animations":[],"initialState":{"affineTransform":[1,0,0,1,0,0],"masksToBounds":false,"rotation":0,"scale":1,"position":{"pointX":507.3373381147394,"pointY":739.5},"width":18,"sublayerTransform":[1,0,0,0,0,1,0,0,0,0,1,0,0,0,0,1],"contentsRect":{"y":0,"x":0,"width":1,"height":1},"opacity":1,"edgeAntialiasingMask":251658240,"height":15,"hidden":false,"anchorPoint":{"pointX":0.5,"pointY":0.5}},"layers":[{"animations":[],"layers":[],"texturedRectangle":{"singleTextureOpacity":1,"textXHeight":0.55786666666666673,"textBaseline":0.87519531250000004,"isBackgroundTexture":false,"isVerticalText":false,"textColor":[0,0,0,1],"textureType":6},"initialState":{"affineTransform":[1,0,0,1,0,0],"masksToBounds":false,"rotation":0,"scale":1,"position":{"pointX":11.662661885260604,"pointY":12.5},"width":18,"sublayerTransform":[1,0,0,0,0,1,0,0,0,0,1,0,0,0,0,1],"contentsRect":{"y":0,"x":0,"width":1,"height":1},"opacity":1,"edgeAntialiasingMask":0,"height":15,"hidden":false,"anchorPoint":{"pointX":0.5,"pointY":0.5}},"texture":"492C72977A00CF43B6D8FF222591DABD"}]},{"animations":[],"initialState":{"affineTransform":[1,0,0,1,0,0],"masksToBounds":false,"rotation":0,"scale":1,"position":{"pointX":513.53921508789062,"pointY":475.54525756835938},"width":716,"sublayerTransform":[1,0,0,0,0,1,0,0,0,0,1,0,0,0,0,1],"contentsRect":{"y":0,"x":0,"width":1,"height":1},"opacity":1,"edgeAntialiasingMask":251658240,"height":407,"hidden":false,"anchorPoint":{"pointX":0.5,"pointY":0.5}},"layers":[{"animations":[],"layers":[],"texturedRectangle":{"isBackgroundTexture":true,"singleTextureOpacity":1,"textureType":5,"textBaseline":0,"textXHeight":0,"isVerticalText":false},"initialState":{"affineTransform":[1,0,0,1,0,0],"masksToBounds":false,"rotation":0,"scale":1,"position":{"pointX":356.46078491210938,"pointY":202.45474243164062},"width":716,"sublayerTransform":[1,0,0,0,0,1,0,0,0,0,1,0,0,0,0,1],"contentsRect":{"y":0,"x":0,"width":1,"height":1},"opacity":1,"edgeAntialiasingMask":0,"height":407,"hidden":true,"anchorPoint":{"pointX":0.5,"pointY":0.5}},"texture":"A2897C2E2800A265E571C5CCB099E863"}]},{"animations":[],"initialState":{"affineTransform":[1,0,0,1,0,0],"masksToBounds":false,"rotation":0,"scale":1,"position":{"pointX":380.28839111328125,"pointY":97.439411163330078},"width":669,"sublayerTransform":[1,0,0,0,0,1,0,0,0,0,1,0,0,0,0,1],"contentsRect":{"y":0,"x":0,"width":1,"height":1},"opacity":1,"edgeAntialiasingMask":251658240,"height":138,"hidden":false,"anchorPoint":{"pointX":0.5,"pointY":0.5}},"layers":[{"animations":[],"layers":[],"texturedRectangle":{"singleTextureOpacity":1,"textXHeight":0.50165745856353594,"textBaseline":0.69686532020568848,"isBackgroundTexture":false,"isVerticalText":false,"textColor":[0,0,0,1],"textureType":6},"initialState":{"affineTransform":[1,0,0,1,0,0],"masksToBounds":false,"rotation":0,"scale":1,"position":{"pointX":468.21160888671875,"pointY":71.560588836669922},"width":416,"sublayerTransform":[1,0,0,0,0,1,0,0,0,0,1,0,0,0,0,1],"contentsRect":{"y":0,"x":0,"width":1,"height":1},"opacity":1,"edgeAntialiasingMask":0,"height":80,"hidden":true,"anchorPoint":{"pointX":0.5,"pointY":0.5}},"texture":"30B8D5A2A525384B3079F2922CCD8DD6"},{"animations":[],"layers":[],"texturedRectangle":{"singleTextureOpacity":1,"textXHeight":0.42999210734017362,"textBaseline":0.70695537695095745,"isBackgroundTexture":false,"isVerticalText":false,"textColor":[0,0,0,1],"textureType":6},"initialState":{"affineTransform":[1,0,0,1,0,0],"masksToBounds":false,"rotation":0,"scale":1,"position":{"pointX":648.21160888671875,"pointY":152.06058883666992},"width":562,"sublayerTransform":[1,0,0,0,0,1,0,0,0,0,1,0,0,0,0,1],"contentsRect":{"y":0,"x":0,"width":1,"height":1},"opacity":1,"edgeAntialiasingMask":0,"height":35,"hidden":true,"anchorPoint":{"pointX":0.5,"pointY":0.5}},"texture":"FB31BE6041C0F8A8E0CD468318FFF709"}]},{"animations":[],"initialState":{"affineTransform":[1,0,0,1,0,0],"masksToBounds":false,"rotation":0,"scale":1,"position":{"pointX":508.8373381147394,"pointY":739.5},"width":21,"sublayerTransform":[1,0,0,0,0,1,0,0,0,0,1,0,0,0,0,1],"contentsRect":{"y":0,"x":0,"width":1,"height":1},"opacity":1,"edgeAntialiasingMask":251658240,"height":15,"hidden":false,"anchorPoint":{"pointX":0.5,"pointY":0.5}},"layers":[{"animations":[],"layers":[],"texturedRectangle":{"singleTextureOpacity":1,"textXHeight":0.55786666666666673,"textBaseline":0.87519531250000004,"isBackgroundTexture":false,"isVerticalText":false,"textColor":[0,0,0,1],"textureType":6},"initialState":{"affineTransform":[1,0,0,1,0,0],"masksToBounds":false,"rotation":0,"scale":1,"position":{"pointX":13.162661885260604,"pointY":12.5},"width":21,"sublayerTransform":[1,0,0,0,0,1,0,0,0,0,1,0,0,0,0,1],"contentsRect":{"y":0,"x":0,"width":1,"height":1},"opacity":1,"edgeAntialiasingMask":0,"height":15,"hidden":true,"anchorPoint":{"pointX":0.5,"pointY":0.5}},"texture":"D5091346EA199985F4561EDFC1A6D610"}]}]}}]}