{"assets":{"498E23C82CA78A4BCD7BA88E5243B6FC":{"type":"texture","index":0,"assetRequest":{"type":"slide","state":"contents","slide":"none"},"url":{"native":"assets\/FD6E4553-9573-4F68-9369-A9E2B67F7C50.pdf"},"width":1024,"height":768},"C3CDF05F477E63E71DA25AEE58C28C82":{"type":"texture","index":1,"assetRequest":{"type":"slide","state":"contents","slide":"none"},"url":{"native":"assets\/FD6E4553-9573-4F68-9369-A9E2B67F7C50.pdf"},"width":936,"height":60},"DD6D41BA6D8244A295D3E6C6DE0E86E5":{"type":"texture","index":8,"assetRequest":{"type":"slide","state":"contents","slide":"none"},"url":{"native":"assets\/FD6E4553-9573-4F68-9369-A9E2B67F7C50.pdf"},"width":133,"height":114},"2AC8790372CE76B44B1F23029FB8FBA2":{"type":"texture","index":10,"assetRequest":{"type":"slide","state":"contents","slide":"none"},"url":{"native":"assets\/FD6E4553-9573-4F68-9369-A9E2B67F7C50.pdf"},"width":21,"height":15},"15F6B2F30F062C998569EA82CD6C788F":{"type":"texture","index":2,"assetRequest":{"type":"slide","state":"contents","slide":"none"},"url":{"native":"assets\/FD6E4553-9573-4F68-9369-A9E2B67F7C50.pdf"},"width":1027,"height":193},"BB31197DA351E6EA36D26890CFA171F3":{"type":"texture","index":4,"assetRequest":{"type":"slide","state":"contents","slide":"none"},"url":{"native":"assets\/FD6E4553-9573-4F68-9369-A9E2B67F7C50.pdf"},"width":230,"height":104},"43E31FEC7B4819F39576D5342A6F7F08":{"type":"texture","index":5,"assetRequest":{"type":"slide","state":"contents","slide":"none"},"url":{"native":"assets\/FD6E4553-9573-4F68-9369-A9E2B67F7C50.pdf"},"width":230,"height":104},"D0EDF22724711583897589954D3BB036":{"type":"texture","index":7,"assetRequest":{"type":"slide","state":"contents","slide":"none"},"url":{"native":"assets\/FD6E4553-9573-4F68-9369-A9E2B67F7C50.pdf"},"width":122,"height":104},"9C39CCB243679B11B95F1616D5D6C7C0":{"type":"texture","index":3,"assetRequest":{"type":"slide","state":"contents","slide":"none"},"url":{"native":"assets\/FD6E4553-9573-4F68-9369-A9E2B67F7C50.pdf"},"width":220,"height":104},"1B95C99D2A334CF523C4F3BF1A92CDDE":{"type":"texture","index":9,"assetRequest":{"type":"slide","state":"contents","slide":"none"},"url":{"native":"assets\/FD6E4553-9573-4F68-9369-A9E2B67F7C50.pdf"},"width":123,"height":104},"E8B7E5F7EC0B3CC7EF38D86A432641B9":{"type":"texture","index":6,"assetRequest":{"type":"slide","state":"contents","slide":"none"},"url":{"native":"assets\/FD6E4553-9573-4F68-9369-A9E2B67F7C50.pdf"},"width":21,"height":15}},"events":[{"effects":[{"beginTime":0,"baseLayer":{"animations":[],"initialState":{"affineTransform":[1,0,0,1,0,0],"masksToBounds":false,"rotation":0,"scale":1,"position":{"pointX":512,"pointY":384},"width":1024,"sublayerTransform":[1,0,0,0,0,1,0,0,0,0,1,0,0,0,0,1],"contentsRect":{"y":0,"x":0,"width":1,"height":1},"opacity":1,"edgeAntialiasingMask":251658240,"height":768,"hidden":false,"anchorPoint":{"pointX":0.5,"pointY":0.5}},"objectID":"0","layers":[{"animations":[],"initialState":{"affineTransform":[1,0,0,1,0,0],"masksToBounds":false,"rotation":0,"scale":1,"position":{"pointX":512,"pointY":384},"width":1024,"sublayerTransform":[1,0,0,0,0,1,0,0,0,0,1,-0.00049229876906403734,0,0,0,1],"contentsRect":{"y":0,"x":0,"width":1,"height":1},"opacity":1,"edgeAntialiasingMask":251658240,"height":768,"hidden":false,"anchorPoint":{"pointX":0.5,"pointY":0.5}},"layers":[{"animations":[{"additive":false,"timeOffset":0,"beginTime":0,"repeatCount":0,"fillMode":"both","duration":0.89999997615814209,"autoreverses":false,"animations":[{"repeatCount":0,"removedOnCompletion":true,"from":{"scalar":0},"timingFunction":"EaseInEaseOut","additive":false,"timeOffset":0,"autoreverses":false,"property":"zPosition","fillMode":"both","duration":0.89999997615814209,"beginTime":0,"to":{"scalar":0}}],"removedOnCompletion":false}],"initialState":{"affineTransform":[1,0,0,1,0,0],"masksToBounds":false,"rotation":0,"scale":1,"position":{"pointX":512,"pointY":384},"width":1024,"sublayerTransform":[1,0,0,0,0,1,0,0,0,0,1,0,0,0,0,1],"contentsRect":{"y":0,"x":0,"width":1,"height":1},"opacity":1,"edgeAntialiasingMask":251658240,"height":768,"hidden":false,"anchorPoint":{"pointX":0.5,"pointY":0.5}},"layers":[{"animations":[],"layers":[],"texturedRectangle":{"isBackgroundTexture":true,"singleTextureOpacity":1,"textureType":1,"textBaseline":0,"textXHeight":0,"isVerticalText":false},"initialState":{"affineTransform":[1,0,0,1,0,0],"masksToBounds":false,"rotation":0,"scale":1,"position":{"pointX":512,"pointY":384},"width":1024,"sublayerTransform":[1,0,0,0,0,1,0,0,0,0,1,0,0,0,0,1],"contentsRect":{"y":0,"x":0,"width":1,"height":1},"opacity":1,"edgeAntialiasingMask":0,"height":768,"hidden":false,"anchorPoint":{"pointX":0.5,"pointY":0.5}},"texture":"498E23C82CA78A4BCD7BA88E5243B6FC"}]}]},{"animations":[{"additive":false,"timeOffset":0,"beginTime":0,"repeatCount":0,"fillMode":"both","duration":0.89999997615814209,"autoreverses":false,"animations":[{"repeatCount":0,"removedOnCompletion":true,"from":{"scalar":0.001},"timingFunction":"EaseInEaseOut","additive":false,"timeOffset":0,"autoreverses":false,"property":"zPosition","fillMode":"both","duration":0.89999997615814209,"beginTime":0,"to":{"scalar":0.001}}],"removedOnCompletion":false}],"initialState":{"affineTransform":[1,0,0,1,0,0],"masksToBounds":false,"rotation":0,"scale":1,"position":{"pointX":512,"pointY":261.93710327148438},"width":973.24199676513672,"sublayerTransform":[1,0,0,0,0,1,0,0,0,0,1,0,0,0,0,1],"contentsRect":{"y":0,"x":0,"width":1,"height":1},"opacity":1,"edgeAntialiasingMask":251658240,"height":149.27070140838623,"hidden":false,"anchorPoint":{"pointX":0.5,"pointY":0.5}},"layers":[{"animations":[{"additive":false,"timeOffset":0,"beginTime":0,"repeatCount":0,"fillMode":"both","duration":0.89999997615814209,"autoreverses":false,"animations":[{"repeatCount":0,"removedOnCompletion":true,"from":{"texture":"C3CDF05F477E63E71DA25AEE58C28C82"},"timingFunction":"EaseInEaseOut","additive":false,"timeOffset":0,"autoreverses":false,"property":"contents","fillMode":"both","duration":0.89999997615814209,"beginTime":0,"to":{"texture":"C3CDF05F477E63E71DA25AEE58C28C82"}}],"removedOnCompletion":false}],"layers":[],"texturedRectangle":{"singleTextureOpacity":1,"textXHeight":0.4598526703499079,"textBaseline":0.7002458333969116,"isBackgroundTexture":true,"isVerticalText":false,"textColor":[0,0,0,1],"textureType":6},"initialState":{"affineTransform":[1,0,0,1,0,0],"masksToBounds":false,"rotation":0,"scale":1,"position":{"pointX":486.62100219726562,"pointY":74.635353088378906},"width":936,"sublayerTransform":[1,0,0,0,0,1,0,0,0,0,1,0,0,0,0,1],"contentsRect":{"y":0,"x":0,"width":1,"height":1},"opacity":1,"edgeAntialiasingMask":0,"height":60,"hidden":false,"anchorPoint":{"pointX":0.50000000407553125,"pointY":0.96561842759450278}},"texture":"C3CDF05F477E63E71DA25AEE58C28C82"}]},{"animations":[{"additive":false,"timeOffset":0,"beginTime":0,"repeatCount":0,"fillMode":"both","duration":0.89999997615814209,"autoreverses":false,"animations":[{"repeatCount":0,"removedOnCompletion":true,"from":{"scalar":0.002},"timingFunction":"EaseInEaseOut","additive":false,"timeOffset":0,"autoreverses":false,"property":"zPosition","fillMode":"both","duration":0.89999997615814209,"beginTime":0,"to":{"scalar":0.002}}],"removedOnCompletion":false}],"initialState":{"affineTransform":[1,0,0,1,0,0],"masksToBounds":false,"rotation":0,"scale":1,"position":{"pointX":511.99999998556672,"pointY":477.52801513671875},"width":1024,"sublayerTransform":[1,0,0,0,0,1,0,0,0,0,1,0,0,0,0,1],"contentsRect":{"y":0,"x":0,"width":1,"height":1},"opacity":1,"edgeAntialiasingMask":251658240,"height":189.46893310546875,"hidden":false,"anchorPoint":{"pointX":0.5,"pointY":0.5}},"layers":[{"animations":[],"layers":[],"texturedRectangle":{"isBackgroundTexture":true,"singleTextureOpacity":1,"textureType":5,"textBaseline":0,"textXHeight":0,"isVerticalText":false},"initialState":{"affineTransform":[1,0,0,1,0,0],"masksToBounds":false,"rotation":0,"scale":1,"position":{"pointX":512,"pointY":94.734466552734375},"width":1027,"sublayerTransform":[1,0,0,0,0,1,0,0,0,0,1,0,0,0,0,1],"contentsRect":{"y":0,"x":0,"width":1,"height":1},"opacity":1,"edgeAntialiasingMask":0,"height":193,"hidden":false,"anchorPoint":{"pointX":0.5004868549031809,"pointY":0.50014515614880184}},"texture":"15F6B2F30F062C998569EA82CD6C788F"}]},{"animations":[{"additive":false,"timeOffset":0,"beginTime":0,"repeatCount":0,"fillMode":"both","duration":0.89999997615814209,"autoreverses":false,"animations":[{"repeatCount":0,"removedOnCompletion":true,"from":{"scalar":0.0030000000000000001},"timingFunction":"EaseInEaseOut","additive":false,"timeOffset":0,"autoreverses":false,"property":"zPosition","fillMode":"both","duration":0.89999997615814209,"beginTime":0,"to":{"scalar":0.0030000000000000001}}],"removedOnCompletion":false}],"initialState":{"affineTransform":[1,0,0,1,0,0],"masksToBounds":false,"rotation":0,"scale":1,"position":{"pointX":257.26700592041016,"pointY":459.16428756713867},"width":217.13185119628906,"sublayerTransform":[1,0,0,0,0,1,0,0,0,0,1,0,0,0,0,1],"contentsRect":{"y":0,"x":0,"width":1,"height":1},"opacity":1,"edgeAntialiasingMask":251658240,"height":101.32607269287109,"hidden":false,"anchorPoint":{"pointX":0.5,"pointY":0.5}},"layers":[{"animations":[{"additive":false,"timeOffset":0,"beginTime":0,"repeatCount":0,"fillMode":"both","duration":0.89999997615814209,"autoreverses":false,"animations":[{"repeatCount":0,"removedOnCompletion":true,"from":{"scalar":1},"timingFunction":"EaseInEaseOut","additive":false,"timeOffset":0,"autoreverses":false,"property":"transform.scale.x","fillMode":"both","duration":0.89999997615814209,"beginTime":0,"to":{"scalar":0.55454545454545456}},{"repeatCount":0,"removedOnCompletion":true,"from":{"scalar":1},"timingFunction":"EaseInEaseOut","additive":false,"timeOffset":0,"autoreverses":false,"property":"transform.scale.y","fillMode":"both","duration":0.89999997615814209,"beginTime":0,"to":{"scalar":1}},{"repeatCount":0,"removedOnCompletion":true,"from":{"texture":"9C39CCB243679B11B95F1616D5D6C7C0"},"timingFunction":"EaseInEaseOut","additive":false,"timeOffset":0,"autoreverses":false,"property":"contents","fillMode":"both","duration":0.89999997615814209,"beginTime":0,"to":{"texture":"D0EDF22724711583897589954D3BB036"}},{"repeatCount":0,"removedOnCompletion":true,"from":{"pointX":0,"pointY":0},"timingFunction":"EaseInEaseOut","additive":false,"timeOffset":0,"autoreverses":false,"property":"transform.translation","fillMode":"both","duration":0.89999997615814209,"beginTime":0,"to":{"pointX":48.881060999090039,"pointY":0}}],"removedOnCompletion":false}],"layers":[],"texturedRectangle":{"singleTextureOpacity":1,"textXHeight":0,"shapePath":{"lineWidth":1,"flatness":0.59999999999999998,"lineCapStyle":0,"elements":[{"type":"MoveToPoint","points":[[31.131055322265638,8.001251220703125]]},{"type":"AddLine","points":[[189.40295651855467,8.001251220703125]]},{"type":"AddCurve","points":[[196.13174057232226,8.001251220703125],[200.16901100458279,8.001251220703125],[202.86052462608984,9.1249220384083856]]},{"type":"AddCurve","points":[[206.74057411916851,10.537144561368677],[209.79703817788914,13.593608620089356],[211.20926070084943,17.473658113168028]]},{"type":"AddCurve","points":[[212.33293151855469,20.165171734675027],[212.33293151855469,24.202442166935555],[212.33293151855469,30.931226220703138]]},{"type":"AddLine","points":[[212.33293151855469,73.397348913574206]]},{"type":"AddCurve","points":[[212.33293151855469,80.126132967341789],[212.33293151855469,84.163403399602316],[211.20926070084943,86.854917021109316]]},{"type":"AddCurve","points":[[209.79703817788914,90.734966514188045],[206.74057411916851,93.791430572908666],[202.86052462608984,95.203653095868958]]},{"type":"AddCurve","points":[[200.16901100458279,96.327323913574219],[196.13174057232226,96.327323913574219],[189.40295651855467,96.327323913574219]]},{"type":"AddLine","points":[[31.131055322265638,96.327323913574219]]},{"type":"AddCurve","points":[[24.402271268498055,96.327323913574219],[20.365000836237527,96.327323913574219],[17.673487214730528,95.203653095868958]]},{"type":"AddCurve","points":[[13.793437721651827,93.791430572908666],[10.736973662931177,90.734966514188045],[9.3247511399708571,86.854917021109316]]},{"type":"AddCurve","points":[[8.201080322265625,84.163403399602316],[8.201080322265625,80.126132967341789],[8.201080322265625,73.397348913574206]]},{"type":"AddLine","points":[[8.201080322265625,30.931226220703138]]},{"type":"AddCurve","points":[[8.201080322265625,24.202442166935555],[8.201080322265625,20.165171734675027],[9.3247511399708571,17.473658113168028]]},{"type":"AddCurve","points":[[10.736973662931177,13.593608620089356],[13.793437721651827,10.537144561368677],[17.673487214730528,9.1249220384083856]]},{"type":"AddCurve","points":[[20.365000836237527,8.001251220703125],[24.402271268498055,8.001251220703125],[31.131055322265638,8.001251220703125]]},{"type":"CloseSubpath"},{"type":"MoveToPoint","points":[[31.131055322265638,8.001251220703125]]}],"windingRule":0,"lineJoinStyle":0,"miterLimit":10},"isBackgroundTexture":true,"textBaseline":0,"isVerticalText":false,"textureType":5},"initialState":{"affineTransform":[1,0,0,1,0,0],"masksToBounds":false,"rotation":0,"scale":1,"position":{"pointX":108.56592559814453,"pointY":50.663036346435547},"width":220,"sublayerTransform":[1,0,0,0,0,1,0,0,0,0,1,0,0,0,0,1],"contentsRect":{"y":0,"x":0,"width":1,"height":1},"opacity":1,"edgeAntialiasingMask":0,"height":104,"hidden":false,"anchorPoint":{"pointX":0.5012136632745916,"pointY":0.5015796881455642}},"texture":"9C39CCB243679B11B95F1616D5D6C7C0"}]},{"animations":[{"additive":false,"timeOffset":0,"beginTime":0,"repeatCount":0,"fillMode":"both","duration":0.89999997615814209,"autoreverses":false,"animations":[{"repeatCount":0,"removedOnCompletion":true,"from":{"scalar":0.0040000000000000001},"timingFunction":"EaseInEaseOut","additive":false,"timeOffset":0,"autoreverses":false,"property":"zPosition","fillMode":"both","duration":0.89999997615814209,"beginTime":0,"to":{"scalar":0.0040000000000000001}}],"removedOnCompletion":false}],"initialState":{"affineTransform":[1,0,0,1,0,0],"masksToBounds":false,"rotation":0,"scale":1,"position":{"pointX":846.15589141845703,"pointY":454.27402877807617},"width":226.74794006347656,"sublayerTransform":[1,0,0,0,0,1,0,0,0,0,1,0,0,0,0,1],"contentsRect":{"y":0,"x":0,"width":1,"height":1},"opacity":1,"edgeAntialiasingMask":251658240,"height":101.32607269287109,"hidden":false,"anchorPoint":{"pointX":0.5,"pointY":0.5}},"layers":[{"animations":[{"additive":false,"timeOffset":0,"beginTime":0,"repeatCount":0,"fillMode":"both","duration":0.89999997615814209,"autoreverses":false,"animations":[{"repeatCount":0,"removedOnCompletion":true,"from":{"scalar":1},"timingFunction":"EaseInEaseOut","additive":false,"timeOffset":0,"autoreverses":false,"property":"transform.scale.x","fillMode":"both","duration":0.89999997615814209,"beginTime":0,"to":{"scalar":0.57826086956521738}},{"repeatCount":0,"removedOnCompletion":true,"from":{"scalar":1},"timingFunction":"EaseInEaseOut","additive":false,"timeOffset":0,"autoreverses":false,"property":"transform.scale.y","fillMode":"both","duration":0.89999997615814209,"beginTime":0,"to":{"scalar":1.0961538461538463}},{"repeatCount":0,"removedOnCompletion":true,"from":{"texture":"BB31197DA351E6EA36D26890CFA171F3"},"timingFunction":"EaseInEaseOut","additive":false,"timeOffset":0,"autoreverses":false,"property":"contents","fillMode":"both","duration":0.89999997615814209,"beginTime":0,"to":{"texture":"DD6D41BA6D8244A295D3E6C6DE0E86E5"}},{"repeatCount":0,"removedOnCompletion":true,"from":{"pointX":0,"pointY":0},"timingFunction":"EaseInEaseOut","additive":false,"timeOffset":0,"autoreverses":false,"property":"transform.translation","fillMode":"both","duration":0.89999997615814209,"beginTime":0,"to":{"pointX":48.434254488737679,"pointY":5.0263489209688714}}],"removedOnCompletion":false}],"layers":[],"texturedRectangle":{"singleTextureOpacity":1,"textXHeight":0,"shapePath":{"lineWidth":1,"flatness":0.59999999999999998,"lineCapStyle":0,"elements":[{"type":"MoveToPoint","points":[[33.508057418069825,8.110992431640625]]},{"type":"AddLine","points":[[196.80372541884424,8.110992431640625]]},{"type":"AddCurve","points":[[204.20631621390294,8.110992431640625],[208.64787069093813,8.110992431640625],[211.60890700896164,9.3471853582308881]]},{"type":"AddCurve","points":[[215.87749676192811,10.900824970604447],[219.24002891123155,14.263357119907823],[220.79366852360499,18.5319468728743]]},{"type":"AddCurve","points":[[222.02986145019531,21.492983190897803],[222.02986145019531,25.934537667933],[222.02986145019531,33.3371284629917]]},{"type":"AddLine","points":[[222.02986145019531,71.210929093160644]]},{"type":"AddCurve","points":[[222.02986145019531,78.613519888219344],[222.02986145019531,83.055074365254541],[220.79366852360499,86.016110683278043]]},{"type":"AddCurve","points":[[219.24002891123155,90.28470043624452],[215.87749676192811,93.647232585547954],[211.60890700896164,95.200872197921456]]},{"type":"AddCurve","points":[[208.64787069093813,96.437065124511719],[204.20631621390294,96.437065124511719],[196.80372541884424,96.437065124511719]]},{"type":"AddLine","points":[[33.508057418069825,96.437065124511719]]},{"type":"AddCurve","points":[[26.105466623011125,96.437065124511719],[21.663912145975928,96.437065124511719],[18.702875827952425,95.200872197921456]]},{"type":"AddCurve","points":[[14.434286074985948,93.647232585547954],[11.071753925682515,90.28470043624452],[9.51811431330907,86.016110683278043]]},{"type":"AddCurve","points":[[8.28192138671875,83.055074365254541],[8.28192138671875,78.613519888219344],[8.28192138671875,71.210929093160644]]},{"type":"AddLine","points":[[8.28192138671875,33.3371284629917]]},{"type":"AddCurve","points":[[8.28192138671875,25.934537667933],[8.28192138671875,21.492983190897803],[9.51811431330907,18.5319468728743]]},{"type":"AddCurve","points":[[11.071753925682515,14.263357119907823],[14.434286074985948,10.900824970604447],[18.702875827952425,9.3471853582308881]]},{"type":"AddCurve","points":[[21.663912145975928,8.110992431640625],[26.105466623011125,8.110992431640625],[33.508057418069825,8.110992431640625]]},{"type":"CloseSubpath"},{"type":"MoveToPoint","points":[[33.508057418069825,8.110992431640625]]}],"windingRule":0,"lineJoinStyle":0,"miterLimit":10},"isBackgroundTexture":true,"textBaseline":0,"isVerticalText":false,"textureType":5},"initialState":{"affineTransform":[1,0,0,1,0,0],"masksToBounds":false,"rotation":0,"scale":1,"position":{"pointX":113.37397003173828,"pointY":50.663036346435547},"width":230,"sublayerTransform":[1,0,0,0,0,1,0,0,0,0,1,0,0,0,0,1],"contentsRect":{"y":0,"x":0,"width":1,"height":1},"opacity":1,"edgeAntialiasingMask":0,"height":104,"hidden":false,"anchorPoint":{"pointX":0.50067778877590019,"pointY":0.50263489209688628}},"texture":"BB31197DA351E6EA36D26890CFA171F3"}]},{"animations":[{"additive":false,"timeOffset":0,"beginTime":0,"repeatCount":0,"fillMode":"both","duration":0.89999997615814209,"autoreverses":false,"animations":[{"repeatCount":0,"removedOnCompletion":true,"from":{"scalar":0.0050000000000000001},"timingFunction":"EaseInEaseOut","additive":false,"timeOffset":0,"autoreverses":false,"property":"zPosition","fillMode":"both","duration":0.89999997615814209,"beginTime":0,"to":{"scalar":0.0050000000000000001}}],"removedOnCompletion":false}],"initialState":{"affineTransform":[1,0,0,1,0,0],"masksToBounds":false,"rotation":0,"scale":1,"position":{"pointX":543.97635650634766,"pointY":459.16428756713867},"width":226.74794006347656,"sublayerTransform":[1,0,0,0,0,1,0,0,0,0,1,0,0,0,0,1],"contentsRect":{"y":0,"x":0,"width":1,"height":1},"opacity":1,"edgeAntialiasingMask":251658240,"height":101.32607269287109,"hidden":false,"anchorPoint":{"pointX":0.5,"pointY":0.5}},"layers":[{"animations":[{"additive":false,"timeOffset":0,"beginTime":0,"repeatCount":0,"fillMode":"both","duration":0.89999997615814209,"autoreverses":false,"animations":[{"repeatCount":0,"removedOnCompletion":true,"from":{"scalar":1},"timingFunction":"EaseInEaseOut","additive":false,"timeOffset":0,"autoreverses":false,"property":"transform.scale.x","fillMode":"both","duration":0.89999997615814209,"beginTime":0,"to":{"scalar":0.5347826086956522}},{"repeatCount":0,"removedOnCompletion":true,"from":{"scalar":1},"timingFunction":"EaseInEaseOut","additive":false,"timeOffset":0,"autoreverses":false,"property":"transform.scale.y","fillMode":"both","duration":0.89999997615814209,"beginTime":0,"to":{"scalar":1}},{"repeatCount":0,"removedOnCompletion":true,"from":{"texture":"43E31FEC7B4819F39576D5342A6F7F08"},"timingFunction":"EaseInEaseOut","additive":false,"timeOffset":0,"autoreverses":false,"property":"contents","fillMode":"both","duration":0.89999997615814209,"beginTime":0,"to":{"texture":"1B95C99D2A334CF523C4F3BF1A92CDDE"}},{"repeatCount":0,"removedOnCompletion":true,"from":{"pointX":0,"pointY":0},"timingFunction":"EaseInEaseOut","additive":false,"timeOffset":0,"autoreverses":false,"property":"transform.translation","fillMode":"both","duration":0.89999997615814209,"beginTime":0,"to":{"pointX":53.510999364438248,"pointY":0}}],"removedOnCompletion":false}],"layers":[],"texturedRectangle":{"singleTextureOpacity":1,"textXHeight":0,"shapePath":{"lineWidth":1,"flatness":0.59999999999999998,"lineCapStyle":0,"elements":[{"type":"MoveToPoint","points":[[31.032361474609388,8.001251220703125]]},{"type":"AddLine","points":[[198.92035153808592,8.001251220703125]]},{"type":"AddCurve","points":[[205.64913559185356,8.001251220703125],[209.68640602411404,8.001251220703125],[212.37791964562109,9.1249220384083856]]},{"type":"AddCurve","points":[[216.25796913869976,10.537144561368677],[219.31443319742039,13.593608620089356],[220.72665572038068,17.473658113168028]]},{"type":"AddCurve","points":[[221.85032653808594,20.165171734675027],[221.85032653808594,24.202442166935555],[221.85032653808594,30.931226220703138]]},{"type":"AddLine","points":[[221.85032653808594,73.397348913574206]]},{"type":"AddCurve","points":[[221.85032653808594,80.126132967341789],[221.85032653808594,84.163403399602316],[220.72665572038068,86.854917021109316]]},{"type":"AddCurve","points":[[219.31443319742039,90.734966514188045],[216.25796913869976,93.791430572908666],[212.37791964562109,95.203653095868958]]},{"type":"AddCurve","points":[[209.68640602411404,96.327323913574219],[205.64913559185356,96.327323913574219],[198.92035153808592,96.327323913574219]]},{"type":"AddLine","points":[[31.032361474609388,96.327323913574219]]},{"type":"AddCurve","points":[[24.303577420841805,96.327323913574219],[20.266306988581277,96.327323913574219],[17.574793367074278,95.203653095868958]]},{"type":"AddCurve","points":[[13.694743873995606,93.791430572908666],[10.638279815274927,90.734966514188045],[9.2260572923146356,86.854917021109316]]},{"type":"AddCurve","points":[[8.102386474609375,84.163403399602316],[8.102386474609375,80.126132967341789],[8.102386474609375,73.397348913574206]]},{"type":"AddLine","points":[[8.102386474609375,30.931226220703138]]},{"type":"AddCurve","points":[[8.102386474609375,24.202442166935555],[8.102386474609375,20.165171734675027],[9.2260572923146356,17.473658113168028]]},{"type":"AddCurve","points":[[10.638279815274927,13.593608620089356],[13.694743873995606,10.537144561368677],[17.574793367074278,9.1249220384083856]]},{"type":"AddCurve","points":[[20.266306988581277,8.001251220703125],[24.303577420841805,8.001251220703125],[31.032361474609388,8.001251220703125]]},{"type":"CloseSubpath"},{"type":"MoveToPoint","points":[[31.032361474609388,8.001251220703125]]}],"windingRule":0,"lineJoinStyle":0,"miterLimit":10},"isBackgroundTexture":true,"textBaseline":0,"isVerticalText":false,"textureType":5},"initialState":{"affineTransform":[1,0,0,1,0,0],"masksToBounds":false,"rotation":0,"scale":1,"position":{"pointX":113.37397003173828,"pointY":50.663036346435547},"width":230,"sublayerTransform":[1,0,0,0,0,1,0,0,0,0,1,0,0,0,0,1],"contentsRect":{"y":0,"x":0,"width":1,"height":1},"opacity":1,"edgeAntialiasingMask":0,"height":104,"hidden":false,"anchorPoint":{"pointX":0.49989720220151157,"pointY":0.5015796881455642}},"texture":"43E31FEC7B4819F39576D5342A6F7F08"}]},{"animations":[{"additive":false,"timeOffset":0,"beginTime":0,"repeatCount":0,"fillMode":"both","duration":0.89999997615814209,"autoreverses":false,"animations":[{"repeatCount":0,"removedOnCompletion":true,"from":{"scalar":0.0060000000000000001},"timingFunction":"EaseInEaseOut","additive":false,"timeOffset":0,"autoreverses":false,"property":"zPosition","fillMode":"both","duration":0.89999997615814209,"beginTime":0,"to":{"scalar":0.0060000000000000001}}],"removedOnCompletion":false}],"initialState":{"affineTransform":[1,0,0,1,0,0],"masksToBounds":false,"rotation":0,"scale":1,"position":{"pointX":511.73333740234375,"pointY":744.76794403791428},"width":26.791998575208709,"sublayerTransform":[1,0,0,0,0,1,0,0,0,0,1,0,0,0,0,1],"contentsRect":{"y":0,"x":0,"width":1,"height":1},"opacity":1,"edgeAntialiasingMask":251658240,"height":25.535888075828552,"hidden":false,"anchorPoint":{"pointX":0.5,"pointY":0.5}},"layers":[{"animations":[{"additive":false,"timeOffset":0,"beginTime":0,"repeatCount":0,"fillMode":"both","duration":0.89999997615814209,"autoreverses":false,"animations":[{"repeatCount":0,"removedOnCompletion":true,"from":{"texture":"E8B7E5F7EC0B3CC7EF38D86A432641B9"},"timingFunction":"EaseInEaseOut","additive":false,"timeOffset":0,"autoreverses":false,"property":"contents","fillMode":"both","duration":0.89999997615814209,"beginTime":0,"to":{"texture":"2AC8790372CE76B44B1F23029FB8FBA2"}}],"removedOnCompletion":false}],"layers":[],"texturedRectangle":{"singleTextureOpacity":1,"textXHeight":0.55786666666666673,"textBaseline":0.87519531250000004,"isBackgroundTexture":true,"isVerticalText":false,"textColor":[0,0,0,1],"textureType":6},"initialState":{"affineTransform":[1,0,0,1,0,0],"masksToBounds":false,"rotation":0,"scale":1,"position":{"pointX":13.396000000000015,"pointY":12.7679443359375},"width":21,"sublayerTransform":[1,0,0,0,0,1,0,0,0,0,1,0,0,0,0,1],"contentsRect":{"y":0,"x":0,"width":1,"height":1},"opacity":1,"edgeAntialiasingMask":0,"height":15,"hidden":false,"anchorPoint":{"pointX":0.51111133879711479,"pointY":0.51786295572916663}},"texture":"E8B7E5F7EC0B3CC7EF38D86A432641B9"}]}]},"effects":[],"duration":0.89999997615814209,"type":"transition","attributes":{"direction":0},"name":"apple:magic-move-implied-motion-path","objectID":"0"}],"automaticPlay":false,"hyperlinks":[],"accessibility":[{"text":"￼","targetRectangle":{"y":736,"x":502.8373381147394,"width":17.79200000000003,"height":17.535888671875}},{"text":"Comparing with the Perfect Heuristic ","targetRectangle":{"y":191.30175256729126,"x":43.709948566078424,"width":957.60773480663011,"height":70.270706176757812}},{"text":"截屏2020-10-27 01.07.47.png","targetRectangle":{"y":382.79354858398438,"x":-1.4433283013204345e-08,"width":1024,"height":189.46893310546875}}],"baseLayer":{"animations":[],"initialState":{"affineTransform":[1,0,0,1,0,0],"masksToBounds":false,"rotation":0,"scale":1,"position":{"pointX":512,"pointY":384},"width":1024,"sublayerTransform":[1,0,0,0,0,1,0,0,0,0,1,0,0,0,0,1],"contentsRect":{"y":0,"x":0,"width":1,"height":1},"opacity":1,"edgeAntialiasingMask":251658240,"height":768,"hidden":false,"anchorPoint":{"pointX":0.5,"pointY":0.5}},"objectID":"0","layers":[{"animations":[],"initialState":{"affineTransform":[1,0,0,1,0,0],"masksToBounds":false,"rotation":0,"scale":1,"position":{"pointX":512,"pointY":384},"width":1024,"sublayerTransform":[1,0,0,0,0,1,0,0,0,0,1,-0.00049229876906403734,0,0,0,1],"contentsRect":{"y":0,"x":0,"width":1,"height":1},"opacity":1,"edgeAntialiasingMask":251658240,"height":768,"hidden":false,"anchorPoint":{"pointX":0.5,"pointY":0.5}},"layers":[{"animations":[],"initialState":{"affineTransform":[1,0,0,1,0,0],"masksToBounds":false,"rotation":0,"scale":1,"position":{"pointX":512,"pointY":384},"width":1024,"sublayerTransform":[1,0,0,0,0,1,0,0,0,0,1,0,0,0,0,1],"contentsRect":{"y":0,"x":0,"width":1,"height":1},"opacity":1,"edgeAntialiasingMask":251658240,"height":768,"hidden":false,"anchorPoint":{"pointX":0.5,"pointY":0.5}},"layers":[{"animations":[],"layers":[],"texturedRectangle":{"isBackgroundTexture":true,"singleTextureOpacity":1,"textureType":1,"textBaseline":0,"textXHeight":0,"isVerticalText":false},"initialState":{"affineTransform":[1,0,0,1,0,0],"masksToBounds":false,"rotation":0,"scale":1,"position":{"pointX":512,"pointY":384},"width":1024,"sublayerTransform":[1,0,0,0,0,1,0,0,0,0,1,0,0,0,0,1],"contentsRect":{"y":0,"x":0,"width":1,"height":1},"opacity":1,"edgeAntialiasingMask":0,"height":768,"hidden":false,"anchorPoint":{"pointX":0.5,"pointY":0.5}},"texture":"498E23C82CA78A4BCD7BA88E5243B6FC"}]}]},{"animations":[],"initialState":{"affineTransform":[1,0,0,1,0,0],"masksToBounds":false,"rotation":0,"scale":1,"position":{"pointX":512,"pointY":261.93710327148438},"width":973.24199676513672,"sublayerTransform":[1,0,0,0,0,1,0,0,0,0,1,0,0,0,0,1],"contentsRect":{"y":0,"x":0,"width":1,"height":1},"opacity":1,"edgeAntialiasingMask":251658240,"height":149.27070140838623,"hidden":false,"anchorPoint":{"pointX":0.5,"pointY":0.5}},"layers":[{"animations":[],"layers":[],"texturedRectangle":{"singleTextureOpacity":1,"textXHeight":0.4598526703499079,"textBaseline":0.7002458333969116,"isBackgroundTexture":true,"isVerticalText":false,"textColor":[0,0,0,1],"textureType":6},"initialState":{"affineTransform":[1,0,0,1,0,0],"masksToBounds":false,"rotation":0,"scale":1,"position":{"pointX":486.62100219726562,"pointY":74.635353088378906},"width":936,"sublayerTransform":[1,0,0,0,0,1,0,0,0,0,1,0,0,0,0,1],"contentsRect":{"y":0,"x":0,"width":1,"height":1},"opacity":1,"edgeAntialiasingMask":0,"height":60,"hidden":false,"anchorPoint":{"pointX":0.50000000407553125,"pointY":0.96561842759450278}},"texture":"C3CDF05F477E63E71DA25AEE58C28C82"}]},{"animations":[],"initialState":{"affineTransform":[1,0,0,1,0,0],"masksToBounds":false,"rotation":0,"scale":1,"position":{"pointX":511.99999998556672,"pointY":477.52801513671875},"width":1024,"sublayerTransform":[1,0,0,0,0,1,0,0,0,0,1,0,0,0,0,1],"contentsRect":{"y":0,"x":0,"width":1,"height":1},"opacity":1,"edgeAntialiasingMask":251658240,"height":189.46893310546875,"hidden":false,"anchorPoint":{"pointX":0.5,"pointY":0.5}},"layers":[{"animations":[],"layers":[],"texturedRectangle":{"isBackgroundTexture":true,"singleTextureOpacity":1,"textureType":5,"textBaseline":0,"textXHeight":0,"isVerticalText":false},"initialState":{"affineTransform":[1,0,0,1,0,0],"masksToBounds":false,"rotation":0,"scale":1,"position":{"pointX":512,"pointY":94.734466552734375},"width":1027,"sublayerTransform":[1,0,0,0,0,1,0,0,0,0,1,0,0,0,0,1],"contentsRect":{"y":0,"x":0,"width":1,"height":1},"opacity":1,"edgeAntialiasingMask":0,"height":193,"hidden":false,"anchorPoint":{"pointX":0.5004868549031809,"pointY":0.50014515614880184}},"texture":"15F6B2F30F062C998569EA82CD6C788F"}]},{"animations":[],"initialState":{"affineTransform":[1,0,0,1,0,0],"masksToBounds":false,"rotation":0,"scale":1,"position":{"pointX":257.26700592041016,"pointY":459.16428756713867},"width":217.13185119628906,"sublayerTransform":[1,0,0,0,0,1,0,0,0,0,1,0,0,0,0,1],"contentsRect":{"y":0,"x":0,"width":1,"height":1},"opacity":1,"edgeAntialiasingMask":251658240,"height":101.32607269287109,"hidden":false,"anchorPoint":{"pointX":0.5,"pointY":0.5}},"layers":[{"animations":[],"layers":[],"texturedRectangle":{"singleTextureOpacity":1,"textXHeight":0,"shapePath":{"lineWidth":1,"flatness":0.59999999999999998,"lineCapStyle":0,"elements":[{"type":"MoveToPoint","points":[[31.131055322265638,8.001251220703125]]},{"type":"AddLine","points":[[189.40295651855467,8.001251220703125]]},{"type":"AddCurve","points":[[196.13174057232226,8.001251220703125],[200.16901100458279,8.001251220703125],[202.86052462608984,9.1249220384083856]]},{"type":"AddCurve","points":[[206.74057411916851,10.537144561368677],[209.79703817788914,13.593608620089356],[211.20926070084943,17.473658113168028]]},{"type":"AddCurve","points":[[212.33293151855469,20.165171734675027],[212.33293151855469,24.202442166935555],[212.33293151855469,30.931226220703138]]},{"type":"AddLine","points":[[212.33293151855469,73.397348913574206]]},{"type":"AddCurve","points":[[212.33293151855469,80.126132967341789],[212.33293151855469,84.163403399602316],[211.20926070084943,86.854917021109316]]},{"type":"AddCurve","points":[[209.79703817788914,90.734966514188045],[206.74057411916851,93.791430572908666],[202.86052462608984,95.203653095868958]]},{"type":"AddCurve","points":[[200.16901100458279,96.327323913574219],[196.13174057232226,96.327323913574219],[189.40295651855467,96.327323913574219]]},{"type":"AddLine","points":[[31.131055322265638,96.327323913574219]]},{"type":"AddCurve","points":[[24.402271268498055,96.327323913574219],[20.365000836237527,96.327323913574219],[17.673487214730528,95.203653095868958]]},{"type":"AddCurve","points":[[13.793437721651827,93.791430572908666],[10.736973662931177,90.734966514188045],[9.3247511399708571,86.854917021109316]]},{"type":"AddCurve","points":[[8.201080322265625,84.163403399602316],[8.201080322265625,80.126132967341789],[8.201080322265625,73.397348913574206]]},{"type":"AddLine","points":[[8.201080322265625,30.931226220703138]]},{"type":"AddCurve","points":[[8.201080322265625,24.202442166935555],[8.201080322265625,20.165171734675027],[9.3247511399708571,17.473658113168028]]},{"type":"AddCurve","points":[[10.736973662931177,13.593608620089356],[13.793437721651827,10.537144561368677],[17.673487214730528,9.1249220384083856]]},{"type":"AddCurve","points":[[20.365000836237527,8.001251220703125],[24.402271268498055,8.001251220703125],[31.131055322265638,8.001251220703125]]},{"type":"CloseSubpath"},{"type":"MoveToPoint","points":[[31.131055322265638,8.001251220703125]]}],"windingRule":0,"lineJoinStyle":0,"miterLimit":10},"isBackgroundTexture":true,"textBaseline":0,"isVerticalText":false,"textureType":5},"initialState":{"affineTransform":[1,0,0,1,0,0],"masksToBounds":false,"rotation":0,"scale":1,"position":{"pointX":108.56592559814453,"pointY":50.663036346435547},"width":220,"sublayerTransform":[1,0,0,0,0,1,0,0,0,0,1,0,0,0,0,1],"contentsRect":{"y":0,"x":0,"width":1,"height":1},"opacity":1,"edgeAntialiasingMask":0,"height":104,"hidden":false,"anchorPoint":{"pointX":0.5012136632745916,"pointY":0.5015796881455642}},"texture":"9C39CCB243679B11B95F1616D5D6C7C0"}]},{"animations":[],"initialState":{"affineTransform":[1,0,0,1,0,0],"masksToBounds":false,"rotation":0,"scale":1,"position":{"pointX":846.15589141845703,"pointY":454.27402877807617},"width":226.74794006347656,"sublayerTransform":[1,0,0,0,0,1,0,0,0,0,1,0,0,0,0,1],"contentsRect":{"y":0,"x":0,"width":1,"height":1},"opacity":1,"edgeAntialiasingMask":251658240,"height":101.32607269287109,"hidden":false,"anchorPoint":{"pointX":0.5,"pointY":0.5}},"layers":[{"animations":[],"layers":[],"texturedRectangle":{"singleTextureOpacity":1,"textXHeight":0,"shapePath":{"lineWidth":1,"flatness":0.59999999999999998,"lineCapStyle":0,"elements":[{"type":"MoveToPoint","points":[[33.508057418069825,8.110992431640625]]},{"type":"AddLine","points":[[196.80372541884424,8.110992431640625]]},{"type":"AddCurve","points":[[204.20631621390294,8.110992431640625],[208.64787069093813,8.110992431640625],[211.60890700896164,9.3471853582308881]]},{"type":"AddCurve","points":[[215.87749676192811,10.900824970604447],[219.24002891123155,14.263357119907823],[220.79366852360499,18.5319468728743]]},{"type":"AddCurve","points":[[222.02986145019531,21.492983190897803],[222.02986145019531,25.934537667933],[222.02986145019531,33.3371284629917]]},{"type":"AddLine","points":[[222.02986145019531,71.210929093160644]]},{"type":"AddCurve","points":[[222.02986145019531,78.613519888219344],[222.02986145019531,83.055074365254541],[220.79366852360499,86.016110683278043]]},{"type":"AddCurve","points":[[219.24002891123155,90.28470043624452],[215.87749676192811,93.647232585547954],[211.60890700896164,95.200872197921456]]},{"type":"AddCurve","points":[[208.64787069093813,96.437065124511719],[204.20631621390294,96.437065124511719],[196.80372541884424,96.437065124511719]]},{"type":"AddLine","points":[[33.508057418069825,96.437065124511719]]},{"type":"AddCurve","points":[[26.105466623011125,96.437065124511719],[21.663912145975928,96.437065124511719],[18.702875827952425,95.200872197921456]]},{"type":"AddCurve","points":[[14.434286074985948,93.647232585547954],[11.071753925682515,90.28470043624452],[9.51811431330907,86.016110683278043]]},{"type":"AddCurve","points":[[8.28192138671875,83.055074365254541],[8.28192138671875,78.613519888219344],[8.28192138671875,71.210929093160644]]},{"type":"AddLine","points":[[8.28192138671875,33.3371284629917]]},{"type":"AddCurve","points":[[8.28192138671875,25.934537667933],[8.28192138671875,21.492983190897803],[9.51811431330907,18.5319468728743]]},{"type":"AddCurve","points":[[11.071753925682515,14.263357119907823],[14.434286074985948,10.900824970604447],[18.702875827952425,9.3471853582308881]]},{"type":"AddCurve","points":[[21.663912145975928,8.110992431640625],[26.105466623011125,8.110992431640625],[33.508057418069825,8.110992431640625]]},{"type":"CloseSubpath"},{"type":"MoveToPoint","points":[[33.508057418069825,8.110992431640625]]}],"windingRule":0,"lineJoinStyle":0,"miterLimit":10},"isBackgroundTexture":true,"textBaseline":0,"isVerticalText":false,"textureType":5},"initialState":{"affineTransform":[1,0,0,1,0,0],"masksToBounds":false,"rotation":0,"scale":1,"position":{"pointX":113.37397003173828,"pointY":50.663036346435547},"width":230,"sublayerTransform":[1,0,0,0,0,1,0,0,0,0,1,0,0,0,0,1],"contentsRect":{"y":0,"x":0,"width":1,"height":1},"opacity":1,"edgeAntialiasingMask":0,"height":104,"hidden":false,"anchorPoint":{"pointX":0.50067778877590019,"pointY":0.50263489209688628}},"texture":"BB31197DA351E6EA36D26890CFA171F3"}]},{"animations":[],"initialState":{"affineTransform":[1,0,0,1,0,0],"masksToBounds":false,"rotation":0,"scale":1,"position":{"pointX":543.97635650634766,"pointY":459.16428756713867},"width":226.74794006347656,"sublayerTransform":[1,0,0,0,0,1,0,0,0,0,1,0,0,0,0,1],"contentsRect":{"y":0,"x":0,"width":1,"height":1},"opacity":1,"edgeAntialiasingMask":251658240,"height":101.32607269287109,"hidden":false,"anchorPoint":{"pointX":0.5,"pointY":0.5}},"layers":[{"animations":[],"layers":[],"texturedRectangle":{"singleTextureOpacity":1,"textXHeight":0,"shapePath":{"lineWidth":1,"flatness":0.59999999999999998,"lineCapStyle":0,"elements":[{"type":"MoveToPoint","points":[[31.032361474609388,8.001251220703125]]},{"type":"AddLine","points":[[198.92035153808592,8.001251220703125]]},{"type":"AddCurve","points":[[205.64913559185356,8.001251220703125],[209.68640602411404,8.001251220703125],[212.37791964562109,9.1249220384083856]]},{"type":"AddCurve","points":[[216.25796913869976,10.537144561368677],[219.31443319742039,13.593608620089356],[220.72665572038068,17.473658113168028]]},{"type":"AddCurve","points":[[221.85032653808594,20.165171734675027],[221.85032653808594,24.202442166935555],[221.85032653808594,30.931226220703138]]},{"type":"AddLine","points":[[221.85032653808594,73.397348913574206]]},{"type":"AddCurve","points":[[221.85032653808594,80.126132967341789],[221.85032653808594,84.163403399602316],[220.72665572038068,86.854917021109316]]},{"type":"AddCurve","points":[[219.31443319742039,90.734966514188045],[216.25796913869976,93.791430572908666],[212.37791964562109,95.203653095868958]]},{"type":"AddCurve","points":[[209.68640602411404,96.327323913574219],[205.64913559185356,96.327323913574219],[198.92035153808592,96.327323913574219]]},{"type":"AddLine","points":[[31.032361474609388,96.327323913574219]]},{"type":"AddCurve","points":[[24.303577420841805,96.327323913574219],[20.266306988581277,96.327323913574219],[17.574793367074278,95.203653095868958]]},{"type":"AddCurve","points":[[13.694743873995606,93.791430572908666],[10.638279815274927,90.734966514188045],[9.2260572923146356,86.854917021109316]]},{"type":"AddCurve","points":[[8.102386474609375,84.163403399602316],[8.102386474609375,80.126132967341789],[8.102386474609375,73.397348913574206]]},{"type":"AddLine","points":[[8.102386474609375,30.931226220703138]]},{"type":"AddCurve","points":[[8.102386474609375,24.202442166935555],[8.102386474609375,20.165171734675027],[9.2260572923146356,17.473658113168028]]},{"type":"AddCurve","points":[[10.638279815274927,13.593608620089356],[13.694743873995606,10.537144561368677],[17.574793367074278,9.1249220384083856]]},{"type":"AddCurve","points":[[20.266306988581277,8.001251220703125],[24.303577420841805,8.001251220703125],[31.032361474609388,8.001251220703125]]},{"type":"CloseSubpath"},{"type":"MoveToPoint","points":[[31.032361474609388,8.001251220703125]]}],"windingRule":0,"lineJoinStyle":0,"miterLimit":10},"isBackgroundTexture":true,"textBaseline":0,"isVerticalText":false,"textureType":5},"initialState":{"affineTransform":[1,0,0,1,0,0],"masksToBounds":false,"rotation":0,"scale":1,"position":{"pointX":113.37397003173828,"pointY":50.663036346435547},"width":230,"sublayerTransform":[1,0,0,0,0,1,0,0,0,0,1,0,0,0,0,1],"contentsRect":{"y":0,"x":0,"width":1,"height":1},"opacity":1,"edgeAntialiasingMask":0,"height":104,"hidden":false,"anchorPoint":{"pointX":0.49989720220151157,"pointY":0.5015796881455642}},"texture":"43E31FEC7B4819F39576D5342A6F7F08"}]},{"animations":[],"initialState":{"affineTransform":[1,0,0,1,0,0],"masksToBounds":false,"rotation":0,"scale":1,"position":{"pointX":511.73333740234375,"pointY":744.76794403791428},"width":26.791998575208709,"sublayerTransform":[1,0,0,0,0,1,0,0,0,0,1,0,0,0,0,1],"contentsRect":{"y":0,"x":0,"width":1,"height":1},"opacity":1,"edgeAntialiasingMask":251658240,"height":25.535888075828552,"hidden":false,"anchorPoint":{"pointX":0.5,"pointY":0.5}},"layers":[{"animations":[],"layers":[],"texturedRectangle":{"singleTextureOpacity":1,"textXHeight":0.55786666666666673,"textBaseline":0.87519531250000004,"isBackgroundTexture":true,"isVerticalText":false,"textColor":[0,0,0,1],"textureType":6},"initialState":{"affineTransform":[1,0,0,1,0,0],"masksToBounds":false,"rotation":0,"scale":1,"position":{"pointX":13.396000000000015,"pointY":12.7679443359375},"width":21,"sublayerTransform":[1,0,0,0,0,1,0,0,0,0,1,0,0,0,0,1],"contentsRect":{"y":0,"x":0,"width":1,"height":1},"opacity":1,"edgeAntialiasingMask":0,"height":15,"hidden":false,"anchorPoint":{"pointX":0.51111133879711479,"pointY":0.51786295572916663}},"texture":"E8B7E5F7EC0B3CC7EF38D86A432641B9"}]}]}}]}